model,pred_len,data_id,learning_rate,inner_lr,meta_lr,rec_lambda,auxi_lambda,rank_ratio,lradj,train_epochs,patience,batch_size,auxi_batch_size,warmup_steps,meta_inner_steps,overlap_ratio,num_tasks,max_norm,auxi_loss,first_order,auxi_mode,auxi_type,pca_dim,reinit,use_weights,sample_attn,mse,mae,exp_dir
Fredformer,96,ECL,0.001,0.001,0.1,0.2,0.8,0.5,TST,100,5,32,64,300,1,0.0,3,5.0,MAE,1,basis,pca,T,1,0,0,0.1435462236404419,0.23694077134132385,/mnt/tidalfs-bdsz01/dataset/llm_dataset/plc_data/TransDF/results/meta_tune/Fredformer_ECL_96_0.2_0.8_0.001_0.001_0.1_TST_100_5_32_64_0.5_5.0_3_0.0_1_MAE_1_300_basis_pca_T_1_0_0
Fredformer,96,ECL,0.001,0.001,0.1,0.2,0.8,0.5,TST,100,5,32,64,300,1,0.0,3,5.0,MAE,1,basis,pca,T,1,0,1,0.14406780898571014,0.2369290292263031,/mnt/tidalfs-bdsz01/dataset/llm_dataset/plc_data/TransDF/results/meta_tune/Fredformer_ECL_96_0.2_0.8_0.001_0.001_0.1_TST_100_5_32_64_0.5_5.0_3_0.0_1_MAE_1_300_basis_pca_T_1_0_1
Fredformer,96,ECL,0.001,0.001,0.1,0.2,0.8,0.5,TST,100,5,32,64,500,1,0.0,3,5.0,MAE,1,basis,pca,T,1,0,0,0.14488475024700165,0.23932063579559326,/mnt/tidalfs-bdsz01/dataset/llm_dataset/plc_data/TransDF/results/meta_tune/Fredformer_ECL_96_0.2_0.8_0.001_0.001_0.1_TST_100_5_32_64_0.5_5.0_3_0.0_1_MAE_1_500_basis_pca_T_1_0_0
Fredformer,96,ECL,0.001,0.001,0.1,0.2,0.8,0.5,TST,100,5,32,64,500,1,0.0,3,5.0,MAE,1,basis,pca,T,1,0,1,0.14380225539207458,0.23693762719631195,/mnt/tidalfs-bdsz01/dataset/llm_dataset/plc_data/TransDF/results/meta_tune/Fredformer_ECL_96_0.2_0.8_0.001_0.001_0.1_TST_100_5_32_64_0.5_5.0_3_0.0_1_MAE_1_500_basis_pca_T_1_0_1
Fredformer,96,ECL,0.001,0.001,0.1,0.2,0.8,0.5,TST,100,5,32,64,700,1,0.0,3,5.0,MAE,1,basis,pca,T,1,0,0,0.14539851248264313,0.24017420411109924,/mnt/tidalfs-bdsz01/dataset/llm_dataset/plc_data/TransDF/results/meta_tune/Fredformer_ECL_96_0.2_0.8_0.001_0.001_0.1_TST_100_5_32_64_0.5_5.0_3_0.0_1_MAE_1_700_basis_pca_T_1_0_0
Fredformer,96,ECL,0.001,0.001,0.1,0.2,0.8,0.5,TST,100,5,32,64,700,1,0.0,3,5.0,MAE,1,basis,pca,T,1,0,1,0.14495666325092316,0.23722223937511444,/mnt/tidalfs-bdsz01/dataset/llm_dataset/plc_data/TransDF/results/meta_tune/Fredformer_ECL_96_0.2_0.8_0.001_0.001_0.1_TST_100_5_32_64_0.5_5.0_3_0.0_1_MAE_1_700_basis_pca_T_1_0_1
Fredformer,96,ECL,0.001,0.001,0.1,0.2,0.8,1.0,TST,100,5,32,64,300,1,0.0,3,5.0,MAE,1,basis,pca,T,1,0,0,0.14508099853992462,0.2392716407775879,/mnt/tidalfs-bdsz01/dataset/llm_dataset/plc_data/TransDF/results/meta_tune/Fredformer_ECL_96_0.2_0.8_0.001_0.001_0.1_TST_100_5_32_64_1.0_5.0_3_0.0_1_MAE_1_300_basis_pca_T_1_0_0
Fredformer,96,ECL,0.001,0.001,0.1,0.2,0.8,1.0,TST,100,5,32,64,300,1,0.0,3,5.0,MAE,1,basis,pca,T,1,0,1,0.14516504108905792,0.2384657859802246,/mnt/tidalfs-bdsz01/dataset/llm_dataset/plc_data/TransDF/results/meta_tune/Fredformer_ECL_96_0.2_0.8_0.001_0.001_0.1_TST_100_5_32_64_1.0_5.0_3_0.0_1_MAE_1_300_basis_pca_T_1_0_1
Fredformer,96,ECL,0.001,0.001,0.1,0.2,0.8,1.0,TST,100,5,32,64,500,1,0.0,3,5.0,MAE,1,basis,pca,T,1,0,0,0.1440879851579666,0.23789721727371216,/mnt/tidalfs-bdsz01/dataset/llm_dataset/plc_data/TransDF/results/meta_tune/Fredformer_ECL_96_0.2_0.8_0.001_0.001_0.1_TST_100_5_32_64_1.0_5.0_3_0.0_1_MAE_1_500_basis_pca_T_1_0_0
Fredformer,96,ECL,0.001,0.001,0.1,0.2,0.8,1.0,TST,100,5,32,64,500,1,0.0,3,5.0,MAE,1,basis,pca,T,1,0,1,0.14333653450012207,0.23565611243247986,/mnt/tidalfs-bdsz01/dataset/llm_dataset/plc_data/TransDF/results/meta_tune/Fredformer_ECL_96_0.2_0.8_0.001_0.001_0.1_TST_100_5_32_64_1.0_5.0_3_0.0_1_MAE_1_500_basis_pca_T_1_0_1
Fredformer,96,ECL,0.001,0.001,0.1,0.2,0.8,1.0,TST,100,5,32,64,700,1,0.0,3,5.0,MAE,1,basis,pca,T,1,0,0,0.14424969255924225,0.23783420026302338,/mnt/tidalfs-bdsz01/dataset/llm_dataset/plc_data/TransDF/results/meta_tune/Fredformer_ECL_96_0.2_0.8_0.001_0.001_0.1_TST_100_5_32_64_1.0_5.0_3_0.0_1_MAE_1_700_basis_pca_T_1_0_0
Fredformer,96,ECL,0.001,0.001,0.1,0.2,0.8,1.0,TST,100,5,32,64,700,1,0.0,3,5.0,MAE,1,basis,pca,T,1,0,1,0.14299947023391724,0.23516876995563507,/mnt/tidalfs-bdsz01/dataset/llm_dataset/plc_data/TransDF/results/meta_tune/Fredformer_ECL_96_0.2_0.8_0.001_0.001_0.1_TST_100_5_32_64_1.0_5.0_3_0.0_1_MAE_1_700_basis_pca_T_1_0_1
Fredformer,96,ECL,0.01,0.01,0.1,0.2,0.8,0.5,TST,100,5,32,64,300,1,0.0,3,5.0,MAE,1,basis,pca,T,1,0,0,0.17210155725479126,0.27029168605804443,/mnt/tidalfs-bdsz01/dataset/llm_dataset/plc_data/TransDF/results/meta_tune/Fredformer_ECL_96_0.2_0.8_0.01_0.01_0.1_TST_100_5_32_64_0.5_5.0_3_0.0_1_MAE_1_300_basis_pca_T_1_0_0
Fredformer,96,ECL,0.01,0.01,0.1,0.2,0.8,0.5,TST,100,5,32,64,300,1,0.0,3,5.0,MAE,1,basis,pca,T,1,0,1,0.1552242785692215,0.24927538633346558,/mnt/tidalfs-bdsz01/dataset/llm_dataset/plc_data/TransDF/results/meta_tune/Fredformer_ECL_96_0.2_0.8_0.01_0.01_0.1_TST_100_5_32_64_0.5_5.0_3_0.0_1_MAE_1_300_basis_pca_T_1_0_1
Fredformer,96,ECL,0.01,0.01,0.1,0.2,0.8,0.5,TST,100,5,32,64,500,1,0.0,3,5.0,MAE,1,basis,pca,T,1,0,0,0.17146334052085876,0.26887208223342896,/mnt/tidalfs-bdsz01/dataset/llm_dataset/plc_data/TransDF/results/meta_tune/Fredformer_ECL_96_0.2_0.8_0.01_0.01_0.1_TST_100_5_32_64_0.5_5.0_3_0.0_1_MAE_1_500_basis_pca_T_1_0_0
Fredformer,96,ECL,0.01,0.01,0.1,0.2,0.8,0.5,TST,100,5,32,64,500,1,0.0,3,5.0,MAE,1,basis,pca,T,1,0,1,0.15591806173324585,0.25033482909202576,/mnt/tidalfs-bdsz01/dataset/llm_dataset/plc_data/TransDF/results/meta_tune/Fredformer_ECL_96_0.2_0.8_0.01_0.01_0.1_TST_100_5_32_64_0.5_5.0_3_0.0_1_MAE_1_500_basis_pca_T_1_0_1
Fredformer,96,ECL,0.01,0.01,0.1,0.2,0.8,0.5,TST,100,5,32,64,700,1,0.0,3,5.0,MAE,1,basis,pca,T,1,0,0,0.1721438318490982,0.2700444757938385,/mnt/tidalfs-bdsz01/dataset/llm_dataset/plc_data/TransDF/results/meta_tune/Fredformer_ECL_96_0.2_0.8_0.01_0.01_0.1_TST_100_5_32_64_0.5_5.0_3_0.0_1_MAE_1_700_basis_pca_T_1_0_0
Fredformer,96,ECL,0.01,0.01,0.1,0.2,0.8,0.5,TST,100,5,32,64,700,1,0.0,3,5.0,MAE,1,basis,pca,T,1,0,1,0.1548769176006317,0.24964147806167603,/mnt/tidalfs-bdsz01/dataset/llm_dataset/plc_data/TransDF/results/meta_tune/Fredformer_ECL_96_0.2_0.8_0.01_0.01_0.1_TST_100_5_32_64_0.5_5.0_3_0.0_1_MAE_1_700_basis_pca_T_1_0_1
Fredformer,96,ECL,0.01,0.01,0.1,0.2,0.8,1.0,TST,100,5,32,64,300,1,0.0,3,5.0,MAE,1,basis,pca,T,1,0,0,0.15750786662101746,0.2545543313026428,/mnt/tidalfs-bdsz01/dataset/llm_dataset/plc_data/TransDF/results/meta_tune/Fredformer_ECL_96_0.2_0.8_0.01_0.01_0.1_TST_100_5_32_64_1.0_5.0_3_0.0_1_MAE_1_300_basis_pca_T_1_0_0
Fredformer,96,ECL,0.01,0.01,0.1,0.2,0.8,1.0,TST,100,5,32,64,300,1,0.0,3,5.0,MAE,1,basis,pca,T,1,0,1,0.1544608473777771,0.2496415078639984,/mnt/tidalfs-bdsz01/dataset/llm_dataset/plc_data/TransDF/results/meta_tune/Fredformer_ECL_96_0.2_0.8_0.01_0.01_0.1_TST_100_5_32_64_1.0_5.0_3_0.0_1_MAE_1_300_basis_pca_T_1_0_1
Fredformer,96,ECL,0.01,0.01,0.1,0.2,0.8,1.0,TST,100,5,32,64,500,1,0.0,3,5.0,MAE,1,basis,pca,T,1,0,0,0.16485734283924103,0.26386672258377075,/mnt/tidalfs-bdsz01/dataset/llm_dataset/plc_data/TransDF/results/meta_tune/Fredformer_ECL_96_0.2_0.8_0.01_0.01_0.1_TST_100_5_32_64_1.0_5.0_3_0.0_1_MAE_1_500_basis_pca_T_1_0_0
Fredformer,96,ECL,0.01,0.01,0.1,0.2,0.8,1.0,TST,100,5,32,64,500,1,0.0,3,5.0,MAE,1,basis,pca,T,1,0,1,0.15467888116836548,0.2498847246170044,/mnt/tidalfs-bdsz01/dataset/llm_dataset/plc_data/TransDF/results/meta_tune/Fredformer_ECL_96_0.2_0.8_0.01_0.01_0.1_TST_100_5_32_64_1.0_5.0_3_0.0_1_MAE_1_500_basis_pca_T_1_0_1
Fredformer,96,ECL,0.01,0.01,0.1,0.2,0.8,1.0,TST,100,5,32,64,700,1,0.0,3,5.0,MAE,1,basis,pca,T,1,0,0,0.16588865220546722,0.2630038261413574,/mnt/tidalfs-bdsz01/dataset/llm_dataset/plc_data/TransDF/results/meta_tune/Fredformer_ECL_96_0.2_0.8_0.01_0.01_0.1_TST_100_5_32_64_1.0_5.0_3_0.0_1_MAE_1_700_basis_pca_T_1_0_0
Fredformer,96,ECL,0.01,0.01,0.1,0.2,0.8,1.0,TST,100,5,32,64,700,1,0.0,3,5.0,MAE,1,basis,pca,T,1,0,1,0.15469571948051453,0.24863854050636292,/mnt/tidalfs-bdsz01/dataset/llm_dataset/plc_data/TransDF/results/meta_tune/Fredformer_ECL_96_0.2_0.8_0.01_0.01_0.1_TST_100_5_32_64_1.0_5.0_3_0.0_1_MAE_1_700_basis_pca_T_1_0_1
Fredformer,96,ECL,0.001,0.001,0.1,0.3,0.7,0.5,TST,100,5,32,64,300,1,0.0,3,5.0,MAE,1,basis,pca,T,1,0,0,0.14464837312698364,0.23782239854335785,/mnt/tidalfs-bdsz01/dataset/llm_dataset/plc_data/TransDF/results/meta_tune/Fredformer_ECL_96_0.3_0.7_0.001_0.001_0.1_TST_100_5_32_64_0.5_5.0_3_0.0_1_MAE_1_300_basis_pca_T_1_0_0
Fredformer,96,ECL,0.001,0.001,0.1,0.3,0.7,0.5,TST,100,5,32,64,300,1,0.0,3,5.0,MAE,1,basis,pca,T,1,0,1,0.14520473778247833,0.23873870074748993,/mnt/tidalfs-bdsz01/dataset/llm_dataset/plc_data/TransDF/results/meta_tune/Fredformer_ECL_96_0.3_0.7_0.001_0.001_0.1_TST_100_5_32_64_0.5_5.0_3_0.0_1_MAE_1_300_basis_pca_T_1_0_1
Fredformer,96,ECL,0.001,0.001,0.1,0.3,0.7,0.5,TST,100,5,32,64,500,1,0.0,3,5.0,MAE,1,basis,pca,T,1,0,0,0.14479511976242065,0.23847492039203644,/mnt/tidalfs-bdsz01/dataset/llm_dataset/plc_data/TransDF/results/meta_tune/Fredformer_ECL_96_0.3_0.7_0.001_0.001_0.1_TST_100_5_32_64_0.5_5.0_3_0.0_1_MAE_1_500_basis_pca_T_1_0_0
Fredformer,96,ECL,0.001,0.001,0.1,0.3,0.7,0.5,TST,100,5,32,64,500,1,0.0,3,5.0,MAE,1,basis,pca,T,1,0,1,0.1445079743862152,0.23712512850761414,/mnt/tidalfs-bdsz01/dataset/llm_dataset/plc_data/TransDF/results/meta_tune/Fredformer_ECL_96_0.3_0.7_0.001_0.001_0.1_TST_100_5_32_64_0.5_5.0_3_0.0_1_MAE_1_500_basis_pca_T_1_0_1
Fredformer,96,ECL,0.001,0.001,0.1,0.3,0.7,0.5,TST,100,5,32,64,700,1,0.0,3,5.0,MAE,1,basis,pca,T,1,0,0,0.1449011117219925,0.2393592894077301,/mnt/tidalfs-bdsz01/dataset/llm_dataset/plc_data/TransDF/results/meta_tune/Fredformer_ECL_96_0.3_0.7_0.001_0.001_0.1_TST_100_5_32_64_0.5_5.0_3_0.0_1_MAE_1_700_basis_pca_T_1_0_0
Fredformer,96,ECL,0.001,0.001,0.1,0.3,0.7,0.5,TST,100,5,32,64,700,1,0.0,3,5.0,MAE,1,basis,pca,T,1,0,1,0.14444342255592346,0.23672044277191162,/mnt/tidalfs-bdsz01/dataset/llm_dataset/plc_data/TransDF/results/meta_tune/Fredformer_ECL_96_0.3_0.7_0.001_0.001_0.1_TST_100_5_32_64_0.5_5.0_3_0.0_1_MAE_1_700_basis_pca_T_1_0_1
Fredformer,96,ECL,0.001,0.001,0.1,0.3,0.7,1.0,TST,100,5,32,64,300,1,0.0,3,5.0,MAE,1,basis,pca,T,1,0,0,0.14448252320289612,0.23827624320983887,/mnt/tidalfs-bdsz01/dataset/llm_dataset/plc_data/TransDF/results/meta_tune/Fredformer_ECL_96_0.3_0.7_0.001_0.001_0.1_TST_100_5_32_64_1.0_5.0_3_0.0_1_MAE_1_300_basis_pca_T_1_0_0
Fredformer,96,ECL,0.001,0.001,0.1,0.3,0.7,1.0,TST,100,5,32,64,300,1,0.0,3,5.0,MAE,1,basis,pca,T,1,0,1,0.14356468617916107,0.2360319048166275,/mnt/tidalfs-bdsz01/dataset/llm_dataset/plc_data/TransDF/results/meta_tune/Fredformer_ECL_96_0.3_0.7_0.001_0.001_0.1_TST_100_5_32_64_1.0_5.0_3_0.0_1_MAE_1_300_basis_pca_T_1_0_1
Fredformer,96,ECL,0.001,0.001,0.1,0.3,0.7,1.0,TST,100,5,32,64,500,1,0.0,3,5.0,MAE,1,basis,pca,T,1,0,0,0.1444120705127716,0.23791007697582245,/mnt/tidalfs-bdsz01/dataset/llm_dataset/plc_data/TransDF/results/meta_tune/Fredformer_ECL_96_0.3_0.7_0.001_0.001_0.1_TST_100_5_32_64_1.0_5.0_3_0.0_1_MAE_1_500_basis_pca_T_1_0_0
Fredformer,96,ECL,0.001,0.001,0.1,0.3,0.7,1.0,TST,100,5,32,64,500,1,0.0,3,5.0,MAE,1,basis,pca,T,1,0,1,0.1440882831811905,0.23709583282470703,/mnt/tidalfs-bdsz01/dataset/llm_dataset/plc_data/TransDF/results/meta_tune/Fredformer_ECL_96_0.3_0.7_0.001_0.001_0.1_TST_100_5_32_64_1.0_5.0_3_0.0_1_MAE_1_500_basis_pca_T_1_0_1
Fredformer,96,ECL,0.001,0.001,0.1,0.3,0.7,1.0,TST,100,5,32,64,700,1,0.0,3,5.0,MAE,1,basis,pca,T,1,0,0,0.14481250941753387,0.2383754551410675,/mnt/tidalfs-bdsz01/dataset/llm_dataset/plc_data/TransDF/results/meta_tune/Fredformer_ECL_96_0.3_0.7_0.001_0.001_0.1_TST_100_5_32_64_1.0_5.0_3_0.0_1_MAE_1_700_basis_pca_T_1_0_0
Fredformer,96,ECL,0.001,0.001,0.1,0.3,0.7,1.0,TST,100,5,32,64,700,1,0.0,3,5.0,MAE,1,basis,pca,T,1,0,1,0.14429886639118195,0.23733505606651306,/mnt/tidalfs-bdsz01/dataset/llm_dataset/plc_data/TransDF/results/meta_tune/Fredformer_ECL_96_0.3_0.7_0.001_0.001_0.1_TST_100_5_32_64_1.0_5.0_3_0.0_1_MAE_1_700_basis_pca_T_1_0_1
Fredformer,96,ECL,0.01,0.01,0.1,0.3,0.7,0.5,TST,100,5,32,64,300,1,0.0,3,5.0,MAE,1,basis,pca,T,1,0,0,0.16620522737503052,0.26429009437561035,/mnt/tidalfs-bdsz01/dataset/llm_dataset/plc_data/TransDF/results/meta_tune/Fredformer_ECL_96_0.3_0.7_0.01_0.01_0.1_TST_100_5_32_64_0.5_5.0_3_0.0_1_MAE_1_300_basis_pca_T_1_0_0
Fredformer,96,ECL,0.01,0.01,0.1,0.3,0.7,0.5,TST,100,5,32,64,300,1,0.0,3,5.0,MAE,1,basis,pca,T,1,0,1,0.15611018240451813,0.25080353021621704,/mnt/tidalfs-bdsz01/dataset/llm_dataset/plc_data/TransDF/results/meta_tune/Fredformer_ECL_96_0.3_0.7_0.01_0.01_0.1_TST_100_5_32_64_0.5_5.0_3_0.0_1_MAE_1_300_basis_pca_T_1_0_1
Fredformer,96,ECL,0.01,0.01,0.1,0.3,0.7,0.5,TST,100,5,32,64,500,1,0.0,3,5.0,MAE,1,basis,pca,T,1,0,0,0.16753003001213074,0.26599404215812683,/mnt/tidalfs-bdsz01/dataset/llm_dataset/plc_data/TransDF/results/meta_tune/Fredformer_ECL_96_0.3_0.7_0.01_0.01_0.1_TST_100_5_32_64_0.5_5.0_3_0.0_1_MAE_1_500_basis_pca_T_1_0_0
Fredformer,96,ECL,0.01,0.01,0.1,0.3,0.7,0.5,TST,100,5,32,64,500,1,0.0,3,5.0,MAE,1,basis,pca,T,1,0,1,0.1557539403438568,0.25028669834136963,/mnt/tidalfs-bdsz01/dataset/llm_dataset/plc_data/TransDF/results/meta_tune/Fredformer_ECL_96_0.3_0.7_0.01_0.01_0.1_TST_100_5_32_64_0.5_5.0_3_0.0_1_MAE_1_500_basis_pca_T_1_0_1
Fredformer,96,ECL,0.01,0.01,0.1,0.3,0.7,0.5,TST,100,5,32,64,700,1,0.0,3,5.0,MAE,1,basis,pca,T,1,0,0,0.16742558777332306,0.2641791105270386,/mnt/tidalfs-bdsz01/dataset/llm_dataset/plc_data/TransDF/results/meta_tune/Fredformer_ECL_96_0.3_0.7_0.01_0.01_0.1_TST_100_5_32_64_0.5_5.0_3_0.0_1_MAE_1_700_basis_pca_T_1_0_0
Fredformer,96,ECL,0.01,0.01,0.1,0.3,0.7,0.5,TST,100,5,32,64,700,1,0.0,3,5.0,MAE,1,basis,pca,T,1,0,1,0.15512920916080475,0.24955116212368011,/mnt/tidalfs-bdsz01/dataset/llm_dataset/plc_data/TransDF/results/meta_tune/Fredformer_ECL_96_0.3_0.7_0.01_0.01_0.1_TST_100_5_32_64_0.5_5.0_3_0.0_1_MAE_1_700_basis_pca_T_1_0_1
Fredformer,96,ECL,0.01,0.01,0.1,0.3,0.7,1.0,TST,100,5,32,64,300,1,0.0,3,5.0,MAE,1,basis,pca,T,1,0,0,0.15936146676540375,0.2565668225288391,/mnt/tidalfs-bdsz01/dataset/llm_dataset/plc_data/TransDF/results/meta_tune/Fredformer_ECL_96_0.3_0.7_0.01_0.01_0.1_TST_100_5_32_64_1.0_5.0_3_0.0_1_MAE_1_300_basis_pca_T_1_0_0
Fredformer,96,ECL,0.01,0.01,0.1,0.3,0.7,1.0,TST,100,5,32,64,300,1,0.0,3,5.0,MAE,1,basis,pca,T,1,0,1,0.15421698987483978,0.24986140429973602,/mnt/tidalfs-bdsz01/dataset/llm_dataset/plc_data/TransDF/results/meta_tune/Fredformer_ECL_96_0.3_0.7_0.01_0.01_0.1_TST_100_5_32_64_1.0_5.0_3_0.0_1_MAE_1_300_basis_pca_T_1_0_1
Fredformer,96,ECL,0.01,0.01,0.1,0.3,0.7,1.0,TST,100,5,32,64,500,1,0.0,3,5.0,MAE,1,basis,pca,T,1,0,0,0.16156169772148132,0.2559826374053955,/mnt/tidalfs-bdsz01/dataset/llm_dataset/plc_data/TransDF/results/meta_tune/Fredformer_ECL_96_0.3_0.7_0.01_0.01_0.1_TST_100_5_32_64_1.0_5.0_3_0.0_1_MAE_1_500_basis_pca_T_1_0_0
Fredformer,96,ECL,0.01,0.01,0.1,0.3,0.7,1.0,TST,100,5,32,64,500,1,0.0,3,5.0,MAE,1,basis,pca,T,1,0,1,0.1554158329963684,0.2514132559299469,/mnt/tidalfs-bdsz01/dataset/llm_dataset/plc_data/TransDF/results/meta_tune/Fredformer_ECL_96_0.3_0.7_0.01_0.01_0.1_TST_100_5_32_64_1.0_5.0_3_0.0_1_MAE_1_500_basis_pca_T_1_0_1
Fredformer,96,ECL,0.01,0.01,0.1,0.3,0.7,1.0,TST,100,5,32,64,700,1,0.0,3,5.0,MAE,1,basis,pca,T,1,0,0,0.16637761890888214,0.2640855014324188,/mnt/tidalfs-bdsz01/dataset/llm_dataset/plc_data/TransDF/results/meta_tune/Fredformer_ECL_96_0.3_0.7_0.01_0.01_0.1_TST_100_5_32_64_1.0_5.0_3_0.0_1_MAE_1_700_basis_pca_T_1_0_0
Fredformer,96,ECL,0.01,0.01,0.1,0.3,0.7,1.0,TST,100,5,32,64,700,1,0.0,3,5.0,MAE,1,basis,pca,T,1,0,1,0.1546839028596878,0.2496868222951889,/mnt/tidalfs-bdsz01/dataset/llm_dataset/plc_data/TransDF/results/meta_tune/Fredformer_ECL_96_0.3_0.7_0.01_0.01_0.1_TST_100_5_32_64_1.0_5.0_3_0.0_1_MAE_1_700_basis_pca_T_1_0_1
Fredformer,192,ECL,0.001,0.001,0.1,0.2,0.8,0.5,TST,100,5,32,64,300,1,0.0,3,5.0,MAE,1,basis,pca,T,1,0,0,0.15884371101856232,0.2527093291282654,/mnt/tidalfs-bdsz01/dataset/llm_dataset/plc_data/TransDF/results/meta_tune/Fredformer_ECL_192_0.2_0.8_0.001_0.001_0.1_TST_100_5_32_64_0.5_5.0_3_0.0_1_MAE_1_300_basis_pca_T_1_0_0
Fredformer,192,ECL,0.001,0.001,0.1,0.2,0.8,0.5,TST,100,5,32,64,300,1,0.0,3,5.0,MAE,1,basis,pca,T,1,0,1,0.1599864661693573,0.2518742084503174,/mnt/tidalfs-bdsz01/dataset/llm_dataset/plc_data/TransDF/results/meta_tune/Fredformer_ECL_192_0.2_0.8_0.001_0.001_0.1_TST_100_5_32_64_0.5_5.0_3_0.0_1_MAE_1_300_basis_pca_T_1_0_1
Fredformer,192,ECL,0.001,0.001,0.1,0.2,0.8,0.5,TST,100,5,32,64,500,1,0.0,3,5.0,MAE,1,basis,pca,T,1,0,0,0.1597120612859726,0.2531801164150238,/mnt/tidalfs-bdsz01/dataset/llm_dataset/plc_data/TransDF/results/meta_tune/Fredformer_ECL_192_0.2_0.8_0.001_0.001_0.1_TST_100_5_32_64_0.5_5.0_3_0.0_1_MAE_1_500_basis_pca_T_1_0_0
Fredformer,192,ECL,0.001,0.001,0.1,0.2,0.8,0.5,TST,100,5,32,64,500,1,0.0,3,5.0,MAE,1,basis,pca,T,1,0,1,0.15990056097507477,0.25214463472366333,/mnt/tidalfs-bdsz01/dataset/llm_dataset/plc_data/TransDF/results/meta_tune/Fredformer_ECL_192_0.2_0.8_0.001_0.001_0.1_TST_100_5_32_64_0.5_5.0_3_0.0_1_MAE_1_500_basis_pca_T_1_0_1
Fredformer,192,ECL,0.001,0.001,0.1,0.2,0.8,0.5,TST,100,5,32,64,700,1,0.0,3,5.0,MAE,1,basis,pca,T,1,0,0,0.1643301099538803,0.259002149105072,/mnt/tidalfs-bdsz01/dataset/llm_dataset/plc_data/TransDF/results/meta_tune/Fredformer_ECL_192_0.2_0.8_0.001_0.001_0.1_TST_100_5_32_64_0.5_5.0_3_0.0_1_MAE_1_700_basis_pca_T_1_0_0
Fredformer,192,ECL,0.001,0.001,0.1,0.2,0.8,0.5,TST,100,5,32,64,700,1,0.0,3,5.0,MAE,1,basis,pca,T,1,0,1,0.15890517830848694,0.2511027157306671,/mnt/tidalfs-bdsz01/dataset/llm_dataset/plc_data/TransDF/results/meta_tune/Fredformer_ECL_192_0.2_0.8_0.001_0.001_0.1_TST_100_5_32_64_0.5_5.0_3_0.0_1_MAE_1_700_basis_pca_T_1_0_1
Fredformer,192,ECL,0.001,0.001,0.1,0.2,0.8,1.0,TST,100,5,32,64,300,1,0.0,3,5.0,MAE,1,basis,pca,T,1,0,0,0.1583668738603592,0.2508707344532013,/mnt/tidalfs-bdsz01/dataset/llm_dataset/plc_data/TransDF/results/meta_tune/Fredformer_ECL_192_0.2_0.8_0.001_0.001_0.1_TST_100_5_32_64_1.0_5.0_3_0.0_1_MAE_1_300_basis_pca_T_1_0_0
Fredformer,192,ECL,0.001,0.001,0.1,0.2,0.8,1.0,TST,100,5,32,64,300,1,0.0,3,5.0,MAE,1,basis,pca,T,1,0,1,0.15980927646160126,0.25218212604522705,/mnt/tidalfs-bdsz01/dataset/llm_dataset/plc_data/TransDF/results/meta_tune/Fredformer_ECL_192_0.2_0.8_0.001_0.001_0.1_TST_100_5_32_64_1.0_5.0_3_0.0_1_MAE_1_300_basis_pca_T_1_0_1
Fredformer,192,ECL,0.001,0.001,0.1,0.2,0.8,1.0,TST,100,5,32,64,500,1,0.0,3,5.0,MAE,1,basis,pca,T,1,0,0,0.15978069603443146,0.2532269358634949,/mnt/tidalfs-bdsz01/dataset/llm_dataset/plc_data/TransDF/results/meta_tune/Fredformer_ECL_192_0.2_0.8_0.001_0.001_0.1_TST_100_5_32_64_1.0_5.0_3_0.0_1_MAE_1_500_basis_pca_T_1_0_0
Fredformer,192,ECL,0.001,0.001,0.1,0.2,0.8,1.0,TST,100,5,32,64,500,1,0.0,3,5.0,MAE,1,basis,pca,T,1,0,1,0.1590610295534134,0.250516802072525,/mnt/tidalfs-bdsz01/dataset/llm_dataset/plc_data/TransDF/results/meta_tune/Fredformer_ECL_192_0.2_0.8_0.001_0.001_0.1_TST_100_5_32_64_1.0_5.0_3_0.0_1_MAE_1_500_basis_pca_T_1_0_1
Fredformer,192,ECL,0.001,0.001,0.1,0.2,0.8,1.0,TST,100,5,32,64,700,1,0.0,3,5.0,MAE,1,basis,pca,T,1,0,0,0.1613231748342514,0.25421637296676636,/mnt/tidalfs-bdsz01/dataset/llm_dataset/plc_data/TransDF/results/meta_tune/Fredformer_ECL_192_0.2_0.8_0.001_0.001_0.1_TST_100_5_32_64_1.0_5.0_3_0.0_1_MAE_1_700_basis_pca_T_1_0_0
Fredformer,192,ECL,0.001,0.001,0.1,0.2,0.8,1.0,TST,100,5,32,64,700,1,0.0,3,5.0,MAE,1,basis,pca,T,1,0,1,0.15967196226119995,0.25127527117729187,/mnt/tidalfs-bdsz01/dataset/llm_dataset/plc_data/TransDF/results/meta_tune/Fredformer_ECL_192_0.2_0.8_0.001_0.001_0.1_TST_100_5_32_64_1.0_5.0_3_0.0_1_MAE_1_700_basis_pca_T_1_0_1
Fredformer,192,ECL,0.01,0.01,0.1,0.2,0.8,0.5,TST,100,5,32,64,300,1,0.0,3,5.0,MAE,1,basis,pca,T,1,0,0,0.18481382727622986,0.27997463941574097,/mnt/tidalfs-bdsz01/dataset/llm_dataset/plc_data/TransDF/results/meta_tune/Fredformer_ECL_192_0.2_0.8_0.01_0.01_0.1_TST_100_5_32_64_0.5_5.0_3_0.0_1_MAE_1_300_basis_pca_T_1_0_0
Fredformer,192,ECL,0.01,0.01,0.1,0.2,0.8,0.5,TST,100,5,32,64,300,1,0.0,3,5.0,MAE,1,basis,pca,T,1,0,1,0.16974955797195435,0.26432710886001587,/mnt/tidalfs-bdsz01/dataset/llm_dataset/plc_data/TransDF/results/meta_tune/Fredformer_ECL_192_0.2_0.8_0.01_0.01_0.1_TST_100_5_32_64_0.5_5.0_3_0.0_1_MAE_1_300_basis_pca_T_1_0_1
Fredformer,192,ECL,0.01,0.01,0.1,0.2,0.8,0.5,TST,100,5,32,64,500,1,0.0,3,5.0,MAE,1,basis,pca,T,1,0,0,0.1852564662694931,0.2792762815952301,/mnt/tidalfs-bdsz01/dataset/llm_dataset/plc_data/TransDF/results/meta_tune/Fredformer_ECL_192_0.2_0.8_0.01_0.01_0.1_TST_100_5_32_64_0.5_5.0_3_0.0_1_MAE_1_500_basis_pca_T_1_0_0
Fredformer,192,ECL,0.01,0.01,0.1,0.2,0.8,0.5,TST,100,5,32,64,500,1,0.0,3,5.0,MAE,1,basis,pca,T,1,0,1,0.16970771551132202,0.2624177932739258,/mnt/tidalfs-bdsz01/dataset/llm_dataset/plc_data/TransDF/results/meta_tune/Fredformer_ECL_192_0.2_0.8_0.01_0.01_0.1_TST_100_5_32_64_0.5_5.0_3_0.0_1_MAE_1_500_basis_pca_T_1_0_1
Fredformer,192,ECL,0.01,0.01,0.1,0.2,0.8,0.5,TST,100,5,32,64,700,1,0.0,3,5.0,MAE,1,basis,pca,T,1,0,0,0.18641693890094757,0.28235068917274475,/mnt/tidalfs-bdsz01/dataset/llm_dataset/plc_data/TransDF/results/meta_tune/Fredformer_ECL_192_0.2_0.8_0.01_0.01_0.1_TST_100_5_32_64_0.5_5.0_3_0.0_1_MAE_1_700_basis_pca_T_1_0_0
Fredformer,192,ECL,0.01,0.01,0.1,0.2,0.8,0.5,TST,100,5,32,64,700,1,0.0,3,5.0,MAE,1,basis,pca,T,1,0,1,0.16948378086090088,0.2628133296966553,/mnt/tidalfs-bdsz01/dataset/llm_dataset/plc_data/TransDF/results/meta_tune/Fredformer_ECL_192_0.2_0.8_0.01_0.01_0.1_TST_100_5_32_64_0.5_5.0_3_0.0_1_MAE_1_700_basis_pca_T_1_0_1
Fredformer,192,ECL,0.01,0.01,0.1,0.2,0.8,1.0,TST,100,5,32,64,300,1,0.0,3,5.0,MAE,1,basis,pca,T,1,0,0,0.17200927436351776,0.2651403546333313,/mnt/tidalfs-bdsz01/dataset/llm_dataset/plc_data/TransDF/results/meta_tune/Fredformer_ECL_192_0.2_0.8_0.01_0.01_0.1_TST_100_5_32_64_1.0_5.0_3_0.0_1_MAE_1_300_basis_pca_T_1_0_0
Fredformer,192,ECL,0.01,0.01,0.1,0.2,0.8,1.0,TST,100,5,32,64,300,1,0.0,3,5.0,MAE,1,basis,pca,T,1,0,1,0.1693117618560791,0.2609156370162964,/mnt/tidalfs-bdsz01/dataset/llm_dataset/plc_data/TransDF/results/meta_tune/Fredformer_ECL_192_0.2_0.8_0.01_0.01_0.1_TST_100_5_32_64_1.0_5.0_3_0.0_1_MAE_1_300_basis_pca_T_1_0_1
Fredformer,192,ECL,0.01,0.01,0.1,0.2,0.8,1.0,TST,100,5,32,64,500,1,0.0,3,5.0,MAE,1,basis,pca,T,1,0,0,0.17331862449645996,0.2668609917163849,/mnt/tidalfs-bdsz01/dataset/llm_dataset/plc_data/TransDF/results/meta_tune/Fredformer_ECL_192_0.2_0.8_0.01_0.01_0.1_TST_100_5_32_64_1.0_5.0_3_0.0_1_MAE_1_500_basis_pca_T_1_0_0
Fredformer,192,ECL,0.01,0.01,0.1,0.2,0.8,1.0,TST,100,5,32,64,500,1,0.0,3,5.0,MAE,1,basis,pca,T,1,0,1,0.1703050285577774,0.26569637656211853,/mnt/tidalfs-bdsz01/dataset/llm_dataset/plc_data/TransDF/results/meta_tune/Fredformer_ECL_192_0.2_0.8_0.01_0.01_0.1_TST_100_5_32_64_1.0_5.0_3_0.0_1_MAE_1_500_basis_pca_T_1_0_1
Fredformer,192,ECL,0.01,0.01,0.1,0.2,0.8,1.0,TST,100,5,32,64,700,1,0.0,3,5.0,MAE,1,basis,pca,T,1,0,0,0.17889904975891113,0.2742261588573456,/mnt/tidalfs-bdsz01/dataset/llm_dataset/plc_data/TransDF/results/meta_tune/Fredformer_ECL_192_0.2_0.8_0.01_0.01_0.1_TST_100_5_32_64_1.0_5.0_3_0.0_1_MAE_1_700_basis_pca_T_1_0_0
Fredformer,192,ECL,0.01,0.01,0.1,0.2,0.8,1.0,TST,100,5,32,64,700,1,0.0,3,5.0,MAE,1,basis,pca,T,1,0,1,0.17047660052776337,0.2630867660045624,/mnt/tidalfs-bdsz01/dataset/llm_dataset/plc_data/TransDF/results/meta_tune/Fredformer_ECL_192_0.2_0.8_0.01_0.01_0.1_TST_100_5_32_64_1.0_5.0_3_0.0_1_MAE_1_700_basis_pca_T_1_0_1
Fredformer,192,ECL,0.001,0.001,0.1,0.3,0.7,0.5,TST,100,5,32,64,300,1,0.0,3,5.0,MAE,1,basis,pca,T,1,0,0,0.16039712727069855,0.25307419896125793,/mnt/tidalfs-bdsz01/dataset/llm_dataset/plc_data/TransDF/results/meta_tune/Fredformer_ECL_192_0.3_0.7_0.001_0.001_0.1_TST_100_5_32_64_0.5_5.0_3_0.0_1_MAE_1_300_basis_pca_T_1_0_0
Fredformer,192,ECL,0.001,0.001,0.1,0.3,0.7,0.5,TST,100,5,32,64,300,1,0.0,3,5.0,MAE,1,basis,pca,T,1,0,1,0.15982899069786072,0.2516412138938904,/mnt/tidalfs-bdsz01/dataset/llm_dataset/plc_data/TransDF/results/meta_tune/Fredformer_ECL_192_0.3_0.7_0.001_0.001_0.1_TST_100_5_32_64_0.5_5.0_3_0.0_1_MAE_1_300_basis_pca_T_1_0_1
Fredformer,192,ECL,0.001,0.001,0.1,0.3,0.7,0.5,TST,100,5,32,64,500,1,0.0,3,5.0,MAE,1,basis,pca,T,1,0,0,0.1623382866382599,0.2555481791496277,/mnt/tidalfs-bdsz01/dataset/llm_dataset/plc_data/TransDF/results/meta_tune/Fredformer_ECL_192_0.3_0.7_0.001_0.001_0.1_TST_100_5_32_64_0.5_5.0_3_0.0_1_MAE_1_500_basis_pca_T_1_0_0
Fredformer,192,ECL,0.001,0.001,0.1,0.3,0.7,0.5,TST,100,5,32,64,500,1,0.0,3,5.0,MAE,1,basis,pca,T,1,0,1,0.15988370776176453,0.2527882158756256,/mnt/tidalfs-bdsz01/dataset/llm_dataset/plc_data/TransDF/results/meta_tune/Fredformer_ECL_192_0.3_0.7_0.001_0.001_0.1_TST_100_5_32_64_0.5_5.0_3_0.0_1_MAE_1_500_basis_pca_T_1_0_1
Fredformer,192,ECL,0.001,0.001,0.1,0.3,0.7,0.5,TST,100,5,32,64,700,1,0.0,3,5.0,MAE,1,basis,pca,T,1,0,0,0.1605454832315445,0.2537355422973633,/mnt/tidalfs-bdsz01/dataset/llm_dataset/plc_data/TransDF/results/meta_tune/Fredformer_ECL_192_0.3_0.7_0.001_0.001_0.1_TST_100_5_32_64_0.5_5.0_3_0.0_1_MAE_1_700_basis_pca_T_1_0_0
Fredformer,192,ECL,0.001,0.001,0.1,0.3,0.7,0.5,TST,100,5,32,64,700,1,0.0,3,5.0,MAE,1,basis,pca,T,1,0,1,0.1593325287103653,0.2512064576148987,/mnt/tidalfs-bdsz01/dataset/llm_dataset/plc_data/TransDF/results/meta_tune/Fredformer_ECL_192_0.3_0.7_0.001_0.001_0.1_TST_100_5_32_64_0.5_5.0_3_0.0_1_MAE_1_700_basis_pca_T_1_0_1
Fredformer,192,ECL,0.001,0.001,0.1,0.3,0.7,1.0,TST,100,5,32,64,300,1,0.0,3,5.0,MAE,1,basis,pca,T,1,0,0,0.1609298288822174,0.25390928983688354,/mnt/tidalfs-bdsz01/dataset/llm_dataset/plc_data/TransDF/results/meta_tune/Fredformer_ECL_192_0.3_0.7_0.001_0.001_0.1_TST_100_5_32_64_1.0_5.0_3_0.0_1_MAE_1_300_basis_pca_T_1_0_0
Fredformer,192,ECL,0.001,0.001,0.1,0.3,0.7,1.0,TST,100,5,32,64,300,1,0.0,3,5.0,MAE,1,basis,pca,T,1,0,1,0.16073474287986755,0.2527349889278412,/mnt/tidalfs-bdsz01/dataset/llm_dataset/plc_data/TransDF/results/meta_tune/Fredformer_ECL_192_0.3_0.7_0.001_0.001_0.1_TST_100_5_32_64_1.0_5.0_3_0.0_1_MAE_1_300_basis_pca_T_1_0_1
Fredformer,192,ECL,0.001,0.001,0.1,0.3,0.7,1.0,TST,100,5,32,64,500,1,0.0,3,5.0,MAE,1,basis,pca,T,1,0,0,0.1605779528617859,0.2526353597640991,/mnt/tidalfs-bdsz01/dataset/llm_dataset/plc_data/TransDF/results/meta_tune/Fredformer_ECL_192_0.3_0.7_0.001_0.001_0.1_TST_100_5_32_64_1.0_5.0_3_0.0_1_MAE_1_500_basis_pca_T_1_0_0
Fredformer,192,ECL,0.001,0.001,0.1,0.3,0.7,1.0,TST,100,5,32,64,500,1,0.0,3,5.0,MAE,1,basis,pca,T,1,0,1,0.1615234613418579,0.2540540099143982,/mnt/tidalfs-bdsz01/dataset/llm_dataset/plc_data/TransDF/results/meta_tune/Fredformer_ECL_192_0.3_0.7_0.001_0.001_0.1_TST_100_5_32_64_1.0_5.0_3_0.0_1_MAE_1_500_basis_pca_T_1_0_1
Fredformer,192,ECL,0.001,0.001,0.1,0.3,0.7,1.0,TST,100,5,32,64,700,1,0.0,3,5.0,MAE,1,basis,pca,T,1,0,0,0.16110390424728394,0.2534209191799164,/mnt/tidalfs-bdsz01/dataset/llm_dataset/plc_data/TransDF/results/meta_tune/Fredformer_ECL_192_0.3_0.7_0.001_0.001_0.1_TST_100_5_32_64_1.0_5.0_3_0.0_1_MAE_1_700_basis_pca_T_1_0_0
Fredformer,192,ECL,0.001,0.001,0.1,0.3,0.7,1.0,TST,100,5,32,64,700,1,0.0,3,5.0,MAE,1,basis,pca,T,1,0,1,0.1609749048948288,0.25286102294921875,/mnt/tidalfs-bdsz01/dataset/llm_dataset/plc_data/TransDF/results/meta_tune/Fredformer_ECL_192_0.3_0.7_0.001_0.001_0.1_TST_100_5_32_64_1.0_5.0_3_0.0_1_MAE_1_700_basis_pca_T_1_0_1
Fredformer,192,ECL,0.01,0.01,0.1,0.3,0.7,0.5,TST,100,5,32,64,300,1,0.0,3,5.0,MAE,1,basis,pca,T,1,0,0,0.1797226369380951,0.27359965443611145,/mnt/tidalfs-bdsz01/dataset/llm_dataset/plc_data/TransDF/results/meta_tune/Fredformer_ECL_192_0.3_0.7_0.01_0.01_0.1_TST_100_5_32_64_0.5_5.0_3_0.0_1_MAE_1_300_basis_pca_T_1_0_0
Fredformer,192,ECL,0.01,0.01,0.1,0.3,0.7,0.5,TST,100,5,32,64,300,1,0.0,3,5.0,MAE,1,basis,pca,T,1,0,1,0.17049360275268555,0.2632775604724884,/mnt/tidalfs-bdsz01/dataset/llm_dataset/plc_data/TransDF/results/meta_tune/Fredformer_ECL_192_0.3_0.7_0.01_0.01_0.1_TST_100_5_32_64_0.5_5.0_3_0.0_1_MAE_1_300_basis_pca_T_1_0_1
Fredformer,192,ECL,0.01,0.01,0.1,0.3,0.7,0.5,TST,100,5,32,64,500,1,0.0,3,5.0,MAE,1,basis,pca,T,1,0,0,0.18151319026947021,0.27580803632736206,/mnt/tidalfs-bdsz01/dataset/llm_dataset/plc_data/TransDF/results/meta_tune/Fredformer_ECL_192_0.3_0.7_0.01_0.01_0.1_TST_100_5_32_64_0.5_5.0_3_0.0_1_MAE_1_500_basis_pca_T_1_0_0
Fredformer,192,ECL,0.01,0.01,0.1,0.3,0.7,0.5,TST,100,5,32,64,500,1,0.0,3,5.0,MAE,1,basis,pca,T,1,0,1,0.17014387249946594,0.26308488845825195,/mnt/tidalfs-bdsz01/dataset/llm_dataset/plc_data/TransDF/results/meta_tune/Fredformer_ECL_192_0.3_0.7_0.01_0.01_0.1_TST_100_5_32_64_0.5_5.0_3_0.0_1_MAE_1_500_basis_pca_T_1_0_1
Fredformer,192,ECL,0.01,0.01,0.1,0.3,0.7,0.5,TST,100,5,32,64,700,1,0.0,3,5.0,MAE,1,basis,pca,T,1,0,0,0.23175421357154846,0.3278670608997345,/mnt/tidalfs-bdsz01/dataset/llm_dataset/plc_data/TransDF/results/meta_tune/Fredformer_ECL_192_0.3_0.7_0.01_0.01_0.1_TST_100_5_32_64_0.5_5.0_3_0.0_1_MAE_1_700_basis_pca_T_1_0_0
Fredformer,192,ECL,0.01,0.01,0.1,0.3,0.7,0.5,TST,100,5,32,64,700,1,0.0,3,5.0,MAE,1,basis,pca,T,1,0,1,0.1702946275472641,0.264618456363678,/mnt/tidalfs-bdsz01/dataset/llm_dataset/plc_data/TransDF/results/meta_tune/Fredformer_ECL_192_0.3_0.7_0.01_0.01_0.1_TST_100_5_32_64_0.5_5.0_3_0.0_1_MAE_1_700_basis_pca_T_1_0_1
Fredformer,192,ECL,0.01,0.01,0.1,0.3,0.7,1.0,TST,100,5,32,64,300,1,0.0,3,5.0,MAE,1,basis,pca,T,1,0,0,0.17082896828651428,0.2645184397697449,/mnt/tidalfs-bdsz01/dataset/llm_dataset/plc_data/TransDF/results/meta_tune/Fredformer_ECL_192_0.3_0.7_0.01_0.01_0.1_TST_100_5_32_64_1.0_5.0_3_0.0_1_MAE_1_300_basis_pca_T_1_0_0
Fredformer,192,ECL,0.01,0.01,0.1,0.3,0.7,1.0,TST,100,5,32,64,300,1,0.0,3,5.0,MAE,1,basis,pca,T,1,0,1,0.17129656672477722,0.26706916093826294,/mnt/tidalfs-bdsz01/dataset/llm_dataset/plc_data/TransDF/results/meta_tune/Fredformer_ECL_192_0.3_0.7_0.01_0.01_0.1_TST_100_5_32_64_1.0_5.0_3_0.0_1_MAE_1_300_basis_pca_T_1_0_1
Fredformer,192,ECL,0.01,0.01,0.1,0.3,0.7,1.0,TST,100,5,32,64,500,1,0.0,3,5.0,MAE,1,basis,pca,T,1,0,0,0.17050449550151825,0.26325225830078125,/mnt/tidalfs-bdsz01/dataset/llm_dataset/plc_data/TransDF/results/meta_tune/Fredformer_ECL_192_0.3_0.7_0.01_0.01_0.1_TST_100_5_32_64_1.0_5.0_3_0.0_1_MAE_1_500_basis_pca_T_1_0_0
Fredformer,192,ECL,0.01,0.01,0.1,0.3,0.7,1.0,TST,100,5,32,64,500,1,0.0,3,5.0,MAE,1,basis,pca,T,1,0,1,0.17000244557857513,0.2614940404891968,/mnt/tidalfs-bdsz01/dataset/llm_dataset/plc_data/TransDF/results/meta_tune/Fredformer_ECL_192_0.3_0.7_0.01_0.01_0.1_TST_100_5_32_64_1.0_5.0_3_0.0_1_MAE_1_500_basis_pca_T_1_0_1
Fredformer,192,ECL,0.01,0.01,0.1,0.3,0.7,1.0,TST,100,5,32,64,700,1,0.0,3,5.0,MAE,1,basis,pca,T,1,0,0,0.18863557279109955,0.28112101554870605,/mnt/tidalfs-bdsz01/dataset/llm_dataset/plc_data/TransDF/results/meta_tune/Fredformer_ECL_192_0.3_0.7_0.01_0.01_0.1_TST_100_5_32_64_1.0_5.0_3_0.0_1_MAE_1_700_basis_pca_T_1_0_0
Fredformer,192,ECL,0.01,0.01,0.1,0.3,0.7,1.0,TST,100,5,32,64,700,1,0.0,3,5.0,MAE,1,basis,pca,T,1,0,1,0.17111854255199432,0.26420798897743225,/mnt/tidalfs-bdsz01/dataset/llm_dataset/plc_data/TransDF/results/meta_tune/Fredformer_ECL_192_0.3_0.7_0.01_0.01_0.1_TST_100_5_32_64_1.0_5.0_3_0.0_1_MAE_1_700_basis_pca_T_1_0_1
Fredformer,336,ECL,0.001,0.001,0.1,0.2,0.8,0.5,TST,100,5,32,64,300,1,0.0,3,5.0,MAE,1,basis,pca,T,1,0,0,0.17454534769058228,0.2703661024570465,/mnt/tidalfs-bdsz01/dataset/llm_dataset/plc_data/TransDF/results/meta_tune/Fredformer_ECL_336_0.2_0.8_0.001_0.001_0.1_TST_100_5_32_64_0.5_5.0_3_0.0_1_MAE_1_300_basis_pca_T_1_0_0
Fredformer,336,ECL,0.001,0.001,0.1,0.2,0.8,0.5,TST,100,5,32,64,300,1,0.0,3,5.0,MAE,1,basis,pca,T,1,0,1,0.17304344475269318,0.26769620180130005,/mnt/tidalfs-bdsz01/dataset/llm_dataset/plc_data/TransDF/results/meta_tune/Fredformer_ECL_336_0.2_0.8_0.001_0.001_0.1_TST_100_5_32_64_0.5_5.0_3_0.0_1_MAE_1_300_basis_pca_T_1_0_1
Fredformer,336,ECL,0.001,0.001,0.1,0.2,0.8,0.5,TST,100,5,32,64,500,1,0.0,3,5.0,MAE,1,basis,pca,T,1,0,0,0.17649266123771667,0.2720320224761963,/mnt/tidalfs-bdsz01/dataset/llm_dataset/plc_data/TransDF/results/meta_tune/Fredformer_ECL_336_0.2_0.8_0.001_0.001_0.1_TST_100_5_32_64_0.5_5.0_3_0.0_1_MAE_1_500_basis_pca_T_1_0_0
Fredformer,336,ECL,0.001,0.001,0.1,0.2,0.8,0.5,TST,100,5,32,64,500,1,0.0,3,5.0,MAE,1,basis,pca,T,1,0,1,0.17315594851970673,0.26778534054756165,/mnt/tidalfs-bdsz01/dataset/llm_dataset/plc_data/TransDF/results/meta_tune/Fredformer_ECL_336_0.2_0.8_0.001_0.001_0.1_TST_100_5_32_64_0.5_5.0_3_0.0_1_MAE_1_500_basis_pca_T_1_0_1
Fredformer,336,ECL,0.001,0.001,0.1,0.2,0.8,0.5,TST,100,5,32,64,700,1,0.0,3,5.0,MAE,1,basis,pca,T,1,0,0,0.17775216698646545,0.2743711471557617,/mnt/tidalfs-bdsz01/dataset/llm_dataset/plc_data/TransDF/results/meta_tune/Fredformer_ECL_336_0.2_0.8_0.001_0.001_0.1_TST_100_5_32_64_0.5_5.0_3_0.0_1_MAE_1_700_basis_pca_T_1_0_0
Fredformer,336,ECL,0.001,0.001,0.1,0.2,0.8,0.5,TST,100,5,32,64,700,1,0.0,3,5.0,MAE,1,basis,pca,T,1,0,1,0.17436586320400238,0.26888591051101685,/mnt/tidalfs-bdsz01/dataset/llm_dataset/plc_data/TransDF/results/meta_tune/Fredformer_ECL_336_0.2_0.8_0.001_0.001_0.1_TST_100_5_32_64_0.5_5.0_3_0.0_1_MAE_1_700_basis_pca_T_1_0_1
Fredformer,336,ECL,0.001,0.001,0.1,0.2,0.8,1.0,TST,100,5,32,64,300,1,0.0,3,5.0,MAE,1,basis,pca,T,1,0,0,0.17521721124649048,0.2692974805831909,/mnt/tidalfs-bdsz01/dataset/llm_dataset/plc_data/TransDF/results/meta_tune/Fredformer_ECL_336_0.2_0.8_0.001_0.001_0.1_TST_100_5_32_64_1.0_5.0_3_0.0_1_MAE_1_300_basis_pca_T_1_0_0
Fredformer,336,ECL,0.001,0.001,0.1,0.2,0.8,1.0,TST,100,5,32,64,300,1,0.0,3,5.0,MAE,1,basis,pca,T,1,0,1,0.17403002083301544,0.2685427665710449,/mnt/tidalfs-bdsz01/dataset/llm_dataset/plc_data/TransDF/results/meta_tune/Fredformer_ECL_336_0.2_0.8_0.001_0.001_0.1_TST_100_5_32_64_1.0_5.0_3_0.0_1_MAE_1_300_basis_pca_T_1_0_1
Fredformer,336,ECL,0.001,0.001,0.1,0.2,0.8,1.0,TST,100,5,32,64,500,1,0.0,3,5.0,MAE,1,basis,pca,T,1,0,0,0.17451418936252594,0.26960352063179016,/mnt/tidalfs-bdsz01/dataset/llm_dataset/plc_data/TransDF/results/meta_tune/Fredformer_ECL_336_0.2_0.8_0.001_0.001_0.1_TST_100_5_32_64_1.0_5.0_3_0.0_1_MAE_1_500_basis_pca_T_1_0_0
Fredformer,336,ECL,0.001,0.001,0.1,0.2,0.8,1.0,TST,100,5,32,64,500,1,0.0,3,5.0,MAE,1,basis,pca,T,1,0,1,0.17419485747814178,0.268217533826828,/mnt/tidalfs-bdsz01/dataset/llm_dataset/plc_data/TransDF/results/meta_tune/Fredformer_ECL_336_0.2_0.8_0.001_0.001_0.1_TST_100_5_32_64_1.0_5.0_3_0.0_1_MAE_1_500_basis_pca_T_1_0_1
Fredformer,336,ECL,0.001,0.001,0.1,0.2,0.8,1.0,TST,100,5,32,64,700,1,0.0,3,5.0,MAE,1,basis,pca,T,1,0,0,0.1741870790719986,0.26817625761032104,/mnt/tidalfs-bdsz01/dataset/llm_dataset/plc_data/TransDF/results/meta_tune/Fredformer_ECL_336_0.2_0.8_0.001_0.001_0.1_TST_100_5_32_64_1.0_5.0_3_0.0_1_MAE_1_700_basis_pca_T_1_0_0
Fredformer,336,ECL,0.001,0.001,0.1,0.2,0.8,1.0,TST,100,5,32,64,700,1,0.0,3,5.0,MAE,1,basis,pca,T,1,0,1,0.1759147346019745,0.26950421929359436,/mnt/tidalfs-bdsz01/dataset/llm_dataset/plc_data/TransDF/results/meta_tune/Fredformer_ECL_336_0.2_0.8_0.001_0.001_0.1_TST_100_5_32_64_1.0_5.0_3_0.0_1_MAE_1_700_basis_pca_T_1_0_1
Fredformer,336,ECL,0.01,0.01,0.1,0.2,0.8,0.5,TST,100,5,32,64,300,1,0.0,3,5.0,MAE,1,basis,pca,T,1,0,0,0.19061656296253204,0.28750699758529663,/mnt/tidalfs-bdsz01/dataset/llm_dataset/plc_data/TransDF/results/meta_tune/Fredformer_ECL_336_0.2_0.8_0.01_0.01_0.1_TST_100_5_32_64_0.5_5.0_3_0.0_1_MAE_1_300_basis_pca_T_1_0_0
Fredformer,336,ECL,0.01,0.01,0.1,0.2,0.8,0.5,TST,100,5,32,64,300,1,0.0,3,5.0,MAE,1,basis,pca,T,1,0,1,0.1848369836807251,0.27796101570129395,/mnt/tidalfs-bdsz01/dataset/llm_dataset/plc_data/TransDF/results/meta_tune/Fredformer_ECL_336_0.2_0.8_0.01_0.01_0.1_TST_100_5_32_64_0.5_5.0_3_0.0_1_MAE_1_300_basis_pca_T_1_0_1
Fredformer,336,ECL,0.01,0.01,0.1,0.2,0.8,0.5,TST,100,5,32,64,500,1,0.0,3,5.0,MAE,1,basis,pca,T,1,0,0,0.20236018300056458,0.2971958816051483,/mnt/tidalfs-bdsz01/dataset/llm_dataset/plc_data/TransDF/results/meta_tune/Fredformer_ECL_336_0.2_0.8_0.01_0.01_0.1_TST_100_5_32_64_0.5_5.0_3_0.0_1_MAE_1_500_basis_pca_T_1_0_0
Fredformer,336,ECL,0.01,0.01,0.1,0.2,0.8,0.5,TST,100,5,32,64,500,1,0.0,3,5.0,MAE,1,basis,pca,T,1,0,1,0.1867106556892395,0.2793954610824585,/mnt/tidalfs-bdsz01/dataset/llm_dataset/plc_data/TransDF/results/meta_tune/Fredformer_ECL_336_0.2_0.8_0.01_0.01_0.1_TST_100_5_32_64_0.5_5.0_3_0.0_1_MAE_1_500_basis_pca_T_1_0_1
Fredformer,336,ECL,0.01,0.01,0.1,0.2,0.8,0.5,TST,100,5,32,64,700,1,0.0,3,5.0,MAE,1,basis,pca,T,1,0,0,0.20221292972564697,0.2975929379463196,/mnt/tidalfs-bdsz01/dataset/llm_dataset/plc_data/TransDF/results/meta_tune/Fredformer_ECL_336_0.2_0.8_0.01_0.01_0.1_TST_100_5_32_64_0.5_5.0_3_0.0_1_MAE_1_700_basis_pca_T_1_0_0
Fredformer,336,ECL,0.01,0.01,0.1,0.2,0.8,0.5,TST,100,5,32,64,700,1,0.0,3,5.0,MAE,1,basis,pca,T,1,0,1,0.18613015115261078,0.28020527958869934,/mnt/tidalfs-bdsz01/dataset/llm_dataset/plc_data/TransDF/results/meta_tune/Fredformer_ECL_336_0.2_0.8_0.01_0.01_0.1_TST_100_5_32_64_0.5_5.0_3_0.0_1_MAE_1_700_basis_pca_T_1_0_1
Fredformer,336,ECL,0.01,0.01,0.1,0.2,0.8,1.0,TST,100,5,32,64,300,1,0.0,3,5.0,MAE,1,basis,pca,T,1,0,0,0.18698737025260925,0.28096508979797363,/mnt/tidalfs-bdsz01/dataset/llm_dataset/plc_data/TransDF/results/meta_tune/Fredformer_ECL_336_0.2_0.8_0.01_0.01_0.1_TST_100_5_32_64_1.0_5.0_3_0.0_1_MAE_1_300_basis_pca_T_1_0_0
Fredformer,336,ECL,0.01,0.01,0.1,0.2,0.8,1.0,TST,100,5,32,64,300,1,0.0,3,5.0,MAE,1,basis,pca,T,1,0,1,0.186141699552536,0.2803318202495575,/mnt/tidalfs-bdsz01/dataset/llm_dataset/plc_data/TransDF/results/meta_tune/Fredformer_ECL_336_0.2_0.8_0.01_0.01_0.1_TST_100_5_32_64_1.0_5.0_3_0.0_1_MAE_1_300_basis_pca_T_1_0_1
Fredformer,336,ECL,0.01,0.01,0.1,0.2,0.8,1.0,TST,100,5,32,64,500,1,0.0,3,5.0,MAE,1,basis,pca,T,1,0,0,0.18894828855991364,0.28338056802749634,/mnt/tidalfs-bdsz01/dataset/llm_dataset/plc_data/TransDF/results/meta_tune/Fredformer_ECL_336_0.2_0.8_0.01_0.01_0.1_TST_100_5_32_64_1.0_5.0_3_0.0_1_MAE_1_500_basis_pca_T_1_0_0
Fredformer,336,ECL,0.01,0.01,0.1,0.2,0.8,1.0,TST,100,5,32,64,500,1,0.0,3,5.0,MAE,1,basis,pca,T,1,0,1,0.18352198600769043,0.275325745344162,/mnt/tidalfs-bdsz01/dataset/llm_dataset/plc_data/TransDF/results/meta_tune/Fredformer_ECL_336_0.2_0.8_0.01_0.01_0.1_TST_100_5_32_64_1.0_5.0_3_0.0_1_MAE_1_500_basis_pca_T_1_0_1
Fredformer,336,ECL,0.01,0.01,0.1,0.2,0.8,1.0,TST,100,5,32,64,700,1,0.0,3,5.0,MAE,1,basis,pca,T,1,0,0,0.1883435696363449,0.28272050619125366,/mnt/tidalfs-bdsz01/dataset/llm_dataset/plc_data/TransDF/results/meta_tune/Fredformer_ECL_336_0.2_0.8_0.01_0.01_0.1_TST_100_5_32_64_1.0_5.0_3_0.0_1_MAE_1_700_basis_pca_T_1_0_0
Fredformer,336,ECL,0.01,0.01,0.1,0.2,0.8,1.0,TST,100,5,32,64,700,1,0.0,3,5.0,MAE,1,basis,pca,T,1,0,1,0.18468205630779266,0.27688461542129517,/mnt/tidalfs-bdsz01/dataset/llm_dataset/plc_data/TransDF/results/meta_tune/Fredformer_ECL_336_0.2_0.8_0.01_0.01_0.1_TST_100_5_32_64_1.0_5.0_3_0.0_1_MAE_1_700_basis_pca_T_1_0_1
Fredformer,336,ECL,0.001,0.001,0.1,0.3,0.7,0.5,TST,100,5,32,64,300,1,0.0,3,5.0,MAE,1,basis,pca,T,1,0,0,0.176057830452919,0.27127814292907715,/mnt/tidalfs-bdsz01/dataset/llm_dataset/plc_data/TransDF/results/meta_tune/Fredformer_ECL_336_0.3_0.7_0.001_0.001_0.1_TST_100_5_32_64_0.5_5.0_3_0.0_1_MAE_1_300_basis_pca_T_1_0_0
Fredformer,336,ECL,0.001,0.001,0.1,0.3,0.7,0.5,TST,100,5,32,64,300,1,0.0,3,5.0,MAE,1,basis,pca,T,1,0,1,0.17292781174182892,0.2665845453739166,/mnt/tidalfs-bdsz01/dataset/llm_dataset/plc_data/TransDF/results/meta_tune/Fredformer_ECL_336_0.3_0.7_0.001_0.001_0.1_TST_100_5_32_64_0.5_5.0_3_0.0_1_MAE_1_300_basis_pca_T_1_0_1
Fredformer,336,ECL,0.001,0.001,0.1,0.3,0.7,0.5,TST,100,5,32,64,500,1,0.0,3,5.0,MAE,1,basis,pca,T,1,0,0,0.17466403543949127,0.2690017521381378,/mnt/tidalfs-bdsz01/dataset/llm_dataset/plc_data/TransDF/results/meta_tune/Fredformer_ECL_336_0.3_0.7_0.001_0.001_0.1_TST_100_5_32_64_0.5_5.0_3_0.0_1_MAE_1_500_basis_pca_T_1_0_0
Fredformer,336,ECL,0.001,0.001,0.1,0.3,0.7,0.5,TST,100,5,32,64,500,1,0.0,3,5.0,MAE,1,basis,pca,T,1,0,1,0.17409420013427734,0.26875758171081543,/mnt/tidalfs-bdsz01/dataset/llm_dataset/plc_data/TransDF/results/meta_tune/Fredformer_ECL_336_0.3_0.7_0.001_0.001_0.1_TST_100_5_32_64_0.5_5.0_3_0.0_1_MAE_1_500_basis_pca_T_1_0_1
Fredformer,336,ECL,0.001,0.001,0.1,0.3,0.7,0.5,TST,100,5,32,64,700,1,0.0,3,5.0,MAE,1,basis,pca,T,1,0,0,0.17707541584968567,0.272146075963974,/mnt/tidalfs-bdsz01/dataset/llm_dataset/plc_data/TransDF/results/meta_tune/Fredformer_ECL_336_0.3_0.7_0.001_0.001_0.1_TST_100_5_32_64_0.5_5.0_3_0.0_1_MAE_1_700_basis_pca_T_1_0_0
Fredformer,336,ECL,0.001,0.001,0.1,0.3,0.7,0.5,TST,100,5,32,64,700,1,0.0,3,5.0,MAE,1,basis,pca,T,1,0,1,0.1749151051044464,0.2687777876853943,/mnt/tidalfs-bdsz01/dataset/llm_dataset/plc_data/TransDF/results/meta_tune/Fredformer_ECL_336_0.3_0.7_0.001_0.001_0.1_TST_100_5_32_64_0.5_5.0_3_0.0_1_MAE_1_700_basis_pca_T_1_0_1
Fredformer,336,ECL,0.001,0.001,0.1,0.3,0.7,1.0,TST,100,5,32,64,300,1,0.0,3,5.0,MAE,1,basis,pca,T,1,0,0,0.17623892426490784,0.27054721117019653,/mnt/tidalfs-bdsz01/dataset/llm_dataset/plc_data/TransDF/results/meta_tune/Fredformer_ECL_336_0.3_0.7_0.001_0.001_0.1_TST_100_5_32_64_1.0_5.0_3_0.0_1_MAE_1_300_basis_pca_T_1_0_0
Fredformer,336,ECL,0.001,0.001,0.1,0.3,0.7,1.0,TST,100,5,32,64,300,1,0.0,3,5.0,MAE,1,basis,pca,T,1,0,1,0.17427796125411987,0.2690558135509491,/mnt/tidalfs-bdsz01/dataset/llm_dataset/plc_data/TransDF/results/meta_tune/Fredformer_ECL_336_0.3_0.7_0.001_0.001_0.1_TST_100_5_32_64_1.0_5.0_3_0.0_1_MAE_1_300_basis_pca_T_1_0_1
Fredformer,336,ECL,0.001,0.001,0.1,0.3,0.7,1.0,TST,100,5,32,64,500,1,0.0,3,5.0,MAE,1,basis,pca,T,1,0,0,0.1760169118642807,0.2707594037055969,/mnt/tidalfs-bdsz01/dataset/llm_dataset/plc_data/TransDF/results/meta_tune/Fredformer_ECL_336_0.3_0.7_0.001_0.001_0.1_TST_100_5_32_64_1.0_5.0_3_0.0_1_MAE_1_500_basis_pca_T_1_0_0
Fredformer,336,ECL,0.001,0.001,0.1,0.3,0.7,1.0,TST,100,5,32,64,500,1,0.0,3,5.0,MAE,1,basis,pca,T,1,0,1,0.17575237154960632,0.27004867792129517,/mnt/tidalfs-bdsz01/dataset/llm_dataset/plc_data/TransDF/results/meta_tune/Fredformer_ECL_336_0.3_0.7_0.001_0.001_0.1_TST_100_5_32_64_1.0_5.0_3_0.0_1_MAE_1_500_basis_pca_T_1_0_1
Fredformer,336,ECL,0.001,0.001,0.1,0.3,0.7,1.0,TST,100,5,32,64,700,1,0.0,3,5.0,MAE,1,basis,pca,T,1,0,0,0.17590609192848206,0.27129971981048584,/mnt/tidalfs-bdsz01/dataset/llm_dataset/plc_data/TransDF/results/meta_tune/Fredformer_ECL_336_0.3_0.7_0.001_0.001_0.1_TST_100_5_32_64_1.0_5.0_3_0.0_1_MAE_1_700_basis_pca_T_1_0_0
Fredformer,336,ECL,0.001,0.001,0.1,0.3,0.7,1.0,TST,100,5,32,64,700,1,0.0,3,5.0,MAE,1,basis,pca,T,1,0,1,0.17545469105243683,0.26955440640449524,/mnt/tidalfs-bdsz01/dataset/llm_dataset/plc_data/TransDF/results/meta_tune/Fredformer_ECL_336_0.3_0.7_0.001_0.001_0.1_TST_100_5_32_64_1.0_5.0_3_0.0_1_MAE_1_700_basis_pca_T_1_0_1
Fredformer,336,ECL,0.01,0.01,0.1,0.3,0.7,0.5,TST,100,5,32,64,300,1,0.0,3,5.0,MAE,1,basis,pca,T,1,0,0,0.1873619258403778,0.2818642854690552,/mnt/tidalfs-bdsz01/dataset/llm_dataset/plc_data/TransDF/results/meta_tune/Fredformer_ECL_336_0.3_0.7_0.01_0.01_0.1_TST_100_5_32_64_0.5_5.0_3_0.0_1_MAE_1_300_basis_pca_T_1_0_0
Fredformer,336,ECL,0.01,0.01,0.1,0.3,0.7,0.5,TST,100,5,32,64,300,1,0.0,3,5.0,MAE,1,basis,pca,T,1,0,1,0.1849890798330307,0.27849531173706055,/mnt/tidalfs-bdsz01/dataset/llm_dataset/plc_data/TransDF/results/meta_tune/Fredformer_ECL_336_0.3_0.7_0.01_0.01_0.1_TST_100_5_32_64_0.5_5.0_3_0.0_1_MAE_1_300_basis_pca_T_1_0_1
Fredformer,336,ECL,0.01,0.01,0.1,0.3,0.7,0.5,TST,100,5,32,64,500,1,0.0,3,5.0,MAE,1,basis,pca,T,1,0,0,0.19750714302062988,0.2925124168395996,/mnt/tidalfs-bdsz01/dataset/llm_dataset/plc_data/TransDF/results/meta_tune/Fredformer_ECL_336_0.3_0.7_0.01_0.01_0.1_TST_100_5_32_64_0.5_5.0_3_0.0_1_MAE_1_500_basis_pca_T_1_0_0
Fredformer,336,ECL,0.01,0.01,0.1,0.3,0.7,0.5,TST,100,5,32,64,500,1,0.0,3,5.0,MAE,1,basis,pca,T,1,0,1,0.18539880216121674,0.2796315848827362,/mnt/tidalfs-bdsz01/dataset/llm_dataset/plc_data/TransDF/results/meta_tune/Fredformer_ECL_336_0.3_0.7_0.01_0.01_0.1_TST_100_5_32_64_0.5_5.0_3_0.0_1_MAE_1_500_basis_pca_T_1_0_1
Fredformer,336,ECL,0.01,0.01,0.1,0.3,0.7,0.5,TST,100,5,32,64,700,1,0.0,3,5.0,MAE,1,basis,pca,T,1,0,0,0.19991672039031982,0.29632166028022766,/mnt/tidalfs-bdsz01/dataset/llm_dataset/plc_data/TransDF/results/meta_tune/Fredformer_ECL_336_0.3_0.7_0.01_0.01_0.1_TST_100_5_32_64_0.5_5.0_3_0.0_1_MAE_1_700_basis_pca_T_1_0_0
Fredformer,336,ECL,0.01,0.01,0.1,0.3,0.7,0.5,TST,100,5,32,64,700,1,0.0,3,5.0,MAE,1,basis,pca,T,1,0,1,0.18536552786827087,0.2800120413303375,/mnt/tidalfs-bdsz01/dataset/llm_dataset/plc_data/TransDF/results/meta_tune/Fredformer_ECL_336_0.3_0.7_0.01_0.01_0.1_TST_100_5_32_64_0.5_5.0_3_0.0_1_MAE_1_700_basis_pca_T_1_0_1
Fredformer,336,ECL,0.01,0.01,0.1,0.3,0.7,1.0,TST,100,5,32,64,300,1,0.0,3,5.0,MAE,1,basis,pca,T,1,0,0,0.1869642734527588,0.2808672785758972,/mnt/tidalfs-bdsz01/dataset/llm_dataset/plc_data/TransDF/results/meta_tune/Fredformer_ECL_336_0.3_0.7_0.01_0.01_0.1_TST_100_5_32_64_1.0_5.0_3_0.0_1_MAE_1_300_basis_pca_T_1_0_0
Fredformer,336,ECL,0.01,0.01,0.1,0.3,0.7,1.0,TST,100,5,32,64,300,1,0.0,3,5.0,MAE,1,basis,pca,T,1,0,1,0.1854291558265686,0.277370810508728,/mnt/tidalfs-bdsz01/dataset/llm_dataset/plc_data/TransDF/results/meta_tune/Fredformer_ECL_336_0.3_0.7_0.01_0.01_0.1_TST_100_5_32_64_1.0_5.0_3_0.0_1_MAE_1_300_basis_pca_T_1_0_1
Fredformer,336,ECL,0.01,0.01,0.1,0.3,0.7,1.0,TST,100,5,32,64,500,1,0.0,3,5.0,MAE,1,basis,pca,T,1,0,0,0.18693718314170837,0.2804756462574005,/mnt/tidalfs-bdsz01/dataset/llm_dataset/plc_data/TransDF/results/meta_tune/Fredformer_ECL_336_0.3_0.7_0.01_0.01_0.1_TST_100_5_32_64_1.0_5.0_3_0.0_1_MAE_1_500_basis_pca_T_1_0_0
Fredformer,336,ECL,0.01,0.01,0.1,0.3,0.7,1.0,TST,100,5,32,64,500,1,0.0,3,5.0,MAE,1,basis,pca,T,1,0,1,0.18704009056091309,0.2814519703388214,/mnt/tidalfs-bdsz01/dataset/llm_dataset/plc_data/TransDF/results/meta_tune/Fredformer_ECL_336_0.3_0.7_0.01_0.01_0.1_TST_100_5_32_64_1.0_5.0_3_0.0_1_MAE_1_500_basis_pca_T_1_0_1
Fredformer,336,ECL,0.01,0.01,0.1,0.3,0.7,1.0,TST,100,5,32,64,700,1,0.0,3,5.0,MAE,1,basis,pca,T,1,0,0,0.18781723082065582,0.2813180685043335,/mnt/tidalfs-bdsz01/dataset/llm_dataset/plc_data/TransDF/results/meta_tune/Fredformer_ECL_336_0.3_0.7_0.01_0.01_0.1_TST_100_5_32_64_1.0_5.0_3_0.0_1_MAE_1_700_basis_pca_T_1_0_0
Fredformer,336,ECL,0.01,0.01,0.1,0.3,0.7,1.0,TST,100,5,32,64,700,1,0.0,3,5.0,MAE,1,basis,pca,T,1,0,1,0.1850476861000061,0.2770810127258301,/mnt/tidalfs-bdsz01/dataset/llm_dataset/plc_data/TransDF/results/meta_tune/Fredformer_ECL_336_0.3_0.7_0.01_0.01_0.1_TST_100_5_32_64_1.0_5.0_3_0.0_1_MAE_1_700_basis_pca_T_1_0_1
Fredformer,720,ECL,0.001,0.001,0.1,0.2,0.8,0.5,TST,100,5,32,64,300,1,0.0,3,5.0,MAE,1,basis,pca,T,1,0,0,0.2134951800107956,0.30307716131210327,/mnt/tidalfs-bdsz01/dataset/llm_dataset/plc_data/TransDF/results/meta_tune/Fredformer_ECL_720_0.2_0.8_0.001_0.001_0.1_TST_100_5_32_64_0.5_5.0_3_0.0_1_MAE_1_300_basis_pca_T_1_0_0
Fredformer,720,ECL,0.001,0.001,0.1,0.2,0.8,0.5,TST,100,5,32,64,300,1,0.0,3,5.0,MAE,1,basis,pca,T,1,0,1,0.20455139875411987,0.2945188283920288,/mnt/tidalfs-bdsz01/dataset/llm_dataset/plc_data/TransDF/results/meta_tune/Fredformer_ECL_720_0.2_0.8_0.001_0.001_0.1_TST_100_5_32_64_0.5_5.0_3_0.0_1_MAE_1_300_basis_pca_T_1_0_1
Fredformer,720,ECL,0.001,0.001,0.1,0.2,0.8,0.5,TST,100,5,32,64,500,1,0.0,3,5.0,MAE,1,basis,pca,T,1,0,0,0.22101114690303802,0.30773988366127014,/mnt/tidalfs-bdsz01/dataset/llm_dataset/plc_data/TransDF/results/meta_tune/Fredformer_ECL_720_0.2_0.8_0.001_0.001_0.1_TST_100_5_32_64_0.5_5.0_3_0.0_1_MAE_1_500_basis_pca_T_1_0_0
Fredformer,720,ECL,0.001,0.001,0.1,0.2,0.8,0.5,TST,100,5,32,64,500,1,0.0,3,5.0,MAE,1,basis,pca,T,1,0,1,0.20647577941417694,0.29504576325416565,/mnt/tidalfs-bdsz01/dataset/llm_dataset/plc_data/TransDF/results/meta_tune/Fredformer_ECL_720_0.2_0.8_0.001_0.001_0.1_TST_100_5_32_64_0.5_5.0_3_0.0_1_MAE_1_500_basis_pca_T_1_0_1
Fredformer,720,ECL,0.001,0.001,0.1,0.2,0.8,0.5,TST,100,5,32,64,700,1,0.0,3,5.0,MAE,1,basis,pca,T,1,0,0,0.22115062177181244,0.3084930181503296,/mnt/tidalfs-bdsz01/dataset/llm_dataset/plc_data/TransDF/results/meta_tune/Fredformer_ECL_720_0.2_0.8_0.001_0.001_0.1_TST_100_5_32_64_0.5_5.0_3_0.0_1_MAE_1_700_basis_pca_T_1_0_0
Fredformer,720,ECL,0.001,0.001,0.1,0.2,0.8,0.5,TST,100,5,32,64,700,1,0.0,3,5.0,MAE,1,basis,pca,T,1,0,1,0.206499844789505,0.2951468825340271,/mnt/tidalfs-bdsz01/dataset/llm_dataset/plc_data/TransDF/results/meta_tune/Fredformer_ECL_720_0.2_0.8_0.001_0.001_0.1_TST_100_5_32_64_0.5_5.0_3_0.0_1_MAE_1_700_basis_pca_T_1_0_1
Fredformer,720,ECL,0.001,0.001,0.1,0.2,0.8,1.0,TST,100,5,32,64,300,1,0.0,3,5.0,MAE,1,basis,pca,T,1,0,0,0.21730753779411316,0.3057467043399811,/mnt/tidalfs-bdsz01/dataset/llm_dataset/plc_data/TransDF/results/meta_tune/Fredformer_ECL_720_0.2_0.8_0.001_0.001_0.1_TST_100_5_32_64_1.0_5.0_3_0.0_1_MAE_1_300_basis_pca_T_1_0_0
Fredformer,720,ECL,0.001,0.001,0.1,0.2,0.8,1.0,TST,100,5,32,64,300,1,0.0,3,5.0,MAE,1,basis,pca,T,1,0,1,0.21816866099834442,0.3052811920642853,/mnt/tidalfs-bdsz01/dataset/llm_dataset/plc_data/TransDF/results/meta_tune/Fredformer_ECL_720_0.2_0.8_0.001_0.001_0.1_TST_100_5_32_64_1.0_5.0_3_0.0_1_MAE_1_300_basis_pca_T_1_0_1
Fredformer,720,ECL,0.001,0.001,0.1,0.2,0.8,1.0,TST,100,5,32,64,500,1,0.0,3,5.0,MAE,1,basis,pca,T,1,0,0,0.2162592113018036,0.3048139214515686,/mnt/tidalfs-bdsz01/dataset/llm_dataset/plc_data/TransDF/results/meta_tune/Fredformer_ECL_720_0.2_0.8_0.001_0.001_0.1_TST_100_5_32_64_1.0_5.0_3_0.0_1_MAE_1_500_basis_pca_T_1_0_0
Fredformer,720,ECL,0.001,0.001,0.1,0.2,0.8,1.0,TST,100,5,32,64,500,1,0.0,3,5.0,MAE,1,basis,pca,T,1,0,1,0.2128109186887741,0.30122941732406616,/mnt/tidalfs-bdsz01/dataset/llm_dataset/plc_data/TransDF/results/meta_tune/Fredformer_ECL_720_0.2_0.8_0.001_0.001_0.1_TST_100_5_32_64_1.0_5.0_3_0.0_1_MAE_1_500_basis_pca_T_1_0_1
Fredformer,720,ECL,0.001,0.001,0.1,0.2,0.8,1.0,TST,100,5,32,64,700,1,0.0,3,5.0,MAE,1,basis,pca,T,1,0,0,0.21406404674053192,0.30382972955703735,/mnt/tidalfs-bdsz01/dataset/llm_dataset/plc_data/TransDF/results/meta_tune/Fredformer_ECL_720_0.2_0.8_0.001_0.001_0.1_TST_100_5_32_64_1.0_5.0_3_0.0_1_MAE_1_700_basis_pca_T_1_0_0
Fredformer,720,ECL,0.001,0.001,0.1,0.2,0.8,1.0,TST,100,5,32,64,700,1,0.0,3,5.0,MAE,1,basis,pca,T,1,0,1,0.21212509274482727,0.3007655739784241,/mnt/tidalfs-bdsz01/dataset/llm_dataset/plc_data/TransDF/results/meta_tune/Fredformer_ECL_720_0.2_0.8_0.001_0.001_0.1_TST_100_5_32_64_1.0_5.0_3_0.0_1_MAE_1_700_basis_pca_T_1_0_1
Fredformer,720,ECL,0.01,0.01,0.1,0.2,0.8,0.5,TST,100,5,32,64,300,1,0.0,3,5.0,MAE,1,basis,pca,T,1,0,0,0.22529156506061554,0.3142114281654358,/mnt/tidalfs-bdsz01/dataset/llm_dataset/plc_data/TransDF/results/meta_tune/Fredformer_ECL_720_0.2_0.8_0.01_0.01_0.1_TST_100_5_32_64_0.5_5.0_3_0.0_1_MAE_1_300_basis_pca_T_1_0_0
Fredformer,720,ECL,0.01,0.01,0.1,0.2,0.8,0.5,TST,100,5,32,64,300,1,0.0,3,5.0,MAE,1,basis,pca,T,1,0,1,0.22560839354991913,0.312429279088974,/mnt/tidalfs-bdsz01/dataset/llm_dataset/plc_data/TransDF/results/meta_tune/Fredformer_ECL_720_0.2_0.8_0.01_0.01_0.1_TST_100_5_32_64_0.5_5.0_3_0.0_1_MAE_1_300_basis_pca_T_1_0_1
Fredformer,720,ECL,0.01,0.01,0.1,0.2,0.8,0.5,TST,100,5,32,64,500,1,0.0,3,5.0,MAE,1,basis,pca,T,1,0,0,0.23150849342346191,0.318908154964447,/mnt/tidalfs-bdsz01/dataset/llm_dataset/plc_data/TransDF/results/meta_tune/Fredformer_ECL_720_0.2_0.8_0.01_0.01_0.1_TST_100_5_32_64_0.5_5.0_3_0.0_1_MAE_1_500_basis_pca_T_1_0_0
Fredformer,720,ECL,0.01,0.01,0.1,0.2,0.8,0.5,TST,100,5,32,64,500,1,0.0,3,5.0,MAE,1,basis,pca,T,1,0,1,0.2211984246969223,0.31019437313079834,/mnt/tidalfs-bdsz01/dataset/llm_dataset/plc_data/TransDF/results/meta_tune/Fredformer_ECL_720_0.2_0.8_0.01_0.01_0.1_TST_100_5_32_64_0.5_5.0_3_0.0_1_MAE_1_500_basis_pca_T_1_0_1
Fredformer,720,ECL,0.01,0.01,0.1,0.2,0.8,0.5,TST,100,5,32,64,700,1,0.0,3,5.0,MAE,1,basis,pca,T,1,0,0,0.2375042587518692,0.32481059432029724,/mnt/tidalfs-bdsz01/dataset/llm_dataset/plc_data/TransDF/results/meta_tune/Fredformer_ECL_720_0.2_0.8_0.01_0.01_0.1_TST_100_5_32_64_0.5_5.0_3_0.0_1_MAE_1_700_basis_pca_T_1_0_0
Fredformer,720,ECL,0.01,0.01,0.1,0.2,0.8,0.5,TST,100,5,32,64,700,1,0.0,3,5.0,MAE,1,basis,pca,T,1,0,1,0.22621271014213562,0.31378379464149475,/mnt/tidalfs-bdsz01/dataset/llm_dataset/plc_data/TransDF/results/meta_tune/Fredformer_ECL_720_0.2_0.8_0.01_0.01_0.1_TST_100_5_32_64_0.5_5.0_3_0.0_1_MAE_1_700_basis_pca_T_1_0_1
Fredformer,720,ECL,0.01,0.01,0.1,0.2,0.8,1.0,TST,100,5,32,64,300,1,0.0,3,5.0,MAE,1,basis,pca,T,1,0,0,0.22742225229740143,0.3140944242477417,/mnt/tidalfs-bdsz01/dataset/llm_dataset/plc_data/TransDF/results/meta_tune/Fredformer_ECL_720_0.2_0.8_0.01_0.01_0.1_TST_100_5_32_64_1.0_5.0_3_0.0_1_MAE_1_300_basis_pca_T_1_0_0
Fredformer,720,ECL,0.01,0.01,0.1,0.2,0.8,1.0,TST,100,5,32,64,300,1,0.0,3,5.0,MAE,1,basis,pca,T,1,0,1,0.22579778730869293,0.3116390109062195,/mnt/tidalfs-bdsz01/dataset/llm_dataset/plc_data/TransDF/results/meta_tune/Fredformer_ECL_720_0.2_0.8_0.01_0.01_0.1_TST_100_5_32_64_1.0_5.0_3_0.0_1_MAE_1_300_basis_pca_T_1_0_1
Fredformer,720,ECL,0.01,0.01,0.1,0.2,0.8,1.0,TST,100,5,32,64,500,1,0.0,3,5.0,MAE,1,basis,pca,T,1,0,0,0.23106272518634796,0.31681889295578003,/mnt/tidalfs-bdsz01/dataset/llm_dataset/plc_data/TransDF/results/meta_tune/Fredformer_ECL_720_0.2_0.8_0.01_0.01_0.1_TST_100_5_32_64_1.0_5.0_3_0.0_1_MAE_1_500_basis_pca_T_1_0_0
Fredformer,720,ECL,0.01,0.01,0.1,0.2,0.8,1.0,TST,100,5,32,64,500,1,0.0,3,5.0,MAE,1,basis,pca,T,1,0,1,0.22792460024356842,0.3137475550174713,/mnt/tidalfs-bdsz01/dataset/llm_dataset/plc_data/TransDF/results/meta_tune/Fredformer_ECL_720_0.2_0.8_0.01_0.01_0.1_TST_100_5_32_64_1.0_5.0_3_0.0_1_MAE_1_500_basis_pca_T_1_0_1
Fredformer,720,ECL,0.01,0.01,0.1,0.2,0.8,1.0,TST,100,5,32,64,700,1,0.0,3,5.0,MAE,1,basis,pca,T,1,0,0,0.2312750667333603,0.3189154863357544,/mnt/tidalfs-bdsz01/dataset/llm_dataset/plc_data/TransDF/results/meta_tune/Fredformer_ECL_720_0.2_0.8_0.01_0.01_0.1_TST_100_5_32_64_1.0_5.0_3_0.0_1_MAE_1_700_basis_pca_T_1_0_0
Fredformer,720,ECL,0.01,0.01,0.1,0.2,0.8,1.0,TST,100,5,32,64,700,1,0.0,3,5.0,MAE,1,basis,pca,T,1,0,1,0.22936493158340454,0.3150004744529724,/mnt/tidalfs-bdsz01/dataset/llm_dataset/plc_data/TransDF/results/meta_tune/Fredformer_ECL_720_0.2_0.8_0.01_0.01_0.1_TST_100_5_32_64_1.0_5.0_3_0.0_1_MAE_1_700_basis_pca_T_1_0_1
Fredformer,720,ECL,0.001,0.001,0.1,0.3,0.7,0.5,TST,100,5,32,64,300,1,0.0,3,5.0,MAE,1,basis,pca,T,1,0,0,0.2132773995399475,0.30268678069114685,/mnt/tidalfs-bdsz01/dataset/llm_dataset/plc_data/TransDF/results/meta_tune/Fredformer_ECL_720_0.3_0.7_0.001_0.001_0.1_TST_100_5_32_64_0.5_5.0_3_0.0_1_MAE_1_300_basis_pca_T_1_0_0
Fredformer,720,ECL,0.001,0.001,0.1,0.3,0.7,0.5,TST,100,5,32,64,300,1,0.0,3,5.0,MAE,1,basis,pca,T,1,0,1,0.20795860886573792,0.29813265800476074,/mnt/tidalfs-bdsz01/dataset/llm_dataset/plc_data/TransDF/results/meta_tune/Fredformer_ECL_720_0.3_0.7_0.001_0.001_0.1_TST_100_5_32_64_0.5_5.0_3_0.0_1_MAE_1_300_basis_pca_T_1_0_1
Fredformer,720,ECL,0.001,0.001,0.1,0.3,0.7,0.5,TST,100,5,32,64,500,1,0.0,3,5.0,MAE,1,basis,pca,T,1,0,0,0.22129766643047333,0.30874744057655334,/mnt/tidalfs-bdsz01/dataset/llm_dataset/plc_data/TransDF/results/meta_tune/Fredformer_ECL_720_0.3_0.7_0.001_0.001_0.1_TST_100_5_32_64_0.5_5.0_3_0.0_1_MAE_1_500_basis_pca_T_1_0_0
Fredformer,720,ECL,0.001,0.001,0.1,0.3,0.7,0.5,TST,100,5,32,64,500,1,0.0,3,5.0,MAE,1,basis,pca,T,1,0,1,0.22470800578594208,0.30830544233322144,/mnt/tidalfs-bdsz01/dataset/llm_dataset/plc_data/TransDF/results/meta_tune/Fredformer_ECL_720_0.3_0.7_0.001_0.001_0.1_TST_100_5_32_64_0.5_5.0_3_0.0_1_MAE_1_500_basis_pca_T_1_0_1
Fredformer,720,ECL,0.001,0.001,0.1,0.3,0.7,0.5,TST,100,5,32,64,700,1,0.0,3,5.0,MAE,1,basis,pca,T,1,0,0,0.22024206817150116,0.30764418840408325,/mnt/tidalfs-bdsz01/dataset/llm_dataset/plc_data/TransDF/results/meta_tune/Fredformer_ECL_720_0.3_0.7_0.001_0.001_0.1_TST_100_5_32_64_0.5_5.0_3_0.0_1_MAE_1_700_basis_pca_T_1_0_0
Fredformer,720,ECL,0.001,0.001,0.1,0.3,0.7,0.5,TST,100,5,32,64,700,1,0.0,3,5.0,MAE,1,basis,pca,T,1,0,1,0.20810823142528534,0.2975185215473175,/mnt/tidalfs-bdsz01/dataset/llm_dataset/plc_data/TransDF/results/meta_tune/Fredformer_ECL_720_0.3_0.7_0.001_0.001_0.1_TST_100_5_32_64_0.5_5.0_3_0.0_1_MAE_1_700_basis_pca_T_1_0_1
Fredformer,720,ECL,0.001,0.001,0.1,0.3,0.7,1.0,TST,100,5,32,64,300,1,0.0,3,5.0,MAE,1,basis,pca,T,1,0,0,0.21782997250556946,0.30806973576545715,/mnt/tidalfs-bdsz01/dataset/llm_dataset/plc_data/TransDF/results/meta_tune/Fredformer_ECL_720_0.3_0.7_0.001_0.001_0.1_TST_100_5_32_64_1.0_5.0_3_0.0_1_MAE_1_300_basis_pca_T_1_0_0
Fredformer,720,ECL,0.001,0.001,0.1,0.3,0.7,1.0,TST,100,5,32,64,300,1,0.0,3,5.0,MAE,1,basis,pca,T,1,0,1,0.2187921702861786,0.3057922124862671,/mnt/tidalfs-bdsz01/dataset/llm_dataset/plc_data/TransDF/results/meta_tune/Fredformer_ECL_720_0.3_0.7_0.001_0.001_0.1_TST_100_5_32_64_1.0_5.0_3_0.0_1_MAE_1_300_basis_pca_T_1_0_1
Fredformer,720,ECL,0.001,0.001,0.1,0.3,0.7,1.0,TST,100,5,32,64,500,1,0.0,3,5.0,MAE,1,basis,pca,T,1,0,0,0.21629270911216736,0.30471763014793396,/mnt/tidalfs-bdsz01/dataset/llm_dataset/plc_data/TransDF/results/meta_tune/Fredformer_ECL_720_0.3_0.7_0.001_0.001_0.1_TST_100_5_32_64_1.0_5.0_3_0.0_1_MAE_1_500_basis_pca_T_1_0_0
Fredformer,720,ECL,0.001,0.001,0.1,0.3,0.7,1.0,TST,100,5,32,64,500,1,0.0,3,5.0,MAE,1,basis,pca,T,1,0,1,0.20712272822856903,0.2980598211288452,/mnt/tidalfs-bdsz01/dataset/llm_dataset/plc_data/TransDF/results/meta_tune/Fredformer_ECL_720_0.3_0.7_0.001_0.001_0.1_TST_100_5_32_64_1.0_5.0_3_0.0_1_MAE_1_500_basis_pca_T_1_0_1
Fredformer,720,ECL,0.001,0.001,0.1,0.3,0.7,1.0,TST,100,5,32,64,700,1,0.0,3,5.0,MAE,1,basis,pca,T,1,0,0,0.21063344180583954,0.3037175238132477,/mnt/tidalfs-bdsz01/dataset/llm_dataset/plc_data/TransDF/results/meta_tune/Fredformer_ECL_720_0.3_0.7_0.001_0.001_0.1_TST_100_5_32_64_1.0_5.0_3_0.0_1_MAE_1_700_basis_pca_T_1_0_0
Fredformer,720,ECL,0.001,0.001,0.1,0.3,0.7,1.0,TST,100,5,32,64,700,1,0.0,3,5.0,MAE,1,basis,pca,T,1,0,1,0.21426618099212646,0.3041868805885315,/mnt/tidalfs-bdsz01/dataset/llm_dataset/plc_data/TransDF/results/meta_tune/Fredformer_ECL_720_0.3_0.7_0.001_0.001_0.1_TST_100_5_32_64_1.0_5.0_3_0.0_1_MAE_1_700_basis_pca_T_1_0_1
Fredformer,720,ECL,0.01,0.01,0.1,0.3,0.7,0.5,TST,100,5,32,64,300,1,0.0,3,5.0,MAE,1,basis,pca,T,1,0,0,0.23240134119987488,0.3185734152793884,/mnt/tidalfs-bdsz01/dataset/llm_dataset/plc_data/TransDF/results/meta_tune/Fredformer_ECL_720_0.3_0.7_0.01_0.01_0.1_TST_100_5_32_64_0.5_5.0_3_0.0_1_MAE_1_300_basis_pca_T_1_0_0
Fredformer,720,ECL,0.01,0.01,0.1,0.3,0.7,0.5,TST,100,5,32,64,300,1,0.0,3,5.0,MAE,1,basis,pca,T,1,0,1,0.2262079417705536,0.31219857931137085,/mnt/tidalfs-bdsz01/dataset/llm_dataset/plc_data/TransDF/results/meta_tune/Fredformer_ECL_720_0.3_0.7_0.01_0.01_0.1_TST_100_5_32_64_0.5_5.0_3_0.0_1_MAE_1_300_basis_pca_T_1_0_1
Fredformer,720,ECL,0.01,0.01,0.1,0.3,0.7,0.5,TST,100,5,32,64,500,1,0.0,3,5.0,MAE,1,basis,pca,T,1,0,0,0.23324155807495117,0.3195079267024994,/mnt/tidalfs-bdsz01/dataset/llm_dataset/plc_data/TransDF/results/meta_tune/Fredformer_ECL_720_0.3_0.7_0.01_0.01_0.1_TST_100_5_32_64_0.5_5.0_3_0.0_1_MAE_1_500_basis_pca_T_1_0_0
Fredformer,720,ECL,0.01,0.01,0.1,0.3,0.7,0.5,TST,100,5,32,64,500,1,0.0,3,5.0,MAE,1,basis,pca,T,1,0,1,0.22485589981079102,0.3137303590774536,/mnt/tidalfs-bdsz01/dataset/llm_dataset/plc_data/TransDF/results/meta_tune/Fredformer_ECL_720_0.3_0.7_0.01_0.01_0.1_TST_100_5_32_64_0.5_5.0_3_0.0_1_MAE_1_500_basis_pca_T_1_0_1
Fredformer,720,ECL,0.01,0.01,0.1,0.3,0.7,0.5,TST,100,5,32,64,700,1,0.0,3,5.0,MAE,1,basis,pca,T,1,0,0,0.23378919064998627,0.3209407925605774,/mnt/tidalfs-bdsz01/dataset/llm_dataset/plc_data/TransDF/results/meta_tune/Fredformer_ECL_720_0.3_0.7_0.01_0.01_0.1_TST_100_5_32_64_0.5_5.0_3_0.0_1_MAE_1_700_basis_pca_T_1_0_0
Fredformer,720,ECL,0.01,0.01,0.1,0.3,0.7,0.5,TST,100,5,32,64,700,1,0.0,3,5.0,MAE,1,basis,pca,T,1,0,1,0.22135557234287262,0.31029748916625977,/mnt/tidalfs-bdsz01/dataset/llm_dataset/plc_data/TransDF/results/meta_tune/Fredformer_ECL_720_0.3_0.7_0.01_0.01_0.1_TST_100_5_32_64_0.5_5.0_3_0.0_1_MAE_1_700_basis_pca_T_1_0_1
Fredformer,720,ECL,0.01,0.01,0.1,0.3,0.7,1.0,TST,100,5,32,64,300,1,0.0,3,5.0,MAE,1,basis,pca,T,1,0,0,0.22809605300426483,0.3148016929626465,/mnt/tidalfs-bdsz01/dataset/llm_dataset/plc_data/TransDF/results/meta_tune/Fredformer_ECL_720_0.3_0.7_0.01_0.01_0.1_TST_100_5_32_64_1.0_5.0_3_0.0_1_MAE_1_300_basis_pca_T_1_0_0
Fredformer,720,ECL,0.01,0.01,0.1,0.3,0.7,1.0,TST,100,5,32,64,300,1,0.0,3,5.0,MAE,1,basis,pca,T,1,0,1,0.23076073825359344,0.3173094093799591,/mnt/tidalfs-bdsz01/dataset/llm_dataset/plc_data/TransDF/results/meta_tune/Fredformer_ECL_720_0.3_0.7_0.01_0.01_0.1_TST_100_5_32_64_1.0_5.0_3_0.0_1_MAE_1_300_basis_pca_T_1_0_1
Fredformer,720,ECL,0.01,0.01,0.1,0.3,0.7,1.0,TST,100,5,32,64,500,1,0.0,3,5.0,MAE,1,basis,pca,T,1,0,0,0.23275406658649445,0.3184705376625061,/mnt/tidalfs-bdsz01/dataset/llm_dataset/plc_data/TransDF/results/meta_tune/Fredformer_ECL_720_0.3_0.7_0.01_0.01_0.1_TST_100_5_32_64_1.0_5.0_3_0.0_1_MAE_1_500_basis_pca_T_1_0_0
Fredformer,720,ECL,0.01,0.01,0.1,0.3,0.7,1.0,TST,100,5,32,64,500,1,0.0,3,5.0,MAE,1,basis,pca,T,1,0,1,0.22909192740917206,0.31599608063697815,/mnt/tidalfs-bdsz01/dataset/llm_dataset/plc_data/TransDF/results/meta_tune/Fredformer_ECL_720_0.3_0.7_0.01_0.01_0.1_TST_100_5_32_64_1.0_5.0_3_0.0_1_MAE_1_500_basis_pca_T_1_0_1
Fredformer,720,ECL,0.01,0.01,0.1,0.3,0.7,1.0,TST,100,5,32,64,700,1,0.0,3,5.0,MAE,1,basis,pca,T,1,0,0,0.23552794754505157,0.32176515460014343,/mnt/tidalfs-bdsz01/dataset/llm_dataset/plc_data/TransDF/results/meta_tune/Fredformer_ECL_720_0.3_0.7_0.01_0.01_0.1_TST_100_5_32_64_1.0_5.0_3_0.0_1_MAE_1_700_basis_pca_T_1_0_0
Fredformer,720,ECL,0.01,0.01,0.1,0.3,0.7,1.0,TST,100,5,32,64,700,1,0.0,3,5.0,MAE,1,basis,pca,T,1,0,1,0.22891104221343994,0.3167872726917267,/mnt/tidalfs-bdsz01/dataset/llm_dataset/plc_data/TransDF/results/meta_tune/Fredformer_ECL_720_0.3_0.7_0.01_0.01_0.1_TST_100_5_32_64_1.0_5.0_3_0.0_1_MAE_1_700_basis_pca_T_1_0_1
Fredformer,96,ETTh1,0.0005,0.0005,0.2,0.0,1.0,0.9,type3,100,10,128,64,300,1,0.0,3,5.0,MAE,1,basis,pca,T,1,0,0,0.7016844749450684,0.5575702786445618,/mnt/tidalfs-bdsz01/dataset/llm_dataset/plc_data/TransDF/results/meta_tune/Fredformer_ETTh1_96_0.0_1.0_0.0005_0.0005_0.2_type3_100_10_128_64_0.9_5.0_3_0.0_1_MAE_1_300_basis_pca_T_1_0_0
Fredformer,96,ETTh1,0.0005,0.0005,0.2,0.0,1.0,0.9,type3,100,10,128,64,300,1,0.0,3,5.0,MAE,1,basis,pca,T,1,0,1,0.36902758479118347,0.39224594831466675,/mnt/tidalfs-bdsz01/dataset/llm_dataset/plc_data/TransDF/results/meta_tune/Fredformer_ETTh1_96_0.0_1.0_0.0005_0.0005_0.2_type3_100_10_128_64_0.9_5.0_3_0.0_1_MAE_1_300_basis_pca_T_1_0_1
Fredformer,96,ETTh1,0.0005,0.0005,0.2,0.0,1.0,0.9,type3,100,10,128,64,500,1,0.0,3,5.0,MAE,1,basis,pca,T,1,0,0,0.7020785212516785,0.5576947927474976,/mnt/tidalfs-bdsz01/dataset/llm_dataset/plc_data/TransDF/results/meta_tune/Fredformer_ETTh1_96_0.0_1.0_0.0005_0.0005_0.2_type3_100_10_128_64_0.9_5.0_3_0.0_1_MAE_1_500_basis_pca_T_1_0_0
Fredformer,96,ETTh1,0.0005,0.0005,0.2,0.0,1.0,0.9,type3,100,10,128,64,500,1,0.0,3,5.0,MAE,1,basis,pca,T,1,0,1,0.3694665729999542,0.3923383355140686,/mnt/tidalfs-bdsz01/dataset/llm_dataset/plc_data/TransDF/results/meta_tune/Fredformer_ETTh1_96_0.0_1.0_0.0005_0.0005_0.2_type3_100_10_128_64_0.9_5.0_3_0.0_1_MAE_1_500_basis_pca_T_1_0_1
Fredformer,96,ETTh1,0.0005,0.0005,0.2,0.0,1.0,0.9,type3,100,10,128,64,700,1,0.0,3,5.0,MAE,1,basis,pca,T,1,0,0,0.7020561099052429,0.5576988458633423,/mnt/tidalfs-bdsz01/dataset/llm_dataset/plc_data/TransDF/results/meta_tune/Fredformer_ETTh1_96_0.0_1.0_0.0005_0.0005_0.2_type3_100_10_128_64_0.9_5.0_3_0.0_1_MAE_1_700_basis_pca_T_1_0_0
Fredformer,96,ETTh1,0.0005,0.0005,0.2,0.0,1.0,0.9,type3,100,10,128,64,700,1,0.0,3,5.0,MAE,1,basis,pca,T,1,0,1,0.36981627345085144,0.391262024641037,/mnt/tidalfs-bdsz01/dataset/llm_dataset/plc_data/TransDF/results/meta_tune/Fredformer_ETTh1_96_0.0_1.0_0.0005_0.0005_0.2_type3_100_10_128_64_0.9_5.0_3_0.0_1_MAE_1_700_basis_pca_T_1_0_1
Fredformer,96,ETTh1,0.0005,0.0005,0.2,0.0,1.0,1.0,type3,100,10,128,64,300,1,0.0,3,5.0,MAE,1,basis,pca,T,1,0,0,0.7038052082061768,0.5582724213600159,/mnt/tidalfs-bdsz01/dataset/llm_dataset/plc_data/TransDF/results/meta_tune/Fredformer_ETTh1_96_0.0_1.0_0.0005_0.0005_0.2_type3_100_10_128_64_1.0_5.0_3_0.0_1_MAE_1_300_basis_pca_T_1_0_0
Fredformer,96,ETTh1,0.0005,0.0005,0.2,0.0,1.0,1.0,type3,100,10,128,64,300,1,0.0,3,5.0,MAE,1,basis,pca,T,1,0,1,0.36945411562919617,0.39162716269493103,/mnt/tidalfs-bdsz01/dataset/llm_dataset/plc_data/TransDF/results/meta_tune/Fredformer_ETTh1_96_0.0_1.0_0.0005_0.0005_0.2_type3_100_10_128_64_1.0_5.0_3_0.0_1_MAE_1_300_basis_pca_T_1_0_1
Fredformer,96,ETTh1,0.0005,0.0005,0.2,0.0,1.0,1.0,type3,100,10,128,64,500,1,0.0,3,5.0,MAE,1,basis,pca,T,1,0,0,0.7034690976142883,0.558159589767456,/mnt/tidalfs-bdsz01/dataset/llm_dataset/plc_data/TransDF/results/meta_tune/Fredformer_ETTh1_96_0.0_1.0_0.0005_0.0005_0.2_type3_100_10_128_64_1.0_5.0_3_0.0_1_MAE_1_500_basis_pca_T_1_0_0
Fredformer,96,ETTh1,0.0005,0.0005,0.2,0.0,1.0,1.0,type3,100,10,128,64,500,1,0.0,3,5.0,MAE,1,basis,pca,T,1,0,1,0.37053751945495605,0.3899959921836853,/mnt/tidalfs-bdsz01/dataset/llm_dataset/plc_data/TransDF/results/meta_tune/Fredformer_ETTh1_96_0.0_1.0_0.0005_0.0005_0.2_type3_100_10_128_64_1.0_5.0_3_0.0_1_MAE_1_500_basis_pca_T_1_0_1
Fredformer,96,ETTh1,0.0005,0.0005,0.2,0.0,1.0,1.0,type3,100,10,128,64,700,1,0.0,3,5.0,MAE,1,basis,pca,T,1,0,0,0.702601432800293,0.5577991008758545,/mnt/tidalfs-bdsz01/dataset/llm_dataset/plc_data/TransDF/results/meta_tune/Fredformer_ETTh1_96_0.0_1.0_0.0005_0.0005_0.2_type3_100_10_128_64_1.0_5.0_3_0.0_1_MAE_1_700_basis_pca_T_1_0_0
Fredformer,96,ETTh1,0.0005,0.0005,0.2,0.0,1.0,1.0,type3,100,10,128,64,700,1,0.0,3,5.0,MAE,1,basis,pca,T,1,0,1,0.36804941296577454,0.3928205966949463,/mnt/tidalfs-bdsz01/dataset/llm_dataset/plc_data/TransDF/results/meta_tune/Fredformer_ETTh1_96_0.0_1.0_0.0005_0.0005_0.2_type3_100_10_128_64_1.0_5.0_3_0.0_1_MAE_1_700_basis_pca_T_1_0_1
Fredformer,96,ETTh1,0.001,0.001,0.2,0.0,1.0,0.9,type3,100,10,128,64,300,1,0.0,3,5.0,MAE,1,basis,pca,T,1,0,0,0.7021004557609558,0.5576659440994263,/mnt/tidalfs-bdsz01/dataset/llm_dataset/plc_data/TransDF/results/meta_tune/Fredformer_ETTh1_96_0.0_1.0_0.001_0.001_0.2_type3_100_10_128_64_0.9_5.0_3_0.0_1_MAE_1_300_basis_pca_T_1_0_0
Fredformer,96,ETTh1,0.001,0.001,0.2,0.0,1.0,0.9,type3,100,10,128,64,300,1,0.0,3,5.0,MAE,1,basis,pca,T,1,0,1,0.3702974319458008,0.39217448234558105,/mnt/tidalfs-bdsz01/dataset/llm_dataset/plc_data/TransDF/results/meta_tune/Fredformer_ETTh1_96_0.0_1.0_0.001_0.001_0.2_type3_100_10_128_64_0.9_5.0_3_0.0_1_MAE_1_300_basis_pca_T_1_0_1
Fredformer,96,ETTh1,0.001,0.001,0.2,0.0,1.0,0.9,type3,100,10,128,64,500,1,0.0,3,5.0,MAE,1,basis,pca,T,1,0,0,0.7027239203453064,0.5579081177711487,/mnt/tidalfs-bdsz01/dataset/llm_dataset/plc_data/TransDF/results/meta_tune/Fredformer_ETTh1_96_0.0_1.0_0.001_0.001_0.2_type3_100_10_128_64_0.9_5.0_3_0.0_1_MAE_1_500_basis_pca_T_1_0_0
Fredformer,96,ETTh1,0.001,0.001,0.2,0.0,1.0,0.9,type3,100,10,128,64,500,1,0.0,3,5.0,MAE,1,basis,pca,T,1,0,1,0.3701910972595215,0.3938133120536804,/mnt/tidalfs-bdsz01/dataset/llm_dataset/plc_data/TransDF/results/meta_tune/Fredformer_ETTh1_96_0.0_1.0_0.001_0.001_0.2_type3_100_10_128_64_0.9_5.0_3_0.0_1_MAE_1_500_basis_pca_T_1_0_1
Fredformer,96,ETTh1,0.001,0.001,0.2,0.0,1.0,0.9,type3,100,10,128,64,700,1,0.0,3,5.0,MAE,1,basis,pca,T,1,0,0,0.7022079229354858,0.5577443838119507,/mnt/tidalfs-bdsz01/dataset/llm_dataset/plc_data/TransDF/results/meta_tune/Fredformer_ETTh1_96_0.0_1.0_0.001_0.001_0.2_type3_100_10_128_64_0.9_5.0_3_0.0_1_MAE_1_700_basis_pca_T_1_0_0
Fredformer,96,ETTh1,0.001,0.001,0.2,0.0,1.0,0.9,type3,100,10,128,64,700,1,0.0,3,5.0,MAE,1,basis,pca,T,1,0,1,0.36999770998954773,0.39265671372413635,/mnt/tidalfs-bdsz01/dataset/llm_dataset/plc_data/TransDF/results/meta_tune/Fredformer_ETTh1_96_0.0_1.0_0.001_0.001_0.2_type3_100_10_128_64_0.9_5.0_3_0.0_1_MAE_1_700_basis_pca_T_1_0_1
Fredformer,96,ETTh1,0.001,0.001,0.2,0.0,1.0,1.0,type3,100,10,128,64,300,1,0.0,3,5.0,MAE,1,basis,pca,T,1,0,0,0.7032031416893005,0.5580007433891296,/mnt/tidalfs-bdsz01/dataset/llm_dataset/plc_data/TransDF/results/meta_tune/Fredformer_ETTh1_96_0.0_1.0_0.001_0.001_0.2_type3_100_10_128_64_1.0_5.0_3_0.0_1_MAE_1_300_basis_pca_T_1_0_0
Fredformer,96,ETTh1,0.001,0.001,0.2,0.0,1.0,1.0,type3,100,10,128,64,300,1,0.0,3,5.0,MAE,1,basis,pca,T,1,0,1,0.3689507842063904,0.3918021321296692,/mnt/tidalfs-bdsz01/dataset/llm_dataset/plc_data/TransDF/results/meta_tune/Fredformer_ETTh1_96_0.0_1.0_0.001_0.001_0.2_type3_100_10_128_64_1.0_5.0_3_0.0_1_MAE_1_300_basis_pca_T_1_0_1
Fredformer,96,ETTh1,0.001,0.001,0.2,0.0,1.0,1.0,type3,100,10,128,64,500,1,0.0,3,5.0,MAE,1,basis,pca,T,1,0,0,0.7030394673347473,0.5579431653022766,/mnt/tidalfs-bdsz01/dataset/llm_dataset/plc_data/TransDF/results/meta_tune/Fredformer_ETTh1_96_0.0_1.0_0.001_0.001_0.2_type3_100_10_128_64_1.0_5.0_3_0.0_1_MAE_1_500_basis_pca_T_1_0_0
Fredformer,96,ETTh1,0.001,0.001,0.2,0.0,1.0,1.0,type3,100,10,128,64,500,1,0.0,3,5.0,MAE,1,basis,pca,T,1,0,1,0.36759549379348755,0.39137938618659973,/mnt/tidalfs-bdsz01/dataset/llm_dataset/plc_data/TransDF/results/meta_tune/Fredformer_ETTh1_96_0.0_1.0_0.001_0.001_0.2_type3_100_10_128_64_1.0_5.0_3_0.0_1_MAE_1_500_basis_pca_T_1_0_1
Fredformer,96,ETTh1,0.001,0.001,0.2,0.0,1.0,1.0,type3,100,10,128,64,700,1,0.0,3,5.0,MAE,1,basis,pca,T,1,0,0,0.7037258744239807,0.5581330060958862,/mnt/tidalfs-bdsz01/dataset/llm_dataset/plc_data/TransDF/results/meta_tune/Fredformer_ETTh1_96_0.0_1.0_0.001_0.001_0.2_type3_100_10_128_64_1.0_5.0_3_0.0_1_MAE_1_700_basis_pca_T_1_0_0
Fredformer,96,ETTh1,0.001,0.001,0.2,0.0,1.0,1.0,type3,100,10,128,64,700,1,0.0,3,5.0,MAE,1,basis,pca,T,1,0,1,0.3678896129131317,0.39135661721229553,/mnt/tidalfs-bdsz01/dataset/llm_dataset/plc_data/TransDF/results/meta_tune/Fredformer_ETTh1_96_0.0_1.0_0.001_0.001_0.2_type3_100_10_128_64_1.0_5.0_3_0.0_1_MAE_1_700_basis_pca_T_1_0_1
Fredformer,192,ETTh1,0.0005,0.0005,0.2,0.0,1.0,0.9,type3,100,10,128,64,300,1,0.0,3,5.0,MAE,1,basis,pca,T,1,0,0,0.7188389301300049,0.5702714920043945,/mnt/tidalfs-bdsz01/dataset/llm_dataset/plc_data/TransDF/results/meta_tune/Fredformer_ETTh1_192_0.0_1.0_0.0005_0.0005_0.2_type3_100_10_128_64_0.9_5.0_3_0.0_1_MAE_1_300_basis_pca_T_1_0_0
Fredformer,192,ETTh1,0.0005,0.0005,0.2,0.0,1.0,0.9,type3,100,10,128,64,300,1,0.0,3,5.0,MAE,1,basis,pca,T,1,0,1,0.4218493700027466,0.42074283957481384,/mnt/tidalfs-bdsz01/dataset/llm_dataset/plc_data/TransDF/results/meta_tune/Fredformer_ETTh1_192_0.0_1.0_0.0005_0.0005_0.2_type3_100_10_128_64_0.9_5.0_3_0.0_1_MAE_1_300_basis_pca_T_1_0_1
Fredformer,192,ETTh1,0.0005,0.0005,0.2,0.0,1.0,0.9,type3,100,10,128,64,500,1,0.0,3,5.0,MAE,1,basis,pca,T,1,0,0,0.718590259552002,0.570167064666748,/mnt/tidalfs-bdsz01/dataset/llm_dataset/plc_data/TransDF/results/meta_tune/Fredformer_ETTh1_192_0.0_1.0_0.0005_0.0005_0.2_type3_100_10_128_64_0.9_5.0_3_0.0_1_MAE_1_500_basis_pca_T_1_0_0
Fredformer,192,ETTh1,0.0005,0.0005,0.2,0.0,1.0,0.9,type3,100,10,128,64,500,1,0.0,3,5.0,MAE,1,basis,pca,T,1,0,1,0.42343613505363464,0.42120295763015747,/mnt/tidalfs-bdsz01/dataset/llm_dataset/plc_data/TransDF/results/meta_tune/Fredformer_ETTh1_192_0.0_1.0_0.0005_0.0005_0.2_type3_100_10_128_64_0.9_5.0_3_0.0_1_MAE_1_500_basis_pca_T_1_0_1
Fredformer,192,ETTh1,0.0005,0.0005,0.2,0.0,1.0,0.9,type3,100,10,128,64,700,1,0.0,3,5.0,MAE,1,basis,pca,T,1,0,0,0.7190626859664917,0.5703250169754028,/mnt/tidalfs-bdsz01/dataset/llm_dataset/plc_data/TransDF/results/meta_tune/Fredformer_ETTh1_192_0.0_1.0_0.0005_0.0005_0.2_type3_100_10_128_64_0.9_5.0_3_0.0_1_MAE_1_700_basis_pca_T_1_0_0
Fredformer,192,ETTh1,0.0005,0.0005,0.2,0.0,1.0,0.9,type3,100,10,128,64,700,1,0.0,3,5.0,MAE,1,basis,pca,T,1,0,1,0.4226607382297516,0.4204214811325073,/mnt/tidalfs-bdsz01/dataset/llm_dataset/plc_data/TransDF/results/meta_tune/Fredformer_ETTh1_192_0.0_1.0_0.0005_0.0005_0.2_type3_100_10_128_64_0.9_5.0_3_0.0_1_MAE_1_700_basis_pca_T_1_0_1
Fredformer,192,ETTh1,0.0005,0.0005,0.2,0.0,1.0,1.0,type3,100,10,128,64,300,1,0.0,3,5.0,MAE,1,basis,pca,T,1,0,0,0.718991756439209,0.5703264474868774,/mnt/tidalfs-bdsz01/dataset/llm_dataset/plc_data/TransDF/results/meta_tune/Fredformer_ETTh1_192_0.0_1.0_0.0005_0.0005_0.2_type3_100_10_128_64_1.0_5.0_3_0.0_1_MAE_1_300_basis_pca_T_1_0_0
Fredformer,192,ETTh1,0.0005,0.0005,0.2,0.0,1.0,1.0,type3,100,10,128,64,300,1,0.0,3,5.0,MAE,1,basis,pca,T,1,0,1,0.42248308658599854,0.42056697607040405,/mnt/tidalfs-bdsz01/dataset/llm_dataset/plc_data/TransDF/results/meta_tune/Fredformer_ETTh1_192_0.0_1.0_0.0005_0.0005_0.2_type3_100_10_128_64_1.0_5.0_3_0.0_1_MAE_1_300_basis_pca_T_1_0_1
Fredformer,192,ETTh1,0.0005,0.0005,0.2,0.0,1.0,1.0,type3,100,10,128,64,500,1,0.0,3,5.0,MAE,1,basis,pca,T,1,0,0,0.7187288999557495,0.570277750492096,/mnt/tidalfs-bdsz01/dataset/llm_dataset/plc_data/TransDF/results/meta_tune/Fredformer_ETTh1_192_0.0_1.0_0.0005_0.0005_0.2_type3_100_10_128_64_1.0_5.0_3_0.0_1_MAE_1_500_basis_pca_T_1_0_0
Fredformer,192,ETTh1,0.0005,0.0005,0.2,0.0,1.0,1.0,type3,100,10,128,64,500,1,0.0,3,5.0,MAE,1,basis,pca,T,1,0,1,0.42225825786590576,0.42013758420944214,/mnt/tidalfs-bdsz01/dataset/llm_dataset/plc_data/TransDF/results/meta_tune/Fredformer_ETTh1_192_0.0_1.0_0.0005_0.0005_0.2_type3_100_10_128_64_1.0_5.0_3_0.0_1_MAE_1_500_basis_pca_T_1_0_1
Fredformer,192,ETTh1,0.0005,0.0005,0.2,0.0,1.0,1.0,type3,100,10,128,64,700,1,0.0,3,5.0,MAE,1,basis,pca,T,1,0,0,0.7185370326042175,0.5702056288719177,/mnt/tidalfs-bdsz01/dataset/llm_dataset/plc_data/TransDF/results/meta_tune/Fredformer_ETTh1_192_0.0_1.0_0.0005_0.0005_0.2_type3_100_10_128_64_1.0_5.0_3_0.0_1_MAE_1_700_basis_pca_T_1_0_0
Fredformer,192,ETTh1,0.0005,0.0005,0.2,0.0,1.0,1.0,type3,100,10,128,64,700,1,0.0,3,5.0,MAE,1,basis,pca,T,1,0,1,0.4227016568183899,0.42012259364128113,/mnt/tidalfs-bdsz01/dataset/llm_dataset/plc_data/TransDF/results/meta_tune/Fredformer_ETTh1_192_0.0_1.0_0.0005_0.0005_0.2_type3_100_10_128_64_1.0_5.0_3_0.0_1_MAE_1_700_basis_pca_T_1_0_1
Fredformer,192,ETTh1,0.001,0.001,0.2,0.0,1.0,0.9,type3,100,10,128,64,300,1,0.0,3,5.0,MAE,1,basis,pca,T,1,0,0,0.7184579372406006,0.5702295303344727,/mnt/tidalfs-bdsz01/dataset/llm_dataset/plc_data/TransDF/results/meta_tune/Fredformer_ETTh1_192_0.0_1.0_0.001_0.001_0.2_type3_100_10_128_64_0.9_5.0_3_0.0_1_MAE_1_300_basis_pca_T_1_0_0
Fredformer,192,ETTh1,0.001,0.001,0.2,0.0,1.0,0.9,type3,100,10,128,64,300,1,0.0,3,5.0,MAE,1,basis,pca,T,1,0,1,0.4141930043697357,0.42062684893608093,/mnt/tidalfs-bdsz01/dataset/llm_dataset/plc_data/TransDF/results/meta_tune/Fredformer_ETTh1_192_0.0_1.0_0.001_0.001_0.2_type3_100_10_128_64_0.9_5.0_3_0.0_1_MAE_1_300_basis_pca_T_1_0_1
Fredformer,192,ETTh1,0.001,0.001,0.2,0.0,1.0,0.9,type3,100,10,128,64,500,1,0.0,3,5.0,MAE,1,basis,pca,T,1,0,0,0.7183613777160645,0.5701371431350708,/mnt/tidalfs-bdsz01/dataset/llm_dataset/plc_data/TransDF/results/meta_tune/Fredformer_ETTh1_192_0.0_1.0_0.001_0.001_0.2_type3_100_10_128_64_0.9_5.0_3_0.0_1_MAE_1_500_basis_pca_T_1_0_0
Fredformer,192,ETTh1,0.001,0.001,0.2,0.0,1.0,0.9,type3,100,10,128,64,500,1,0.0,3,5.0,MAE,1,basis,pca,T,1,0,1,0.4151255786418915,0.42016834020614624,/mnt/tidalfs-bdsz01/dataset/llm_dataset/plc_data/TransDF/results/meta_tune/Fredformer_ETTh1_192_0.0_1.0_0.001_0.001_0.2_type3_100_10_128_64_0.9_5.0_3_0.0_1_MAE_1_500_basis_pca_T_1_0_1
Fredformer,192,ETTh1,0.001,0.001,0.2,0.0,1.0,0.9,type3,100,10,128,64,700,1,0.0,3,5.0,MAE,1,basis,pca,T,1,0,0,0.7188118696212769,0.5703020095825195,/mnt/tidalfs-bdsz01/dataset/llm_dataset/plc_data/TransDF/results/meta_tune/Fredformer_ETTh1_192_0.0_1.0_0.001_0.001_0.2_type3_100_10_128_64_0.9_5.0_3_0.0_1_MAE_1_700_basis_pca_T_1_0_0
Fredformer,192,ETTh1,0.001,0.001,0.2,0.0,1.0,0.9,type3,100,10,128,64,700,1,0.0,3,5.0,MAE,1,basis,pca,T,1,0,1,0.4151401221752167,0.42040541768074036,/mnt/tidalfs-bdsz01/dataset/llm_dataset/plc_data/TransDF/results/meta_tune/Fredformer_ETTh1_192_0.0_1.0_0.001_0.001_0.2_type3_100_10_128_64_0.9_5.0_3_0.0_1_MAE_1_700_basis_pca_T_1_0_1
Fredformer,192,ETTh1,0.001,0.001,0.2,0.0,1.0,1.0,type3,100,10,128,64,300,1,0.0,3,5.0,MAE,1,basis,pca,T,1,0,0,0.7189322113990784,0.5702674984931946,/mnt/tidalfs-bdsz01/dataset/llm_dataset/plc_data/TransDF/results/meta_tune/Fredformer_ETTh1_192_0.0_1.0_0.001_0.001_0.2_type3_100_10_128_64_1.0_5.0_3_0.0_1_MAE_1_300_basis_pca_T_1_0_0
Fredformer,192,ETTh1,0.001,0.001,0.2,0.0,1.0,1.0,type3,100,10,128,64,300,1,0.0,3,5.0,MAE,1,basis,pca,T,1,0,1,0.4196998178958893,0.4203483760356903,/mnt/tidalfs-bdsz01/dataset/llm_dataset/plc_data/TransDF/results/meta_tune/Fredformer_ETTh1_192_0.0_1.0_0.001_0.001_0.2_type3_100_10_128_64_1.0_5.0_3_0.0_1_MAE_1_300_basis_pca_T_1_0_1
Fredformer,192,ETTh1,0.001,0.001,0.2,0.0,1.0,1.0,type3,100,10,128,64,500,1,0.0,3,5.0,MAE,1,basis,pca,T,1,0,0,0.7186644077301025,0.5702412724494934,/mnt/tidalfs-bdsz01/dataset/llm_dataset/plc_data/TransDF/results/meta_tune/Fredformer_ETTh1_192_0.0_1.0_0.001_0.001_0.2_type3_100_10_128_64_1.0_5.0_3_0.0_1_MAE_1_500_basis_pca_T_1_0_0
Fredformer,192,ETTh1,0.001,0.001,0.2,0.0,1.0,1.0,type3,100,10,128,64,500,1,0.0,3,5.0,MAE,1,basis,pca,T,1,0,1,0.42045673727989197,0.4207361936569214,/mnt/tidalfs-bdsz01/dataset/llm_dataset/plc_data/TransDF/results/meta_tune/Fredformer_ETTh1_192_0.0_1.0_0.001_0.001_0.2_type3_100_10_128_64_1.0_5.0_3_0.0_1_MAE_1_500_basis_pca_T_1_0_1
Fredformer,192,ETTh1,0.001,0.001,0.2,0.0,1.0,1.0,type3,100,10,128,64,700,1,0.0,3,5.0,MAE,1,basis,pca,T,1,0,0,0.7185103297233582,0.5701756477355957,/mnt/tidalfs-bdsz01/dataset/llm_dataset/plc_data/TransDF/results/meta_tune/Fredformer_ETTh1_192_0.0_1.0_0.001_0.001_0.2_type3_100_10_128_64_1.0_5.0_3_0.0_1_MAE_1_700_basis_pca_T_1_0_0
Fredformer,192,ETTh1,0.001,0.001,0.2,0.0,1.0,1.0,type3,100,10,128,64,700,1,0.0,3,5.0,MAE,1,basis,pca,T,1,0,1,0.41977041959762573,0.4196363091468811,/mnt/tidalfs-bdsz01/dataset/llm_dataset/plc_data/TransDF/results/meta_tune/Fredformer_ETTh1_192_0.0_1.0_0.001_0.001_0.2_type3_100_10_128_64_1.0_5.0_3_0.0_1_MAE_1_700_basis_pca_T_1_0_1
Fredformer,336,ETTh1,0.0005,0.0005,0.2,0.0,1.0,0.9,type3,100,10,128,64,300,1,0.0,3,5.0,MAE,1,basis,pca,T,1,0,0,0.7233386635780334,0.5807888507843018,/mnt/tidalfs-bdsz01/dataset/llm_dataset/plc_data/TransDF/results/meta_tune/Fredformer_ETTh1_336_0.0_1.0_0.0005_0.0005_0.2_type3_100_10_128_64_0.9_5.0_3_0.0_1_MAE_1_300_basis_pca_T_1_0_0
Fredformer,336,ETTh1,0.0005,0.0005,0.2,0.0,1.0,0.9,type3,100,10,128,64,300,1,0.0,3,5.0,MAE,1,basis,pca,T,1,0,1,0.4659125506877899,0.4402924180030823,/mnt/tidalfs-bdsz01/dataset/llm_dataset/plc_data/TransDF/results/meta_tune/Fredformer_ETTh1_336_0.0_1.0_0.0005_0.0005_0.2_type3_100_10_128_64_0.9_5.0_3_0.0_1_MAE_1_300_basis_pca_T_1_0_1
Fredformer,336,ETTh1,0.0005,0.0005,0.2,0.0,1.0,0.9,type3,100,10,128,64,500,1,0.0,3,5.0,MAE,1,basis,pca,T,1,0,0,0.7234101891517639,0.5808243751525879,/mnt/tidalfs-bdsz01/dataset/llm_dataset/plc_data/TransDF/results/meta_tune/Fredformer_ETTh1_336_0.0_1.0_0.0005_0.0005_0.2_type3_100_10_128_64_0.9_5.0_3_0.0_1_MAE_1_500_basis_pca_T_1_0_0
Fredformer,336,ETTh1,0.0005,0.0005,0.2,0.0,1.0,0.9,type3,100,10,128,64,500,1,0.0,3,5.0,MAE,1,basis,pca,T,1,0,1,0.4653379023075104,0.4408644437789917,/mnt/tidalfs-bdsz01/dataset/llm_dataset/plc_data/TransDF/results/meta_tune/Fredformer_ETTh1_336_0.0_1.0_0.0005_0.0005_0.2_type3_100_10_128_64_0.9_5.0_3_0.0_1_MAE_1_500_basis_pca_T_1_0_1
Fredformer,336,ETTh1,0.0005,0.0005,0.2,0.0,1.0,0.9,type3,100,10,128,64,700,1,0.0,3,5.0,MAE,1,basis,pca,T,1,0,0,0.723395049571991,0.580806314945221,/mnt/tidalfs-bdsz01/dataset/llm_dataset/plc_data/TransDF/results/meta_tune/Fredformer_ETTh1_336_0.0_1.0_0.0005_0.0005_0.2_type3_100_10_128_64_0.9_5.0_3_0.0_1_MAE_1_700_basis_pca_T_1_0_0
Fredformer,336,ETTh1,0.0005,0.0005,0.2,0.0,1.0,0.9,type3,100,10,128,64,700,1,0.0,3,5.0,MAE,1,basis,pca,T,1,0,1,0.4679725766181946,0.44172272086143494,/mnt/tidalfs-bdsz01/dataset/llm_dataset/plc_data/TransDF/results/meta_tune/Fredformer_ETTh1_336_0.0_1.0_0.0005_0.0005_0.2_type3_100_10_128_64_0.9_5.0_3_0.0_1_MAE_1_700_basis_pca_T_1_0_1
Fredformer,336,ETTh1,0.0005,0.0005,0.2,0.0,1.0,1.0,type3,100,10,128,64,300,1,0.0,3,5.0,MAE,1,basis,pca,T,1,0,0,0.7232787013053894,0.5807949304580688,/mnt/tidalfs-bdsz01/dataset/llm_dataset/plc_data/TransDF/results/meta_tune/Fredformer_ETTh1_336_0.0_1.0_0.0005_0.0005_0.2_type3_100_10_128_64_1.0_5.0_3_0.0_1_MAE_1_300_basis_pca_T_1_0_0
Fredformer,336,ETTh1,0.0005,0.0005,0.2,0.0,1.0,1.0,type3,100,10,128,64,300,1,0.0,3,5.0,MAE,1,basis,pca,T,1,0,1,0.4693628251552582,0.44200992584228516,/mnt/tidalfs-bdsz01/dataset/llm_dataset/plc_data/TransDF/results/meta_tune/Fredformer_ETTh1_336_0.0_1.0_0.0005_0.0005_0.2_type3_100_10_128_64_1.0_5.0_3_0.0_1_MAE_1_300_basis_pca_T_1_0_1
Fredformer,336,ETTh1,0.0005,0.0005,0.2,0.0,1.0,1.0,type3,100,10,128,64,500,1,0.0,3,5.0,MAE,1,basis,pca,T,1,0,0,0.723027765750885,0.580672562122345,/mnt/tidalfs-bdsz01/dataset/llm_dataset/plc_data/TransDF/results/meta_tune/Fredformer_ETTh1_336_0.0_1.0_0.0005_0.0005_0.2_type3_100_10_128_64_1.0_5.0_3_0.0_1_MAE_1_500_basis_pca_T_1_0_0
Fredformer,336,ETTh1,0.0005,0.0005,0.2,0.0,1.0,1.0,type3,100,10,128,64,500,1,0.0,3,5.0,MAE,1,basis,pca,T,1,0,1,0.46956145763397217,0.4418339431285858,/mnt/tidalfs-bdsz01/dataset/llm_dataset/plc_data/TransDF/results/meta_tune/Fredformer_ETTh1_336_0.0_1.0_0.0005_0.0005_0.2_type3_100_10_128_64_1.0_5.0_3_0.0_1_MAE_1_500_basis_pca_T_1_0_1
Fredformer,336,ETTh1,0.0005,0.0005,0.2,0.0,1.0,1.0,type3,100,10,128,64,700,1,0.0,3,5.0,MAE,1,basis,pca,T,1,0,0,0.7231538891792297,0.5807419419288635,/mnt/tidalfs-bdsz01/dataset/llm_dataset/plc_data/TransDF/results/meta_tune/Fredformer_ETTh1_336_0.0_1.0_0.0005_0.0005_0.2_type3_100_10_128_64_1.0_5.0_3_0.0_1_MAE_1_700_basis_pca_T_1_0_0
Fredformer,336,ETTh1,0.0005,0.0005,0.2,0.0,1.0,1.0,type3,100,10,128,64,700,1,0.0,3,5.0,MAE,1,basis,pca,T,1,0,1,0.46950894594192505,0.44164717197418213,/mnt/tidalfs-bdsz01/dataset/llm_dataset/plc_data/TransDF/results/meta_tune/Fredformer_ETTh1_336_0.0_1.0_0.0005_0.0005_0.2_type3_100_10_128_64_1.0_5.0_3_0.0_1_MAE_1_700_basis_pca_T_1_0_1
Fredformer,336,ETTh1,0.001,0.001,0.2,0.0,1.0,0.9,type3,100,10,128,64,300,1,0.0,3,5.0,MAE,1,basis,pca,T,1,0,0,0.7231578826904297,0.5807350277900696,/mnt/tidalfs-bdsz01/dataset/llm_dataset/plc_data/TransDF/results/meta_tune/Fredformer_ETTh1_336_0.0_1.0_0.001_0.001_0.2_type3_100_10_128_64_0.9_5.0_3_0.0_1_MAE_1_300_basis_pca_T_1_0_0
Fredformer,336,ETTh1,0.001,0.001,0.2,0.0,1.0,0.9,type3,100,10,128,64,300,1,0.0,3,5.0,MAE,1,basis,pca,T,1,0,1,0.47037580609321594,0.44303151965141296,/mnt/tidalfs-bdsz01/dataset/llm_dataset/plc_data/TransDF/results/meta_tune/Fredformer_ETTh1_336_0.0_1.0_0.001_0.001_0.2_type3_100_10_128_64_0.9_5.0_3_0.0_1_MAE_1_300_basis_pca_T_1_0_1
Fredformer,336,ETTh1,0.001,0.001,0.2,0.0,1.0,0.9,type3,100,10,128,64,500,1,0.0,3,5.0,MAE,1,basis,pca,T,1,0,0,0.7232953310012817,0.5807899236679077,/mnt/tidalfs-bdsz01/dataset/llm_dataset/plc_data/TransDF/results/meta_tune/Fredformer_ETTh1_336_0.0_1.0_0.001_0.001_0.2_type3_100_10_128_64_0.9_5.0_3_0.0_1_MAE_1_500_basis_pca_T_1_0_0
Fredformer,336,ETTh1,0.001,0.001,0.2,0.0,1.0,0.9,type3,100,10,128,64,500,1,0.0,3,5.0,MAE,1,basis,pca,T,1,0,1,0.463470995426178,0.4408004879951477,/mnt/tidalfs-bdsz01/dataset/llm_dataset/plc_data/TransDF/results/meta_tune/Fredformer_ETTh1_336_0.0_1.0_0.001_0.001_0.2_type3_100_10_128_64_0.9_5.0_3_0.0_1_MAE_1_500_basis_pca_T_1_0_1
Fredformer,336,ETTh1,0.001,0.001,0.2,0.0,1.0,0.9,type3,100,10,128,64,700,1,0.0,3,5.0,MAE,1,basis,pca,T,1,0,0,0.7232410907745361,0.580741822719574,/mnt/tidalfs-bdsz01/dataset/llm_dataset/plc_data/TransDF/results/meta_tune/Fredformer_ETTh1_336_0.0_1.0_0.001_0.001_0.2_type3_100_10_128_64_0.9_5.0_3_0.0_1_MAE_1_700_basis_pca_T_1_0_0
Fredformer,336,ETTh1,0.001,0.001,0.2,0.0,1.0,0.9,type3,100,10,128,64,700,1,0.0,3,5.0,MAE,1,basis,pca,T,1,0,1,0.4640176594257355,0.44152316451072693,/mnt/tidalfs-bdsz01/dataset/llm_dataset/plc_data/TransDF/results/meta_tune/Fredformer_ETTh1_336_0.0_1.0_0.001_0.001_0.2_type3_100_10_128_64_0.9_5.0_3_0.0_1_MAE_1_700_basis_pca_T_1_0_1
Fredformer,336,ETTh1,0.001,0.001,0.2,0.0,1.0,1.0,type3,100,10,128,64,300,1,0.0,3,5.0,MAE,1,basis,pca,T,1,0,0,0.7231550812721252,0.5807381868362427,/mnt/tidalfs-bdsz01/dataset/llm_dataset/plc_data/TransDF/results/meta_tune/Fredformer_ETTh1_336_0.0_1.0_0.001_0.001_0.2_type3_100_10_128_64_1.0_5.0_3_0.0_1_MAE_1_300_basis_pca_T_1_0_0
Fredformer,336,ETTh1,0.001,0.001,0.2,0.0,1.0,1.0,type3,100,10,128,64,300,1,0.0,3,5.0,MAE,1,basis,pca,T,1,0,1,0.46078136563301086,0.4406419098377228,/mnt/tidalfs-bdsz01/dataset/llm_dataset/plc_data/TransDF/results/meta_tune/Fredformer_ETTh1_336_0.0_1.0_0.001_0.001_0.2_type3_100_10_128_64_1.0_5.0_3_0.0_1_MAE_1_300_basis_pca_T_1_0_1
Fredformer,336,ETTh1,0.001,0.001,0.2,0.0,1.0,1.0,type3,100,10,128,64,500,1,0.0,3,5.0,MAE,1,basis,pca,T,1,0,0,0.7231189012527466,0.5807268619537354,/mnt/tidalfs-bdsz01/dataset/llm_dataset/plc_data/TransDF/results/meta_tune/Fredformer_ETTh1_336_0.0_1.0_0.001_0.001_0.2_type3_100_10_128_64_1.0_5.0_3_0.0_1_MAE_1_500_basis_pca_T_1_0_0
Fredformer,336,ETTh1,0.001,0.001,0.2,0.0,1.0,1.0,type3,100,10,128,64,500,1,0.0,3,5.0,MAE,1,basis,pca,T,1,0,1,0.45938780903816223,0.43994560837745667,/mnt/tidalfs-bdsz01/dataset/llm_dataset/plc_data/TransDF/results/meta_tune/Fredformer_ETTh1_336_0.0_1.0_0.001_0.001_0.2_type3_100_10_128_64_1.0_5.0_3_0.0_1_MAE_1_500_basis_pca_T_1_0_1
Fredformer,336,ETTh1,0.001,0.001,0.2,0.0,1.0,1.0,type3,100,10,128,64,700,1,0.0,3,5.0,MAE,1,basis,pca,T,1,0,0,0.7231309413909912,0.5807294249534607,/mnt/tidalfs-bdsz01/dataset/llm_dataset/plc_data/TransDF/results/meta_tune/Fredformer_ETTh1_336_0.0_1.0_0.001_0.001_0.2_type3_100_10_128_64_1.0_5.0_3_0.0_1_MAE_1_700_basis_pca_T_1_0_0
Fredformer,336,ETTh1,0.001,0.001,0.2,0.0,1.0,1.0,type3,100,10,128,64,700,1,0.0,3,5.0,MAE,1,basis,pca,T,1,0,1,0.46202921867370605,0.44053730368614197,/mnt/tidalfs-bdsz01/dataset/llm_dataset/plc_data/TransDF/results/meta_tune/Fredformer_ETTh1_336_0.0_1.0_0.001_0.001_0.2_type3_100_10_128_64_1.0_5.0_3_0.0_1_MAE_1_700_basis_pca_T_1_0_1
Fredformer,720,ETTh1,0.0005,0.0005,0.2,0.0,1.0,0.9,type3,100,10,128,64,300,1,0.0,3,5.0,MAE,1,basis,pca,T,1,0,0,0.7121447920799255,0.5954754948616028,/mnt/tidalfs-bdsz01/dataset/llm_dataset/plc_data/TransDF/results/meta_tune/Fredformer_ETTh1_720_0.0_1.0_0.0005_0.0005_0.2_type3_100_10_128_64_0.9_5.0_3_0.0_1_MAE_1_300_basis_pca_T_1_0_0
Fredformer,720,ETTh1,0.0005,0.0005,0.2,0.0,1.0,0.9,type3,100,10,128,64,300,1,0.0,3,5.0,MAE,1,basis,pca,T,1,0,1,0.4751357138156891,0.4631180465221405,/mnt/tidalfs-bdsz01/dataset/llm_dataset/plc_data/TransDF/results/meta_tune/Fredformer_ETTh1_720_0.0_1.0_0.0005_0.0005_0.2_type3_100_10_128_64_0.9_5.0_3_0.0_1_MAE_1_300_basis_pca_T_1_0_1
Fredformer,720,ETTh1,0.0005,0.0005,0.2,0.0,1.0,0.9,type3,100,10,128,64,500,1,0.0,3,5.0,MAE,1,basis,pca,T,1,0,0,0.7122054100036621,0.5955097079277039,/mnt/tidalfs-bdsz01/dataset/llm_dataset/plc_data/TransDF/results/meta_tune/Fredformer_ETTh1_720_0.0_1.0_0.0005_0.0005_0.2_type3_100_10_128_64_0.9_5.0_3_0.0_1_MAE_1_500_basis_pca_T_1_0_0
Fredformer,720,ETTh1,0.0005,0.0005,0.2,0.0,1.0,0.9,type3,100,10,128,64,500,1,0.0,3,5.0,MAE,1,basis,pca,T,1,0,1,0.473687082529068,0.4621429443359375,/mnt/tidalfs-bdsz01/dataset/llm_dataset/plc_data/TransDF/results/meta_tune/Fredformer_ETTh1_720_0.0_1.0_0.0005_0.0005_0.2_type3_100_10_128_64_0.9_5.0_3_0.0_1_MAE_1_500_basis_pca_T_1_0_1
Fredformer,720,ETTh1,0.0005,0.0005,0.2,0.0,1.0,0.9,type3,100,10,128,64,700,1,0.0,3,5.0,MAE,1,basis,pca,T,1,0,0,0.7121389508247375,0.595477819442749,/mnt/tidalfs-bdsz01/dataset/llm_dataset/plc_data/TransDF/results/meta_tune/Fredformer_ETTh1_720_0.0_1.0_0.0005_0.0005_0.2_type3_100_10_128_64_0.9_5.0_3_0.0_1_MAE_1_700_basis_pca_T_1_0_0
Fredformer,720,ETTh1,0.0005,0.0005,0.2,0.0,1.0,0.9,type3,100,10,128,64,700,1,0.0,3,5.0,MAE,1,basis,pca,T,1,0,1,0.4753863513469696,0.462653785943985,/mnt/tidalfs-bdsz01/dataset/llm_dataset/plc_data/TransDF/results/meta_tune/Fredformer_ETTh1_720_0.0_1.0_0.0005_0.0005_0.2_type3_100_10_128_64_0.9_5.0_3_0.0_1_MAE_1_700_basis_pca_T_1_0_1
Fredformer,720,ETTh1,0.0005,0.0005,0.2,0.0,1.0,1.0,type3,100,10,128,64,300,1,0.0,3,5.0,MAE,1,basis,pca,T,1,0,0,0.7120813131332397,0.5954697728157043,/mnt/tidalfs-bdsz01/dataset/llm_dataset/plc_data/TransDF/results/meta_tune/Fredformer_ETTh1_720_0.0_1.0_0.0005_0.0005_0.2_type3_100_10_128_64_1.0_5.0_3_0.0_1_MAE_1_300_basis_pca_T_1_0_0
Fredformer,720,ETTh1,0.0005,0.0005,0.2,0.0,1.0,1.0,type3,100,10,128,64,300,1,0.0,3,5.0,MAE,1,basis,pca,T,1,0,1,0.47631537914276123,0.46093690395355225,/mnt/tidalfs-bdsz01/dataset/llm_dataset/plc_data/TransDF/results/meta_tune/Fredformer_ETTh1_720_0.0_1.0_0.0005_0.0005_0.2_type3_100_10_128_64_1.0_5.0_3_0.0_1_MAE_1_300_basis_pca_T_1_0_1
Fredformer,720,ETTh1,0.0005,0.0005,0.2,0.0,1.0,1.0,type3,100,10,128,64,500,1,0.0,3,5.0,MAE,1,basis,pca,T,1,0,0,0.7121316194534302,0.595495343208313,/mnt/tidalfs-bdsz01/dataset/llm_dataset/plc_data/TransDF/results/meta_tune/Fredformer_ETTh1_720_0.0_1.0_0.0005_0.0005_0.2_type3_100_10_128_64_1.0_5.0_3_0.0_1_MAE_1_500_basis_pca_T_1_0_0
Fredformer,720,ETTh1,0.0005,0.0005,0.2,0.0,1.0,1.0,type3,100,10,128,64,500,1,0.0,3,5.0,MAE,1,basis,pca,T,1,0,1,0.4755052626132965,0.46083855628967285,/mnt/tidalfs-bdsz01/dataset/llm_dataset/plc_data/TransDF/results/meta_tune/Fredformer_ETTh1_720_0.0_1.0_0.0005_0.0005_0.2_type3_100_10_128_64_1.0_5.0_3_0.0_1_MAE_1_500_basis_pca_T_1_0_1
Fredformer,720,ETTh1,0.0005,0.0005,0.2,0.0,1.0,1.0,type3,100,10,128,64,700,1,0.0,3,5.0,MAE,1,basis,pca,T,1,0,0,0.7121143937110901,0.5954891443252563,/mnt/tidalfs-bdsz01/dataset/llm_dataset/plc_data/TransDF/results/meta_tune/Fredformer_ETTh1_720_0.0_1.0_0.0005_0.0005_0.2_type3_100_10_128_64_1.0_5.0_3_0.0_1_MAE_1_700_basis_pca_T_1_0_0
Fredformer,720,ETTh1,0.0005,0.0005,0.2,0.0,1.0,1.0,type3,100,10,128,64,700,1,0.0,3,5.0,MAE,1,basis,pca,T,1,0,1,0.47694647312164307,0.46161627769470215,/mnt/tidalfs-bdsz01/dataset/llm_dataset/plc_data/TransDF/results/meta_tune/Fredformer_ETTh1_720_0.0_1.0_0.0005_0.0005_0.2_type3_100_10_128_64_1.0_5.0_3_0.0_1_MAE_1_700_basis_pca_T_1_0_1
Fredformer,720,ETTh1,0.001,0.001,0.2,0.0,1.0,0.9,type3,100,10,128,64,300,1,0.0,3,5.0,MAE,1,basis,pca,T,1,0,0,0.7122049927711487,0.595515787601471,/mnt/tidalfs-bdsz01/dataset/llm_dataset/plc_data/TransDF/results/meta_tune/Fredformer_ETTh1_720_0.0_1.0_0.001_0.001_0.2_type3_100_10_128_64_0.9_5.0_3_0.0_1_MAE_1_300_basis_pca_T_1_0_0
Fredformer,720,ETTh1,0.001,0.001,0.2,0.0,1.0,0.9,type3,100,10,128,64,300,1,0.0,3,5.0,MAE,1,basis,pca,T,1,0,1,0.4674805700778961,0.4613235592842102,/mnt/tidalfs-bdsz01/dataset/llm_dataset/plc_data/TransDF/results/meta_tune/Fredformer_ETTh1_720_0.0_1.0_0.001_0.001_0.2_type3_100_10_128_64_0.9_5.0_3_0.0_1_MAE_1_300_basis_pca_T_1_0_1
Fredformer,720,ETTh1,0.001,0.001,0.2,0.0,1.0,0.9,type3,100,10,128,64,500,1,0.0,3,5.0,MAE,1,basis,pca,T,1,0,0,0.7121861577033997,0.5955033898353577,/mnt/tidalfs-bdsz01/dataset/llm_dataset/plc_data/TransDF/results/meta_tune/Fredformer_ETTh1_720_0.0_1.0_0.001_0.001_0.2_type3_100_10_128_64_0.9_5.0_3_0.0_1_MAE_1_500_basis_pca_T_1_0_0
Fredformer,720,ETTh1,0.001,0.001,0.2,0.0,1.0,0.9,type3,100,10,128,64,500,1,0.0,3,5.0,MAE,1,basis,pca,T,1,0,1,0.4676145613193512,0.4612835943698883,/mnt/tidalfs-bdsz01/dataset/llm_dataset/plc_data/TransDF/results/meta_tune/Fredformer_ETTh1_720_0.0_1.0_0.001_0.001_0.2_type3_100_10_128_64_0.9_5.0_3_0.0_1_MAE_1_500_basis_pca_T_1_0_1
Fredformer,720,ETTh1,0.001,0.001,0.2,0.0,1.0,0.9,type3,100,10,128,64,700,1,0.0,3,5.0,MAE,1,basis,pca,T,1,0,0,0.712188184261322,0.5955051779747009,/mnt/tidalfs-bdsz01/dataset/llm_dataset/plc_data/TransDF/results/meta_tune/Fredformer_ETTh1_720_0.0_1.0_0.001_0.001_0.2_type3_100_10_128_64_0.9_5.0_3_0.0_1_MAE_1_700_basis_pca_T_1_0_0
Fredformer,720,ETTh1,0.001,0.001,0.2,0.0,1.0,0.9,type3,100,10,128,64,700,1,0.0,3,5.0,MAE,1,basis,pca,T,1,0,1,0.46975088119506836,0.4625559151172638,/mnt/tidalfs-bdsz01/dataset/llm_dataset/plc_data/TransDF/results/meta_tune/Fredformer_ETTh1_720_0.0_1.0_0.001_0.001_0.2_type3_100_10_128_64_0.9_5.0_3_0.0_1_MAE_1_700_basis_pca_T_1_0_1
Fredformer,720,ETTh1,0.001,0.001,0.2,0.0,1.0,1.0,type3,100,10,128,64,300,1,0.0,3,5.0,MAE,1,basis,pca,T,1,0,0,0.7121188640594482,0.5954859852790833,/mnt/tidalfs-bdsz01/dataset/llm_dataset/plc_data/TransDF/results/meta_tune/Fredformer_ETTh1_720_0.0_1.0_0.001_0.001_0.2_type3_100_10_128_64_1.0_5.0_3_0.0_1_MAE_1_300_basis_pca_T_1_0_0
Fredformer,720,ETTh1,0.001,0.001,0.2,0.0,1.0,1.0,type3,100,10,128,64,300,1,0.0,3,5.0,MAE,1,basis,pca,T,1,0,1,0.47081291675567627,0.46939027309417725,/mnt/tidalfs-bdsz01/dataset/llm_dataset/plc_data/TransDF/results/meta_tune/Fredformer_ETTh1_720_0.0_1.0_0.001_0.001_0.2_type3_100_10_128_64_1.0_5.0_3_0.0_1_MAE_1_300_basis_pca_T_1_0_1
Fredformer,720,ETTh1,0.001,0.001,0.2,0.0,1.0,1.0,type3,100,10,128,64,500,1,0.0,3,5.0,MAE,1,basis,pca,T,1,0,0,0.712169349193573,0.5954868793487549,/mnt/tidalfs-bdsz01/dataset/llm_dataset/plc_data/TransDF/results/meta_tune/Fredformer_ETTh1_720_0.0_1.0_0.001_0.001_0.2_type3_100_10_128_64_1.0_5.0_3_0.0_1_MAE_1_500_basis_pca_T_1_0_0
Fredformer,720,ETTh1,0.001,0.001,0.2,0.0,1.0,1.0,type3,100,10,128,64,500,1,0.0,3,5.0,MAE,1,basis,pca,T,1,0,1,0.4643898010253906,0.46111854910850525,/mnt/tidalfs-bdsz01/dataset/llm_dataset/plc_data/TransDF/results/meta_tune/Fredformer_ETTh1_720_0.0_1.0_0.001_0.001_0.2_type3_100_10_128_64_1.0_5.0_3_0.0_1_MAE_1_500_basis_pca_T_1_0_1
Fredformer,720,ETTh1,0.001,0.001,0.2,0.0,1.0,1.0,type3,100,10,128,64,700,1,0.0,3,5.0,MAE,1,basis,pca,T,1,0,0,0.7120858430862427,0.5954703688621521,/mnt/tidalfs-bdsz01/dataset/llm_dataset/plc_data/TransDF/results/meta_tune/Fredformer_ETTh1_720_0.0_1.0_0.001_0.001_0.2_type3_100_10_128_64_1.0_5.0_3_0.0_1_MAE_1_700_basis_pca_T_1_0_0
Fredformer,720,ETTh1,0.001,0.001,0.2,0.0,1.0,1.0,type3,100,10,128,64,700,1,0.0,3,5.0,MAE,1,basis,pca,T,1,0,1,0.4714628756046295,0.46916109323501587,/mnt/tidalfs-bdsz01/dataset/llm_dataset/plc_data/TransDF/results/meta_tune/Fredformer_ETTh1_720_0.0_1.0_0.001_0.001_0.2_type3_100_10_128_64_1.0_5.0_3_0.0_1_MAE_1_700_basis_pca_T_1_0_1
Fredformer,96,ETTh2,0.0002,0.0002,0.2,0.0,1.0,0.6,type3,100,10,128,64,300,1,0.0,3,5.0,MAE,1,basis,pca,T,1,0,0,0.3535235524177551,0.3875133991241455,/mnt/tidalfs-bdsz01/dataset/llm_dataset/plc_data/TransDF/results/meta_tune/Fredformer_ETTh2_96_0.0_1.0_0.0002_0.0002_0.2_type3_100_10_128_64_0.6_5.0_3_0.0_1_MAE_1_300_basis_pca_T_1_0_0
Fredformer,96,ETTh2,0.0002,0.0002,0.2,0.0,1.0,0.6,type3,100,10,128,64,300,1,0.0,3,5.0,MAE,1,basis,pca,T,1,0,1,0.28485190868377686,0.3334813416004181,/mnt/tidalfs-bdsz01/dataset/llm_dataset/plc_data/TransDF/results/meta_tune/Fredformer_ETTh2_96_0.0_1.0_0.0002_0.0002_0.2_type3_100_10_128_64_0.6_5.0_3_0.0_1_MAE_1_300_basis_pca_T_1_0_1
Fredformer,96,ETTh2,0.0002,0.0002,0.2,0.0,1.0,0.6,type3,100,10,128,64,500,1,0.0,3,5.0,MAE,1,basis,pca,T,1,0,0,0.353863000869751,0.3877738416194916,/mnt/tidalfs-bdsz01/dataset/llm_dataset/plc_data/TransDF/results/meta_tune/Fredformer_ETTh2_96_0.0_1.0_0.0002_0.0002_0.2_type3_100_10_128_64_0.6_5.0_3_0.0_1_MAE_1_500_basis_pca_T_1_0_0
Fredformer,96,ETTh2,0.0002,0.0002,0.2,0.0,1.0,0.6,type3,100,10,128,64,500,1,0.0,3,5.0,MAE,1,basis,pca,T,1,0,1,0.2875765562057495,0.3347949683666229,/mnt/tidalfs-bdsz01/dataset/llm_dataset/plc_data/TransDF/results/meta_tune/Fredformer_ETTh2_96_0.0_1.0_0.0002_0.0002_0.2_type3_100_10_128_64_0.6_5.0_3_0.0_1_MAE_1_500_basis_pca_T_1_0_1
Fredformer,96,ETTh2,0.0002,0.0002,0.2,0.0,1.0,0.6,type3,100,10,128,64,700,1,0.0,3,5.0,MAE,1,basis,pca,T,1,0,0,0.3537317216396332,0.3876914083957672,/mnt/tidalfs-bdsz01/dataset/llm_dataset/plc_data/TransDF/results/meta_tune/Fredformer_ETTh2_96_0.0_1.0_0.0002_0.0002_0.2_type3_100_10_128_64_0.6_5.0_3_0.0_1_MAE_1_700_basis_pca_T_1_0_0
Fredformer,96,ETTh2,0.0002,0.0002,0.2,0.0,1.0,0.6,type3,100,10,128,64,700,1,0.0,3,5.0,MAE,1,basis,pca,T,1,0,1,0.28828004002571106,0.3349177837371826,/mnt/tidalfs-bdsz01/dataset/llm_dataset/plc_data/TransDF/results/meta_tune/Fredformer_ETTh2_96_0.0_1.0_0.0002_0.0002_0.2_type3_100_10_128_64_0.6_5.0_3_0.0_1_MAE_1_700_basis_pca_T_1_0_1
Fredformer,96,ETTh2,0.0002,0.0002,0.2,0.0,1.0,0.8,type3,100,10,128,64,300,1,0.0,3,5.0,MAE,1,basis,pca,T,1,0,0,0.353735089302063,0.3876982033252716,/mnt/tidalfs-bdsz01/dataset/llm_dataset/plc_data/TransDF/results/meta_tune/Fredformer_ETTh2_96_0.0_1.0_0.0002_0.0002_0.2_type3_100_10_128_64_0.8_5.0_3_0.0_1_MAE_1_300_basis_pca_T_1_0_0
Fredformer,96,ETTh2,0.0002,0.0002,0.2,0.0,1.0,0.8,type3,100,10,128,64,300,1,0.0,3,5.0,MAE,1,basis,pca,T,1,0,1,0.284270316362381,0.33096519112586975,/mnt/tidalfs-bdsz01/dataset/llm_dataset/plc_data/TransDF/results/meta_tune/Fredformer_ETTh2_96_0.0_1.0_0.0002_0.0002_0.2_type3_100_10_128_64_0.8_5.0_3_0.0_1_MAE_1_300_basis_pca_T_1_0_1
Fredformer,96,ETTh2,0.0002,0.0002,0.2,0.0,1.0,0.8,type3,100,10,128,64,500,1,0.0,3,5.0,MAE,1,basis,pca,T,1,0,0,0.3538397252559662,0.3877514898777008,/mnt/tidalfs-bdsz01/dataset/llm_dataset/plc_data/TransDF/results/meta_tune/Fredformer_ETTh2_96_0.0_1.0_0.0002_0.0002_0.2_type3_100_10_128_64_0.8_5.0_3_0.0_1_MAE_1_500_basis_pca_T_1_0_0
Fredformer,96,ETTh2,0.0002,0.0002,0.2,0.0,1.0,0.8,type3,100,10,128,64,500,1,0.0,3,5.0,MAE,1,basis,pca,T,1,0,1,0.2847367823123932,0.33119791746139526,/mnt/tidalfs-bdsz01/dataset/llm_dataset/plc_data/TransDF/results/meta_tune/Fredformer_ETTh2_96_0.0_1.0_0.0002_0.0002_0.2_type3_100_10_128_64_0.8_5.0_3_0.0_1_MAE_1_500_basis_pca_T_1_0_1
Fredformer,96,ETTh2,0.0002,0.0002,0.2,0.0,1.0,0.8,type3,100,10,128,64,700,1,0.0,3,5.0,MAE,1,basis,pca,T,1,0,0,0.35388895869255066,0.3877498209476471,/mnt/tidalfs-bdsz01/dataset/llm_dataset/plc_data/TransDF/results/meta_tune/Fredformer_ETTh2_96_0.0_1.0_0.0002_0.0002_0.2_type3_100_10_128_64_0.8_5.0_3_0.0_1_MAE_1_700_basis_pca_T_1_0_0
Fredformer,96,ETTh2,0.0002,0.0002,0.2,0.0,1.0,0.8,type3,100,10,128,64,700,1,0.0,3,5.0,MAE,1,basis,pca,T,1,0,1,0.2830278277397156,0.3304130733013153,/mnt/tidalfs-bdsz01/dataset/llm_dataset/plc_data/TransDF/results/meta_tune/Fredformer_ETTh2_96_0.0_1.0_0.0002_0.0002_0.2_type3_100_10_128_64_0.8_5.0_3_0.0_1_MAE_1_700_basis_pca_T_1_0_1
Fredformer,96,ETTh2,0.0002,0.0002,0.2,0.0,1.0,1.0,type3,100,10,128,64,300,1,0.0,3,5.0,MAE,1,basis,pca,T,1,0,0,0.3536628782749176,0.3876095116138458,/mnt/tidalfs-bdsz01/dataset/llm_dataset/plc_data/TransDF/results/meta_tune/Fredformer_ETTh2_96_0.0_1.0_0.0002_0.0002_0.2_type3_100_10_128_64_1.0_5.0_3_0.0_1_MAE_1_300_basis_pca_T_1_0_0
Fredformer,96,ETTh2,0.0002,0.0002,0.2,0.0,1.0,1.0,type3,100,10,128,64,300,1,0.0,3,5.0,MAE,1,basis,pca,T,1,0,1,0.2824023365974426,0.3308859169483185,/mnt/tidalfs-bdsz01/dataset/llm_dataset/plc_data/TransDF/results/meta_tune/Fredformer_ETTh2_96_0.0_1.0_0.0002_0.0002_0.2_type3_100_10_128_64_1.0_5.0_3_0.0_1_MAE_1_300_basis_pca_T_1_0_1
Fredformer,96,ETTh2,0.0002,0.0002,0.2,0.0,1.0,1.0,type3,100,10,128,64,500,1,0.0,3,5.0,MAE,1,basis,pca,T,1,0,0,0.35363560914993286,0.3875923454761505,/mnt/tidalfs-bdsz01/dataset/llm_dataset/plc_data/TransDF/results/meta_tune/Fredformer_ETTh2_96_0.0_1.0_0.0002_0.0002_0.2_type3_100_10_128_64_1.0_5.0_3_0.0_1_MAE_1_500_basis_pca_T_1_0_0
Fredformer,96,ETTh2,0.0002,0.0002,0.2,0.0,1.0,1.0,type3,100,10,128,64,500,1,0.0,3,5.0,MAE,1,basis,pca,T,1,0,1,0.28260326385498047,0.3308395743370056,/mnt/tidalfs-bdsz01/dataset/llm_dataset/plc_data/TransDF/results/meta_tune/Fredformer_ETTh2_96_0.0_1.0_0.0002_0.0002_0.2_type3_100_10_128_64_1.0_5.0_3_0.0_1_MAE_1_500_basis_pca_T_1_0_1
Fredformer,96,ETTh2,0.0002,0.0002,0.2,0.0,1.0,1.0,type3,100,10,128,64,700,1,0.0,3,5.0,MAE,1,basis,pca,T,1,0,0,0.35361790657043457,0.38758960366249084,/mnt/tidalfs-bdsz01/dataset/llm_dataset/plc_data/TransDF/results/meta_tune/Fredformer_ETTh2_96_0.0_1.0_0.0002_0.0002_0.2_type3_100_10_128_64_1.0_5.0_3_0.0_1_MAE_1_700_basis_pca_T_1_0_0
Fredformer,96,ETTh2,0.0002,0.0002,0.2,0.0,1.0,1.0,type3,100,10,128,64,700,1,0.0,3,5.0,MAE,1,basis,pca,T,1,0,1,0.2826073467731476,0.3306514620780945,/mnt/tidalfs-bdsz01/dataset/llm_dataset/plc_data/TransDF/results/meta_tune/Fredformer_ETTh2_96_0.0_1.0_0.0002_0.0002_0.2_type3_100_10_128_64_1.0_5.0_3_0.0_1_MAE_1_700_basis_pca_T_1_0_1
Fredformer,96,ETTh2,0.0005,0.0005,0.2,0.0,1.0,0.6,type3,100,10,128,64,300,1,0.0,3,5.0,MAE,1,basis,pca,T,1,0,0,0.35368338227272034,0.3876054883003235,/mnt/tidalfs-bdsz01/dataset/llm_dataset/plc_data/TransDF/results/meta_tune/Fredformer_ETTh2_96_0.0_1.0_0.0005_0.0005_0.2_type3_100_10_128_64_0.6_5.0_3_0.0_1_MAE_1_300_basis_pca_T_1_0_0
Fredformer,96,ETTh2,0.0005,0.0005,0.2,0.0,1.0,0.6,type3,100,10,128,64,300,1,0.0,3,5.0,MAE,1,basis,pca,T,1,0,1,0.28660961985588074,0.33548372983932495,/mnt/tidalfs-bdsz01/dataset/llm_dataset/plc_data/TransDF/results/meta_tune/Fredformer_ETTh2_96_0.0_1.0_0.0005_0.0005_0.2_type3_100_10_128_64_0.6_5.0_3_0.0_1_MAE_1_300_basis_pca_T_1_0_1
Fredformer,96,ETTh2,0.0005,0.0005,0.2,0.0,1.0,0.6,type3,100,10,128,64,500,1,0.0,3,5.0,MAE,1,basis,pca,T,1,0,0,0.35378149151802063,0.3877464830875397,/mnt/tidalfs-bdsz01/dataset/llm_dataset/plc_data/TransDF/results/meta_tune/Fredformer_ETTh2_96_0.0_1.0_0.0005_0.0005_0.2_type3_100_10_128_64_0.6_5.0_3_0.0_1_MAE_1_500_basis_pca_T_1_0_0
Fredformer,96,ETTh2,0.0005,0.0005,0.2,0.0,1.0,0.6,type3,100,10,128,64,500,1,0.0,3,5.0,MAE,1,basis,pca,T,1,0,1,0.2864505648612976,0.3359571397304535,/mnt/tidalfs-bdsz01/dataset/llm_dataset/plc_data/TransDF/results/meta_tune/Fredformer_ETTh2_96_0.0_1.0_0.0005_0.0005_0.2_type3_100_10_128_64_0.6_5.0_3_0.0_1_MAE_1_500_basis_pca_T_1_0_1
Fredformer,96,ETTh2,0.0005,0.0005,0.2,0.0,1.0,0.6,type3,100,10,128,64,700,1,0.0,3,5.0,MAE,1,basis,pca,T,1,0,0,0.3537754416465759,0.38774946331977844,/mnt/tidalfs-bdsz01/dataset/llm_dataset/plc_data/TransDF/results/meta_tune/Fredformer_ETTh2_96_0.0_1.0_0.0005_0.0005_0.2_type3_100_10_128_64_0.6_5.0_3_0.0_1_MAE_1_700_basis_pca_T_1_0_0
Fredformer,96,ETTh2,0.0005,0.0005,0.2,0.0,1.0,0.6,type3,100,10,128,64,700,1,0.0,3,5.0,MAE,1,basis,pca,T,1,0,1,0.2881444990634918,0.3368643820285797,/mnt/tidalfs-bdsz01/dataset/llm_dataset/plc_data/TransDF/results/meta_tune/Fredformer_ETTh2_96_0.0_1.0_0.0005_0.0005_0.2_type3_100_10_128_64_0.6_5.0_3_0.0_1_MAE_1_700_basis_pca_T_1_0_1
Fredformer,96,ETTh2,0.0005,0.0005,0.2,0.0,1.0,0.8,type3,100,10,128,64,300,1,0.0,3,5.0,MAE,1,basis,pca,T,1,0,0,0.3539186120033264,0.38780274987220764,/mnt/tidalfs-bdsz01/dataset/llm_dataset/plc_data/TransDF/results/meta_tune/Fredformer_ETTh2_96_0.0_1.0_0.0005_0.0005_0.2_type3_100_10_128_64_0.8_5.0_3_0.0_1_MAE_1_300_basis_pca_T_1_0_0
Fredformer,96,ETTh2,0.0005,0.0005,0.2,0.0,1.0,0.8,type3,100,10,128,64,300,1,0.0,3,5.0,MAE,1,basis,pca,T,1,0,1,0.28279587626457214,0.3297024369239807,/mnt/tidalfs-bdsz01/dataset/llm_dataset/plc_data/TransDF/results/meta_tune/Fredformer_ETTh2_96_0.0_1.0_0.0005_0.0005_0.2_type3_100_10_128_64_0.8_5.0_3_0.0_1_MAE_1_300_basis_pca_T_1_0_1
Fredformer,96,ETTh2,0.0005,0.0005,0.2,0.0,1.0,0.8,type3,100,10,128,64,500,1,0.0,3,5.0,MAE,1,basis,pca,T,1,0,0,0.35395240783691406,0.38779884576797485,/mnt/tidalfs-bdsz01/dataset/llm_dataset/plc_data/TransDF/results/meta_tune/Fredformer_ETTh2_96_0.0_1.0_0.0005_0.0005_0.2_type3_100_10_128_64_0.8_5.0_3_0.0_1_MAE_1_500_basis_pca_T_1_0_0
Fredformer,96,ETTh2,0.0005,0.0005,0.2,0.0,1.0,0.8,type3,100,10,128,64,500,1,0.0,3,5.0,MAE,1,basis,pca,T,1,0,1,0.28438642621040344,0.332986444234848,/mnt/tidalfs-bdsz01/dataset/llm_dataset/plc_data/TransDF/results/meta_tune/Fredformer_ETTh2_96_0.0_1.0_0.0005_0.0005_0.2_type3_100_10_128_64_0.8_5.0_3_0.0_1_MAE_1_500_basis_pca_T_1_0_1
Fredformer,96,ETTh2,0.0005,0.0005,0.2,0.0,1.0,0.8,type3,100,10,128,64,700,1,0.0,3,5.0,MAE,1,basis,pca,T,1,0,0,0.3534682095050812,0.38748154044151306,/mnt/tidalfs-bdsz01/dataset/llm_dataset/plc_data/TransDF/results/meta_tune/Fredformer_ETTh2_96_0.0_1.0_0.0005_0.0005_0.2_type3_100_10_128_64_0.8_5.0_3_0.0_1_MAE_1_700_basis_pca_T_1_0_0
Fredformer,96,ETTh2,0.0005,0.0005,0.2,0.0,1.0,0.8,type3,100,10,128,64,700,1,0.0,3,5.0,MAE,1,basis,pca,T,1,0,1,0.2854321300983429,0.333535373210907,/mnt/tidalfs-bdsz01/dataset/llm_dataset/plc_data/TransDF/results/meta_tune/Fredformer_ETTh2_96_0.0_1.0_0.0005_0.0005_0.2_type3_100_10_128_64_0.8_5.0_3_0.0_1_MAE_1_700_basis_pca_T_1_0_1
Fredformer,96,ETTh2,0.0005,0.0005,0.2,0.0,1.0,1.0,type3,100,10,128,64,300,1,0.0,3,5.0,MAE,1,basis,pca,T,1,0,0,0.3533632159233093,0.387432336807251,/mnt/tidalfs-bdsz01/dataset/llm_dataset/plc_data/TransDF/results/meta_tune/Fredformer_ETTh2_96_0.0_1.0_0.0005_0.0005_0.2_type3_100_10_128_64_1.0_5.0_3_0.0_1_MAE_1_300_basis_pca_T_1_0_0
Fredformer,96,ETTh2,0.0005,0.0005,0.2,0.0,1.0,1.0,type3,100,10,128,64,300,1,0.0,3,5.0,MAE,1,basis,pca,T,1,0,1,0.2841203212738037,0.33096417784690857,/mnt/tidalfs-bdsz01/dataset/llm_dataset/plc_data/TransDF/results/meta_tune/Fredformer_ETTh2_96_0.0_1.0_0.0005_0.0005_0.2_type3_100_10_128_64_1.0_5.0_3_0.0_1_MAE_1_300_basis_pca_T_1_0_1
Fredformer,96,ETTh2,0.0005,0.0005,0.2,0.0,1.0,1.0,type3,100,10,128,64,500,1,0.0,3,5.0,MAE,1,basis,pca,T,1,0,0,0.35329076647758484,0.3873876631259918,/mnt/tidalfs-bdsz01/dataset/llm_dataset/plc_data/TransDF/results/meta_tune/Fredformer_ETTh2_96_0.0_1.0_0.0005_0.0005_0.2_type3_100_10_128_64_1.0_5.0_3_0.0_1_MAE_1_500_basis_pca_T_1_0_0
Fredformer,96,ETTh2,0.0005,0.0005,0.2,0.0,1.0,1.0,type3,100,10,128,64,500,1,0.0,3,5.0,MAE,1,basis,pca,T,1,0,1,0.2832659184932709,0.3319815993309021,/mnt/tidalfs-bdsz01/dataset/llm_dataset/plc_data/TransDF/results/meta_tune/Fredformer_ETTh2_96_0.0_1.0_0.0005_0.0005_0.2_type3_100_10_128_64_1.0_5.0_3_0.0_1_MAE_1_500_basis_pca_T_1_0_1
Fredformer,96,ETTh2,0.0005,0.0005,0.2,0.0,1.0,1.0,type3,100,10,128,64,700,1,0.0,3,5.0,MAE,1,basis,pca,T,1,0,0,0.35327693819999695,0.38739269971847534,/mnt/tidalfs-bdsz01/dataset/llm_dataset/plc_data/TransDF/results/meta_tune/Fredformer_ETTh2_96_0.0_1.0_0.0005_0.0005_0.2_type3_100_10_128_64_1.0_5.0_3_0.0_1_MAE_1_700_basis_pca_T_1_0_0
Fredformer,96,ETTh2,0.0005,0.0005,0.2,0.0,1.0,1.0,type3,100,10,128,64,700,1,0.0,3,5.0,MAE,1,basis,pca,T,1,0,1,0.2803662121295929,0.3301394581794739,/mnt/tidalfs-bdsz01/dataset/llm_dataset/plc_data/TransDF/results/meta_tune/Fredformer_ETTh2_96_0.0_1.0_0.0005_0.0005_0.2_type3_100_10_128_64_1.0_5.0_3_0.0_1_MAE_1_700_basis_pca_T_1_0_1
Fredformer,96,ETTh2,0.0002,0.0002,0.2,0.3,0.7,0.6,type3,100,10,128,64,300,1,0.0,3,5.0,MAE,1,basis,pca,T,1,0,0,0.3018479347229004,0.3485656976699829,/mnt/tidalfs-bdsz01/dataset/llm_dataset/plc_data/TransDF/results/meta_tune/Fredformer_ETTh2_96_0.3_0.7_0.0002_0.0002_0.2_type3_100_10_128_64_0.6_5.0_3_0.0_1_MAE_1_300_basis_pca_T_1_0_0
Fredformer,96,ETTh2,0.0002,0.0002,0.2,0.3,0.7,0.6,type3,100,10,128,64,300,1,0.0,3,5.0,MAE,1,basis,pca,T,1,0,1,0.2861389219760895,0.3360470235347748,/mnt/tidalfs-bdsz01/dataset/llm_dataset/plc_data/TransDF/results/meta_tune/Fredformer_ETTh2_96_0.3_0.7_0.0002_0.0002_0.2_type3_100_10_128_64_0.6_5.0_3_0.0_1_MAE_1_300_basis_pca_T_1_0_1
Fredformer,96,ETTh2,0.0002,0.0002,0.2,0.3,0.7,0.6,type3,100,10,128,64,500,1,0.0,3,5.0,MAE,1,basis,pca,T,1,0,0,0.3294484615325928,0.37090393900871277,/mnt/tidalfs-bdsz01/dataset/llm_dataset/plc_data/TransDF/results/meta_tune/Fredformer_ETTh2_96_0.3_0.7_0.0002_0.0002_0.2_type3_100_10_128_64_0.6_5.0_3_0.0_1_MAE_1_500_basis_pca_T_1_0_0
Fredformer,96,ETTh2,0.0002,0.0002,0.2,0.3,0.7,0.6,type3,100,10,128,64,500,1,0.0,3,5.0,MAE,1,basis,pca,T,1,0,1,0.2863401472568512,0.3357684314250946,/mnt/tidalfs-bdsz01/dataset/llm_dataset/plc_data/TransDF/results/meta_tune/Fredformer_ETTh2_96_0.3_0.7_0.0002_0.0002_0.2_type3_100_10_128_64_0.6_5.0_3_0.0_1_MAE_1_500_basis_pca_T_1_0_1
Fredformer,96,ETTh2,0.0002,0.0002,0.2,0.3,0.7,0.6,type3,100,10,128,64,700,1,0.0,3,5.0,MAE,1,basis,pca,T,1,0,0,0.3385244607925415,0.37729987502098083,/mnt/tidalfs-bdsz01/dataset/llm_dataset/plc_data/TransDF/results/meta_tune/Fredformer_ETTh2_96_0.3_0.7_0.0002_0.0002_0.2_type3_100_10_128_64_0.6_5.0_3_0.0_1_MAE_1_700_basis_pca_T_1_0_0
Fredformer,96,ETTh2,0.0002,0.0002,0.2,0.3,0.7,0.6,type3,100,10,128,64,700,1,0.0,3,5.0,MAE,1,basis,pca,T,1,0,1,0.2861994504928589,0.33592283725738525,/mnt/tidalfs-bdsz01/dataset/llm_dataset/plc_data/TransDF/results/meta_tune/Fredformer_ETTh2_96_0.3_0.7_0.0002_0.0002_0.2_type3_100_10_128_64_0.6_5.0_3_0.0_1_MAE_1_700_basis_pca_T_1_0_1
Fredformer,96,ETTh2,0.0002,0.0002,0.2,0.3,0.7,0.8,type3,100,10,128,64,300,1,0.0,3,5.0,MAE,1,basis,pca,T,1,0,0,0.30146491527557373,0.3482985198497772,/mnt/tidalfs-bdsz01/dataset/llm_dataset/plc_data/TransDF/results/meta_tune/Fredformer_ETTh2_96_0.3_0.7_0.0002_0.0002_0.2_type3_100_10_128_64_0.8_5.0_3_0.0_1_MAE_1_300_basis_pca_T_1_0_0
Fredformer,96,ETTh2,0.0002,0.0002,0.2,0.3,0.7,0.8,type3,100,10,128,64,300,1,0.0,3,5.0,MAE,1,basis,pca,T,1,0,1,0.2860594689846039,0.3364330530166626,/mnt/tidalfs-bdsz01/dataset/llm_dataset/plc_data/TransDF/results/meta_tune/Fredformer_ETTh2_96_0.3_0.7_0.0002_0.0002_0.2_type3_100_10_128_64_0.8_5.0_3_0.0_1_MAE_1_300_basis_pca_T_1_0_1
Fredformer,96,ETTh2,0.0002,0.0002,0.2,0.3,0.7,0.8,type3,100,10,128,64,500,1,0.0,3,5.0,MAE,1,basis,pca,T,1,0,0,0.3260663151741028,0.36889156699180603,/mnt/tidalfs-bdsz01/dataset/llm_dataset/plc_data/TransDF/results/meta_tune/Fredformer_ETTh2_96_0.3_0.7_0.0002_0.0002_0.2_type3_100_10_128_64_0.8_5.0_3_0.0_1_MAE_1_500_basis_pca_T_1_0_0
Fredformer,96,ETTh2,0.0002,0.0002,0.2,0.3,0.7,0.8,type3,100,10,128,64,500,1,0.0,3,5.0,MAE,1,basis,pca,T,1,0,1,0.2856360673904419,0.3359701633453369,/mnt/tidalfs-bdsz01/dataset/llm_dataset/plc_data/TransDF/results/meta_tune/Fredformer_ETTh2_96_0.3_0.7_0.0002_0.0002_0.2_type3_100_10_128_64_0.8_5.0_3_0.0_1_MAE_1_500_basis_pca_T_1_0_1
Fredformer,96,ETTh2,0.0002,0.0002,0.2,0.3,0.7,0.8,type3,100,10,128,64,700,1,0.0,3,5.0,MAE,1,basis,pca,T,1,0,0,0.3374587595462799,0.37692421674728394,/mnt/tidalfs-bdsz01/dataset/llm_dataset/plc_data/TransDF/results/meta_tune/Fredformer_ETTh2_96_0.3_0.7_0.0002_0.0002_0.2_type3_100_10_128_64_0.8_5.0_3_0.0_1_MAE_1_700_basis_pca_T_1_0_0
Fredformer,96,ETTh2,0.0002,0.0002,0.2,0.3,0.7,0.8,type3,100,10,128,64,700,1,0.0,3,5.0,MAE,1,basis,pca,T,1,0,1,0.2862628102302551,0.3365320563316345,/mnt/tidalfs-bdsz01/dataset/llm_dataset/plc_data/TransDF/results/meta_tune/Fredformer_ETTh2_96_0.3_0.7_0.0002_0.0002_0.2_type3_100_10_128_64_0.8_5.0_3_0.0_1_MAE_1_700_basis_pca_T_1_0_1
Fredformer,96,ETTh2,0.0002,0.0002,0.2,0.3,0.7,1.0,type3,100,10,128,64,300,1,0.0,3,5.0,MAE,1,basis,pca,T,1,0,0,0.29906588792800903,0.34650349617004395,/mnt/tidalfs-bdsz01/dataset/llm_dataset/plc_data/TransDF/results/meta_tune/Fredformer_ETTh2_96_0.3_0.7_0.0002_0.0002_0.2_type3_100_10_128_64_1.0_5.0_3_0.0_1_MAE_1_300_basis_pca_T_1_0_0
Fredformer,96,ETTh2,0.0002,0.0002,0.2,0.3,0.7,1.0,type3,100,10,128,64,300,1,0.0,3,5.0,MAE,1,basis,pca,T,1,0,1,0.28793448209762573,0.3367747962474823,/mnt/tidalfs-bdsz01/dataset/llm_dataset/plc_data/TransDF/results/meta_tune/Fredformer_ETTh2_96_0.3_0.7_0.0002_0.0002_0.2_type3_100_10_128_64_1.0_5.0_3_0.0_1_MAE_1_300_basis_pca_T_1_0_1
Fredformer,96,ETTh2,0.0002,0.0002,0.2,0.3,0.7,1.0,type3,100,10,128,64,500,1,0.0,3,5.0,MAE,1,basis,pca,T,1,0,0,0.3273722231388092,0.3697371184825897,/mnt/tidalfs-bdsz01/dataset/llm_dataset/plc_data/TransDF/results/meta_tune/Fredformer_ETTh2_96_0.3_0.7_0.0002_0.0002_0.2_type3_100_10_128_64_1.0_5.0_3_0.0_1_MAE_1_500_basis_pca_T_1_0_0
Fredformer,96,ETTh2,0.0002,0.0002,0.2,0.3,0.7,1.0,type3,100,10,128,64,500,1,0.0,3,5.0,MAE,1,basis,pca,T,1,0,1,0.28767630457878113,0.336619108915329,/mnt/tidalfs-bdsz01/dataset/llm_dataset/plc_data/TransDF/results/meta_tune/Fredformer_ETTh2_96_0.3_0.7_0.0002_0.0002_0.2_type3_100_10_128_64_1.0_5.0_3_0.0_1_MAE_1_500_basis_pca_T_1_0_1
Fredformer,96,ETTh2,0.0002,0.0002,0.2,0.3,0.7,1.0,type3,100,10,128,64,700,1,0.0,3,5.0,MAE,1,basis,pca,T,1,0,0,0.33777257800102234,0.3770730495452881,/mnt/tidalfs-bdsz01/dataset/llm_dataset/plc_data/TransDF/results/meta_tune/Fredformer_ETTh2_96_0.3_0.7_0.0002_0.0002_0.2_type3_100_10_128_64_1.0_5.0_3_0.0_1_MAE_1_700_basis_pca_T_1_0_0
Fredformer,96,ETTh2,0.0002,0.0002,0.2,0.3,0.7,1.0,type3,100,10,128,64,700,1,0.0,3,5.0,MAE,1,basis,pca,T,1,0,1,0.2877067029476166,0.33671048283576965,/mnt/tidalfs-bdsz01/dataset/llm_dataset/plc_data/TransDF/results/meta_tune/Fredformer_ETTh2_96_0.3_0.7_0.0002_0.0002_0.2_type3_100_10_128_64_1.0_5.0_3_0.0_1_MAE_1_700_basis_pca_T_1_0_1
Fredformer,96,ETTh2,0.0005,0.0005,0.2,0.3,0.7,0.6,type3,100,10,128,64,300,1,0.0,3,5.0,MAE,1,basis,pca,T,1,0,0,0.2970167100429535,0.34503456950187683,/mnt/tidalfs-bdsz01/dataset/llm_dataset/plc_data/TransDF/results/meta_tune/Fredformer_ETTh2_96_0.3_0.7_0.0005_0.0005_0.2_type3_100_10_128_64_0.6_5.0_3_0.0_1_MAE_1_300_basis_pca_T_1_0_0
Fredformer,96,ETTh2,0.0005,0.0005,0.2,0.3,0.7,0.6,type3,100,10,128,64,300,1,0.0,3,5.0,MAE,1,basis,pca,T,1,0,1,0.2807933986186981,0.3307189345359802,/mnt/tidalfs-bdsz01/dataset/llm_dataset/plc_data/TransDF/results/meta_tune/Fredformer_ETTh2_96_0.3_0.7_0.0005_0.0005_0.2_type3_100_10_128_64_0.6_5.0_3_0.0_1_MAE_1_300_basis_pca_T_1_0_1
Fredformer,96,ETTh2,0.0005,0.0005,0.2,0.3,0.7,0.6,type3,100,10,128,64,500,1,0.0,3,5.0,MAE,1,basis,pca,T,1,0,0,0.31973302364349365,0.3645099103450775,/mnt/tidalfs-bdsz01/dataset/llm_dataset/plc_data/TransDF/results/meta_tune/Fredformer_ETTh2_96_0.3_0.7_0.0005_0.0005_0.2_type3_100_10_128_64_0.6_5.0_3_0.0_1_MAE_1_500_basis_pca_T_1_0_0
Fredformer,96,ETTh2,0.0005,0.0005,0.2,0.3,0.7,0.6,type3,100,10,128,64,500,1,0.0,3,5.0,MAE,1,basis,pca,T,1,0,1,0.28082823753356934,0.33212411403656006,/mnt/tidalfs-bdsz01/dataset/llm_dataset/plc_data/TransDF/results/meta_tune/Fredformer_ETTh2_96_0.3_0.7_0.0005_0.0005_0.2_type3_100_10_128_64_0.6_5.0_3_0.0_1_MAE_1_500_basis_pca_T_1_0_1
Fredformer,96,ETTh2,0.0005,0.0005,0.2,0.3,0.7,0.6,type3,100,10,128,64,700,1,0.0,3,5.0,MAE,1,basis,pca,T,1,0,0,0.3299190402030945,0.37196967005729675,/mnt/tidalfs-bdsz01/dataset/llm_dataset/plc_data/TransDF/results/meta_tune/Fredformer_ETTh2_96_0.3_0.7_0.0005_0.0005_0.2_type3_100_10_128_64_0.6_5.0_3_0.0_1_MAE_1_700_basis_pca_T_1_0_0
Fredformer,96,ETTh2,0.0005,0.0005,0.2,0.3,0.7,0.6,type3,100,10,128,64,700,1,0.0,3,5.0,MAE,1,basis,pca,T,1,0,1,0.28251001238822937,0.3327793776988983,/mnt/tidalfs-bdsz01/dataset/llm_dataset/plc_data/TransDF/results/meta_tune/Fredformer_ETTh2_96_0.3_0.7_0.0005_0.0005_0.2_type3_100_10_128_64_0.6_5.0_3_0.0_1_MAE_1_700_basis_pca_T_1_0_1
Fredformer,96,ETTh2,0.0005,0.0005,0.2,0.3,0.7,0.8,type3,100,10,128,64,300,1,0.0,3,5.0,MAE,1,basis,pca,T,1,0,0,0.29837101697921753,0.3456481993198395,/mnt/tidalfs-bdsz01/dataset/llm_dataset/plc_data/TransDF/results/meta_tune/Fredformer_ETTh2_96_0.3_0.7_0.0005_0.0005_0.2_type3_100_10_128_64_0.8_5.0_3_0.0_1_MAE_1_300_basis_pca_T_1_0_0
Fredformer,96,ETTh2,0.0005,0.0005,0.2,0.3,0.7,0.8,type3,100,10,128,64,300,1,0.0,3,5.0,MAE,1,basis,pca,T,1,0,1,0.29764819145202637,0.34387221932411194,/mnt/tidalfs-bdsz01/dataset/llm_dataset/plc_data/TransDF/results/meta_tune/Fredformer_ETTh2_96_0.3_0.7_0.0005_0.0005_0.2_type3_100_10_128_64_0.8_5.0_3_0.0_1_MAE_1_300_basis_pca_T_1_0_1
Fredformer,96,ETTh2,0.0005,0.0005,0.2,0.3,0.7,0.8,type3,100,10,128,64,500,1,0.0,3,5.0,MAE,1,basis,pca,T,1,0,0,0.3173220157623291,0.3626856505870819,/mnt/tidalfs-bdsz01/dataset/llm_dataset/plc_data/TransDF/results/meta_tune/Fredformer_ETTh2_96_0.3_0.7_0.0005_0.0005_0.2_type3_100_10_128_64_0.8_5.0_3_0.0_1_MAE_1_500_basis_pca_T_1_0_0
Fredformer,96,ETTh2,0.0005,0.0005,0.2,0.3,0.7,0.8,type3,100,10,128,64,500,1,0.0,3,5.0,MAE,1,basis,pca,T,1,0,1,0.30274444818496704,0.34298330545425415,/mnt/tidalfs-bdsz01/dataset/llm_dataset/plc_data/TransDF/results/meta_tune/Fredformer_ETTh2_96_0.3_0.7_0.0005_0.0005_0.2_type3_100_10_128_64_0.8_5.0_3_0.0_1_MAE_1_500_basis_pca_T_1_0_1
Fredformer,96,ETTh2,0.0005,0.0005,0.2,0.3,0.7,0.8,type3,100,10,128,64,700,1,0.0,3,5.0,MAE,1,basis,pca,T,1,0,0,0.3281061053276062,0.3708275258541107,/mnt/tidalfs-bdsz01/dataset/llm_dataset/plc_data/TransDF/results/meta_tune/Fredformer_ETTh2_96_0.3_0.7_0.0005_0.0005_0.2_type3_100_10_128_64_0.8_5.0_3_0.0_1_MAE_1_700_basis_pca_T_1_0_0
Fredformer,96,ETTh2,0.0005,0.0005,0.2,0.3,0.7,0.8,type3,100,10,128,64,700,1,0.0,3,5.0,MAE,1,basis,pca,T,1,0,1,0.29585155844688416,0.33975881338119507,/mnt/tidalfs-bdsz01/dataset/llm_dataset/plc_data/TransDF/results/meta_tune/Fredformer_ETTh2_96_0.3_0.7_0.0005_0.0005_0.2_type3_100_10_128_64_0.8_5.0_3_0.0_1_MAE_1_700_basis_pca_T_1_0_1
Fredformer,96,ETTh2,0.0005,0.0005,0.2,0.3,0.7,1.0,type3,100,10,128,64,300,1,0.0,3,5.0,MAE,1,basis,pca,T,1,0,0,0.29630598425865173,0.34425583481788635,/mnt/tidalfs-bdsz01/dataset/llm_dataset/plc_data/TransDF/results/meta_tune/Fredformer_ETTh2_96_0.3_0.7_0.0005_0.0005_0.2_type3_100_10_128_64_1.0_5.0_3_0.0_1_MAE_1_300_basis_pca_T_1_0_0
Fredformer,96,ETTh2,0.0005,0.0005,0.2,0.3,0.7,1.0,type3,100,10,128,64,300,1,0.0,3,5.0,MAE,1,basis,pca,T,1,0,1,0.2903222441673279,0.3380342721939087,/mnt/tidalfs-bdsz01/dataset/llm_dataset/plc_data/TransDF/results/meta_tune/Fredformer_ETTh2_96_0.3_0.7_0.0005_0.0005_0.2_type3_100_10_128_64_1.0_5.0_3_0.0_1_MAE_1_300_basis_pca_T_1_0_1
Fredformer,96,ETTh2,0.0005,0.0005,0.2,0.3,0.7,1.0,type3,100,10,128,64,500,1,0.0,3,5.0,MAE,1,basis,pca,T,1,0,0,0.3174995481967926,0.3630186915397644,/mnt/tidalfs-bdsz01/dataset/llm_dataset/plc_data/TransDF/results/meta_tune/Fredformer_ETTh2_96_0.3_0.7_0.0005_0.0005_0.2_type3_100_10_128_64_1.0_5.0_3_0.0_1_MAE_1_500_basis_pca_T_1_0_0
Fredformer,96,ETTh2,0.0005,0.0005,0.2,0.3,0.7,1.0,type3,100,10,128,64,500,1,0.0,3,5.0,MAE,1,basis,pca,T,1,0,1,0.2911415994167328,0.33917537331581116,/mnt/tidalfs-bdsz01/dataset/llm_dataset/plc_data/TransDF/results/meta_tune/Fredformer_ETTh2_96_0.3_0.7_0.0005_0.0005_0.2_type3_100_10_128_64_1.0_5.0_3_0.0_1_MAE_1_500_basis_pca_T_1_0_1
Fredformer,96,ETTh2,0.0005,0.0005,0.2,0.3,0.7,1.0,type3,100,10,128,64,700,1,0.0,3,5.0,MAE,1,basis,pca,T,1,0,0,0.32787051796913147,0.370424747467041,/mnt/tidalfs-bdsz01/dataset/llm_dataset/plc_data/TransDF/results/meta_tune/Fredformer_ETTh2_96_0.3_0.7_0.0005_0.0005_0.2_type3_100_10_128_64_1.0_5.0_3_0.0_1_MAE_1_700_basis_pca_T_1_0_0
Fredformer,96,ETTh2,0.0005,0.0005,0.2,0.3,0.7,1.0,type3,100,10,128,64,700,1,0.0,3,5.0,MAE,1,basis,pca,T,1,0,1,0.2896571457386017,0.3380295932292938,/mnt/tidalfs-bdsz01/dataset/llm_dataset/plc_data/TransDF/results/meta_tune/Fredformer_ETTh2_96_0.3_0.7_0.0005_0.0005_0.2_type3_100_10_128_64_1.0_5.0_3_0.0_1_MAE_1_700_basis_pca_T_1_0_1
Fredformer,192,ETTh2,0.0002,0.0002,0.2,0.0,1.0,0.6,type3,100,10,128,64,300,1,0.0,3,5.0,MAE,1,basis,pca,T,1,0,0,0.42800918221473694,0.42934486269950867,/mnt/tidalfs-bdsz01/dataset/llm_dataset/plc_data/TransDF/results/meta_tune/Fredformer_ETTh2_192_0.0_1.0_0.0002_0.0002_0.2_type3_100_10_128_64_0.6_5.0_3_0.0_1_MAE_1_300_basis_pca_T_1_0_0
Fredformer,192,ETTh2,0.0002,0.0002,0.2,0.0,1.0,0.6,type3,100,10,128,64,300,1,0.0,3,5.0,MAE,1,basis,pca,T,1,0,1,0.35733163356781006,0.3797237277030945,/mnt/tidalfs-bdsz01/dataset/llm_dataset/plc_data/TransDF/results/meta_tune/Fredformer_ETTh2_192_0.0_1.0_0.0002_0.0002_0.2_type3_100_10_128_64_0.6_5.0_3_0.0_1_MAE_1_300_basis_pca_T_1_0_1
Fredformer,192,ETTh2,0.0002,0.0002,0.2,0.0,1.0,0.6,type3,100,10,128,64,500,1,0.0,3,5.0,MAE,1,basis,pca,T,1,0,0,0.42817777395248413,0.42949429154396057,/mnt/tidalfs-bdsz01/dataset/llm_dataset/plc_data/TransDF/results/meta_tune/Fredformer_ETTh2_192_0.0_1.0_0.0002_0.0002_0.2_type3_100_10_128_64_0.6_5.0_3_0.0_1_MAE_1_500_basis_pca_T_1_0_0
Fredformer,192,ETTh2,0.0002,0.0002,0.2,0.0,1.0,0.6,type3,100,10,128,64,500,1,0.0,3,5.0,MAE,1,basis,pca,T,1,0,1,0.3582710921764374,0.38021835684776306,/mnt/tidalfs-bdsz01/dataset/llm_dataset/plc_data/TransDF/results/meta_tune/Fredformer_ETTh2_192_0.0_1.0_0.0002_0.0002_0.2_type3_100_10_128_64_0.6_5.0_3_0.0_1_MAE_1_500_basis_pca_T_1_0_1
Fredformer,192,ETTh2,0.0002,0.0002,0.2,0.0,1.0,0.6,type3,100,10,128,64,700,1,0.0,3,5.0,MAE,1,basis,pca,T,1,0,0,0.42774316668510437,0.42922917008399963,/mnt/tidalfs-bdsz01/dataset/llm_dataset/plc_data/TransDF/results/meta_tune/Fredformer_ETTh2_192_0.0_1.0_0.0002_0.0002_0.2_type3_100_10_128_64_0.6_5.0_3_0.0_1_MAE_1_700_basis_pca_T_1_0_0
Fredformer,192,ETTh2,0.0002,0.0002,0.2,0.0,1.0,0.6,type3,100,10,128,64,700,1,0.0,3,5.0,MAE,1,basis,pca,T,1,0,1,0.3674350678920746,0.3854564130306244,/mnt/tidalfs-bdsz01/dataset/llm_dataset/plc_data/TransDF/results/meta_tune/Fredformer_ETTh2_192_0.0_1.0_0.0002_0.0002_0.2_type3_100_10_128_64_0.6_5.0_3_0.0_1_MAE_1_700_basis_pca_T_1_0_1
Fredformer,192,ETTh2,0.0002,0.0002,0.2,0.0,1.0,0.8,type3,100,10,128,64,300,1,0.0,3,5.0,MAE,1,basis,pca,T,1,0,0,0.4277648329734802,0.42926082015037537,/mnt/tidalfs-bdsz01/dataset/llm_dataset/plc_data/TransDF/results/meta_tune/Fredformer_ETTh2_192_0.0_1.0_0.0002_0.0002_0.2_type3_100_10_128_64_0.8_5.0_3_0.0_1_MAE_1_300_basis_pca_T_1_0_0
Fredformer,192,ETTh2,0.0002,0.0002,0.2,0.0,1.0,0.8,type3,100,10,128,64,300,1,0.0,3,5.0,MAE,1,basis,pca,T,1,0,1,0.3573644459247589,0.37932029366493225,/mnt/tidalfs-bdsz01/dataset/llm_dataset/plc_data/TransDF/results/meta_tune/Fredformer_ETTh2_192_0.0_1.0_0.0002_0.0002_0.2_type3_100_10_128_64_0.8_5.0_3_0.0_1_MAE_1_300_basis_pca_T_1_0_1
Fredformer,192,ETTh2,0.0002,0.0002,0.2,0.0,1.0,0.8,type3,100,10,128,64,500,1,0.0,3,5.0,MAE,1,basis,pca,T,1,0,0,0.4277302026748657,0.4292304813861847,/mnt/tidalfs-bdsz01/dataset/llm_dataset/plc_data/TransDF/results/meta_tune/Fredformer_ETTh2_192_0.0_1.0_0.0002_0.0002_0.2_type3_100_10_128_64_0.8_5.0_3_0.0_1_MAE_1_500_basis_pca_T_1_0_0
Fredformer,192,ETTh2,0.0002,0.0002,0.2,0.0,1.0,0.8,type3,100,10,128,64,500,1,0.0,3,5.0,MAE,1,basis,pca,T,1,0,1,0.36393505334854126,0.38365912437438965,/mnt/tidalfs-bdsz01/dataset/llm_dataset/plc_data/TransDF/results/meta_tune/Fredformer_ETTh2_192_0.0_1.0_0.0002_0.0002_0.2_type3_100_10_128_64_0.8_5.0_3_0.0_1_MAE_1_500_basis_pca_T_1_0_1
Fredformer,192,ETTh2,0.0002,0.0002,0.2,0.0,1.0,0.8,type3,100,10,128,64,700,1,0.0,3,5.0,MAE,1,basis,pca,T,1,0,0,0.42775189876556396,0.4292399287223816,/mnt/tidalfs-bdsz01/dataset/llm_dataset/plc_data/TransDF/results/meta_tune/Fredformer_ETTh2_192_0.0_1.0_0.0002_0.0002_0.2_type3_100_10_128_64_0.8_5.0_3_0.0_1_MAE_1_700_basis_pca_T_1_0_0
Fredformer,192,ETTh2,0.0002,0.0002,0.2,0.0,1.0,0.8,type3,100,10,128,64,700,1,0.0,3,5.0,MAE,1,basis,pca,T,1,0,1,0.35846182703971863,0.38036397099494934,/mnt/tidalfs-bdsz01/dataset/llm_dataset/plc_data/TransDF/results/meta_tune/Fredformer_ETTh2_192_0.0_1.0_0.0002_0.0002_0.2_type3_100_10_128_64_0.8_5.0_3_0.0_1_MAE_1_700_basis_pca_T_1_0_1
Fredformer,192,ETTh2,0.0002,0.0002,0.2,0.0,1.0,1.0,type3,100,10,128,64,300,1,0.0,3,5.0,MAE,1,basis,pca,T,1,0,0,0.4277020990848541,0.42918363213539124,/mnt/tidalfs-bdsz01/dataset/llm_dataset/plc_data/TransDF/results/meta_tune/Fredformer_ETTh2_192_0.0_1.0_0.0002_0.0002_0.2_type3_100_10_128_64_1.0_5.0_3_0.0_1_MAE_1_300_basis_pca_T_1_0_0
Fredformer,192,ETTh2,0.0002,0.0002,0.2,0.0,1.0,1.0,type3,100,10,128,64,300,1,0.0,3,5.0,MAE,1,basis,pca,T,1,0,1,0.36273103952407837,0.3815903067588806,/mnt/tidalfs-bdsz01/dataset/llm_dataset/plc_data/TransDF/results/meta_tune/Fredformer_ETTh2_192_0.0_1.0_0.0002_0.0002_0.2_type3_100_10_128_64_1.0_5.0_3_0.0_1_MAE_1_300_basis_pca_T_1_0_1
Fredformer,192,ETTh2,0.0002,0.0002,0.2,0.0,1.0,1.0,type3,100,10,128,64,500,1,0.0,3,5.0,MAE,1,basis,pca,T,1,0,0,0.42773064970970154,0.42921769618988037,/mnt/tidalfs-bdsz01/dataset/llm_dataset/plc_data/TransDF/results/meta_tune/Fredformer_ETTh2_192_0.0_1.0_0.0002_0.0002_0.2_type3_100_10_128_64_1.0_5.0_3_0.0_1_MAE_1_500_basis_pca_T_1_0_0
Fredformer,192,ETTh2,0.0002,0.0002,0.2,0.0,1.0,1.0,type3,100,10,128,64,500,1,0.0,3,5.0,MAE,1,basis,pca,T,1,0,1,0.3650461733341217,0.3833867311477661,/mnt/tidalfs-bdsz01/dataset/llm_dataset/plc_data/TransDF/results/meta_tune/Fredformer_ETTh2_192_0.0_1.0_0.0002_0.0002_0.2_type3_100_10_128_64_1.0_5.0_3_0.0_1_MAE_1_500_basis_pca_T_1_0_1
Fredformer,192,ETTh2,0.0002,0.0002,0.2,0.0,1.0,1.0,type3,100,10,128,64,700,1,0.0,3,5.0,MAE,1,basis,pca,T,1,0,0,0.42770180106163025,0.4291897416114807,/mnt/tidalfs-bdsz01/dataset/llm_dataset/plc_data/TransDF/results/meta_tune/Fredformer_ETTh2_192_0.0_1.0_0.0002_0.0002_0.2_type3_100_10_128_64_1.0_5.0_3_0.0_1_MAE_1_700_basis_pca_T_1_0_0
Fredformer,192,ETTh2,0.0002,0.0002,0.2,0.0,1.0,1.0,type3,100,10,128,64,700,1,0.0,3,5.0,MAE,1,basis,pca,T,1,0,1,0.36691176891326904,0.38475045561790466,/mnt/tidalfs-bdsz01/dataset/llm_dataset/plc_data/TransDF/results/meta_tune/Fredformer_ETTh2_192_0.0_1.0_0.0002_0.0002_0.2_type3_100_10_128_64_1.0_5.0_3_0.0_1_MAE_1_700_basis_pca_T_1_0_1
Fredformer,192,ETTh2,0.0005,0.0005,0.2,0.0,1.0,0.6,type3,100,10,128,64,300,1,0.0,3,5.0,MAE,1,basis,pca,T,1,0,0,0.42755475640296936,0.4291016161441803,/mnt/tidalfs-bdsz01/dataset/llm_dataset/plc_data/TransDF/results/meta_tune/Fredformer_ETTh2_192_0.0_1.0_0.0005_0.0005_0.2_type3_100_10_128_64_0.6_5.0_3_0.0_1_MAE_1_300_basis_pca_T_1_0_0
Fredformer,192,ETTh2,0.0005,0.0005,0.2,0.0,1.0,0.6,type3,100,10,128,64,300,1,0.0,3,5.0,MAE,1,basis,pca,T,1,0,1,0.3581447899341583,0.37925097346305847,/mnt/tidalfs-bdsz01/dataset/llm_dataset/plc_data/TransDF/results/meta_tune/Fredformer_ETTh2_192_0.0_1.0_0.0005_0.0005_0.2_type3_100_10_128_64_0.6_5.0_3_0.0_1_MAE_1_300_basis_pca_T_1_0_1
Fredformer,192,ETTh2,0.0005,0.0005,0.2,0.0,1.0,0.6,type3,100,10,128,64,500,1,0.0,3,5.0,MAE,1,basis,pca,T,1,0,0,0.42765605449676514,0.4291642904281616,/mnt/tidalfs-bdsz01/dataset/llm_dataset/plc_data/TransDF/results/meta_tune/Fredformer_ETTh2_192_0.0_1.0_0.0005_0.0005_0.2_type3_100_10_128_64_0.6_5.0_3_0.0_1_MAE_1_500_basis_pca_T_1_0_0
Fredformer,192,ETTh2,0.0005,0.0005,0.2,0.0,1.0,0.6,type3,100,10,128,64,500,1,0.0,3,5.0,MAE,1,basis,pca,T,1,0,1,0.35776063799858093,0.3792401850223541,/mnt/tidalfs-bdsz01/dataset/llm_dataset/plc_data/TransDF/results/meta_tune/Fredformer_ETTh2_192_0.0_1.0_0.0005_0.0005_0.2_type3_100_10_128_64_0.6_5.0_3_0.0_1_MAE_1_500_basis_pca_T_1_0_1
Fredformer,192,ETTh2,0.0005,0.0005,0.2,0.0,1.0,0.6,type3,100,10,128,64,700,1,0.0,3,5.0,MAE,1,basis,pca,T,1,0,0,0.4276641011238098,0.42918115854263306,/mnt/tidalfs-bdsz01/dataset/llm_dataset/plc_data/TransDF/results/meta_tune/Fredformer_ETTh2_192_0.0_1.0_0.0005_0.0005_0.2_type3_100_10_128_64_0.6_5.0_3_0.0_1_MAE_1_700_basis_pca_T_1_0_0
Fredformer,192,ETTh2,0.0005,0.0005,0.2,0.0,1.0,0.6,type3,100,10,128,64,700,1,0.0,3,5.0,MAE,1,basis,pca,T,1,0,1,0.35824254155158997,0.3790481686592102,/mnt/tidalfs-bdsz01/dataset/llm_dataset/plc_data/TransDF/results/meta_tune/Fredformer_ETTh2_192_0.0_1.0_0.0005_0.0005_0.2_type3_100_10_128_64_0.6_5.0_3_0.0_1_MAE_1_700_basis_pca_T_1_0_1
Fredformer,192,ETTh2,0.0005,0.0005,0.2,0.0,1.0,0.8,type3,100,10,128,64,300,1,0.0,3,5.0,MAE,1,basis,pca,T,1,0,0,0.4277251958847046,0.42924028635025024,/mnt/tidalfs-bdsz01/dataset/llm_dataset/plc_data/TransDF/results/meta_tune/Fredformer_ETTh2_192_0.0_1.0_0.0005_0.0005_0.2_type3_100_10_128_64_0.8_5.0_3_0.0_1_MAE_1_300_basis_pca_T_1_0_0
Fredformer,192,ETTh2,0.0005,0.0005,0.2,0.0,1.0,0.8,type3,100,10,128,64,300,1,0.0,3,5.0,MAE,1,basis,pca,T,1,0,1,0.3686121702194214,0.38659512996673584,/mnt/tidalfs-bdsz01/dataset/llm_dataset/plc_data/TransDF/results/meta_tune/Fredformer_ETTh2_192_0.0_1.0_0.0005_0.0005_0.2_type3_100_10_128_64_0.8_5.0_3_0.0_1_MAE_1_300_basis_pca_T_1_0_1
Fredformer,192,ETTh2,0.0005,0.0005,0.2,0.0,1.0,0.8,type3,100,10,128,64,500,1,0.0,3,5.0,MAE,1,basis,pca,T,1,0,0,0.4276362359523773,0.4291423559188843,/mnt/tidalfs-bdsz01/dataset/llm_dataset/plc_data/TransDF/results/meta_tune/Fredformer_ETTh2_192_0.0_1.0_0.0005_0.0005_0.2_type3_100_10_128_64_0.8_5.0_3_0.0_1_MAE_1_500_basis_pca_T_1_0_0
Fredformer,192,ETTh2,0.0005,0.0005,0.2,0.0,1.0,0.8,type3,100,10,128,64,500,1,0.0,3,5.0,MAE,1,basis,pca,T,1,0,1,0.3717018663883209,0.3883664309978485,/mnt/tidalfs-bdsz01/dataset/llm_dataset/plc_data/TransDF/results/meta_tune/Fredformer_ETTh2_192_0.0_1.0_0.0005_0.0005_0.2_type3_100_10_128_64_0.8_5.0_3_0.0_1_MAE_1_500_basis_pca_T_1_0_1
Fredformer,192,ETTh2,0.0005,0.0005,0.2,0.0,1.0,0.8,type3,100,10,128,64,700,1,0.0,3,5.0,MAE,1,basis,pca,T,1,0,0,0.4276081919670105,0.42913538217544556,/mnt/tidalfs-bdsz01/dataset/llm_dataset/plc_data/TransDF/results/meta_tune/Fredformer_ETTh2_192_0.0_1.0_0.0005_0.0005_0.2_type3_100_10_128_64_0.8_5.0_3_0.0_1_MAE_1_700_basis_pca_T_1_0_0
Fredformer,192,ETTh2,0.0005,0.0005,0.2,0.0,1.0,0.8,type3,100,10,128,64,700,1,0.0,3,5.0,MAE,1,basis,pca,T,1,0,1,0.35733696818351746,0.37846657633781433,/mnt/tidalfs-bdsz01/dataset/llm_dataset/plc_data/TransDF/results/meta_tune/Fredformer_ETTh2_192_0.0_1.0_0.0005_0.0005_0.2_type3_100_10_128_64_0.8_5.0_3_0.0_1_MAE_1_700_basis_pca_T_1_0_1
Fredformer,192,ETTh2,0.0005,0.0005,0.2,0.0,1.0,1.0,type3,100,10,128,64,300,1,0.0,3,5.0,MAE,1,basis,pca,T,1,0,0,0.4276733696460724,0.4291835129261017,/mnt/tidalfs-bdsz01/dataset/llm_dataset/plc_data/TransDF/results/meta_tune/Fredformer_ETTh2_192_0.0_1.0_0.0005_0.0005_0.2_type3_100_10_128_64_1.0_5.0_3_0.0_1_MAE_1_300_basis_pca_T_1_0_0
Fredformer,192,ETTh2,0.0005,0.0005,0.2,0.0,1.0,1.0,type3,100,10,128,64,300,1,0.0,3,5.0,MAE,1,basis,pca,T,1,0,1,0.35921451449394226,0.3790268003940582,/mnt/tidalfs-bdsz01/dataset/llm_dataset/plc_data/TransDF/results/meta_tune/Fredformer_ETTh2_192_0.0_1.0_0.0005_0.0005_0.2_type3_100_10_128_64_1.0_5.0_3_0.0_1_MAE_1_300_basis_pca_T_1_0_1
Fredformer,192,ETTh2,0.0005,0.0005,0.2,0.0,1.0,1.0,type3,100,10,128,64,500,1,0.0,3,5.0,MAE,1,basis,pca,T,1,0,0,0.4276498854160309,0.42917656898498535,/mnt/tidalfs-bdsz01/dataset/llm_dataset/plc_data/TransDF/results/meta_tune/Fredformer_ETTh2_192_0.0_1.0_0.0005_0.0005_0.2_type3_100_10_128_64_1.0_5.0_3_0.0_1_MAE_1_500_basis_pca_T_1_0_0
Fredformer,192,ETTh2,0.0005,0.0005,0.2,0.0,1.0,1.0,type3,100,10,128,64,500,1,0.0,3,5.0,MAE,1,basis,pca,T,1,0,1,0.3586694002151489,0.37858450412750244,/mnt/tidalfs-bdsz01/dataset/llm_dataset/plc_data/TransDF/results/meta_tune/Fredformer_ETTh2_192_0.0_1.0_0.0005_0.0005_0.2_type3_100_10_128_64_1.0_5.0_3_0.0_1_MAE_1_500_basis_pca_T_1_0_1
Fredformer,192,ETTh2,0.0005,0.0005,0.2,0.0,1.0,1.0,type3,100,10,128,64,700,1,0.0,3,5.0,MAE,1,basis,pca,T,1,0,0,0.42763620615005493,0.42915409803390503,/mnt/tidalfs-bdsz01/dataset/llm_dataset/plc_data/TransDF/results/meta_tune/Fredformer_ETTh2_192_0.0_1.0_0.0005_0.0005_0.2_type3_100_10_128_64_1.0_5.0_3_0.0_1_MAE_1_700_basis_pca_T_1_0_0
Fredformer,192,ETTh2,0.0005,0.0005,0.2,0.0,1.0,1.0,type3,100,10,128,64,700,1,0.0,3,5.0,MAE,1,basis,pca,T,1,0,1,0.35935789346694946,0.3790774941444397,/mnt/tidalfs-bdsz01/dataset/llm_dataset/plc_data/TransDF/results/meta_tune/Fredformer_ETTh2_192_0.0_1.0_0.0005_0.0005_0.2_type3_100_10_128_64_1.0_5.0_3_0.0_1_MAE_1_700_basis_pca_T_1_0_1
Fredformer,192,ETTh2,0.0002,0.0002,0.2,0.3,0.7,0.6,type3,100,10,128,64,300,1,0.0,3,5.0,MAE,1,basis,pca,T,1,0,0,0.4104959964752197,0.417799711227417,/mnt/tidalfs-bdsz01/dataset/llm_dataset/plc_data/TransDF/results/meta_tune/Fredformer_ETTh2_192_0.3_0.7_0.0002_0.0002_0.2_type3_100_10_128_64_0.6_5.0_3_0.0_1_MAE_1_300_basis_pca_T_1_0_0
Fredformer,192,ETTh2,0.0002,0.0002,0.2,0.3,0.7,0.6,type3,100,10,128,64,300,1,0.0,3,5.0,MAE,1,basis,pca,T,1,0,1,0.3678354322910309,0.38653093576431274,/mnt/tidalfs-bdsz01/dataset/llm_dataset/plc_data/TransDF/results/meta_tune/Fredformer_ETTh2_192_0.3_0.7_0.0002_0.0002_0.2_type3_100_10_128_64_0.6_5.0_3_0.0_1_MAE_1_300_basis_pca_T_1_0_1
Fredformer,192,ETTh2,0.0002,0.0002,0.2,0.3,0.7,0.6,type3,100,10,128,64,500,1,0.0,3,5.0,MAE,1,basis,pca,T,1,0,0,0.42407798767089844,0.42692574858665466,/mnt/tidalfs-bdsz01/dataset/llm_dataset/plc_data/TransDF/results/meta_tune/Fredformer_ETTh2_192_0.3_0.7_0.0002_0.0002_0.2_type3_100_10_128_64_0.6_5.0_3_0.0_1_MAE_1_500_basis_pca_T_1_0_0
Fredformer,192,ETTh2,0.0002,0.0002,0.2,0.3,0.7,0.6,type3,100,10,128,64,500,1,0.0,3,5.0,MAE,1,basis,pca,T,1,0,1,0.36779698729515076,0.38668307662010193,/mnt/tidalfs-bdsz01/dataset/llm_dataset/plc_data/TransDF/results/meta_tune/Fredformer_ETTh2_192_0.3_0.7_0.0002_0.0002_0.2_type3_100_10_128_64_0.6_5.0_3_0.0_1_MAE_1_500_basis_pca_T_1_0_1
Fredformer,192,ETTh2,0.0002,0.0002,0.2,0.3,0.7,0.6,type3,100,10,128,64,700,1,0.0,3,5.0,MAE,1,basis,pca,T,1,0,0,0.4257717430591583,0.42796793580055237,/mnt/tidalfs-bdsz01/dataset/llm_dataset/plc_data/TransDF/results/meta_tune/Fredformer_ETTh2_192_0.3_0.7_0.0002_0.0002_0.2_type3_100_10_128_64_0.6_5.0_3_0.0_1_MAE_1_700_basis_pca_T_1_0_0
Fredformer,192,ETTh2,0.0002,0.0002,0.2,0.3,0.7,0.6,type3,100,10,128,64,700,1,0.0,3,5.0,MAE,1,basis,pca,T,1,0,1,0.3683012127876282,0.3868887722492218,/mnt/tidalfs-bdsz01/dataset/llm_dataset/plc_data/TransDF/results/meta_tune/Fredformer_ETTh2_192_0.3_0.7_0.0002_0.0002_0.2_type3_100_10_128_64_0.6_5.0_3_0.0_1_MAE_1_700_basis_pca_T_1_0_1
Fredformer,192,ETTh2,0.0002,0.0002,0.2,0.3,0.7,0.8,type3,100,10,128,64,300,1,0.0,3,5.0,MAE,1,basis,pca,T,1,0,0,0.40207478404045105,0.4119303226470947,/mnt/tidalfs-bdsz01/dataset/llm_dataset/plc_data/TransDF/results/meta_tune/Fredformer_ETTh2_192_0.3_0.7_0.0002_0.0002_0.2_type3_100_10_128_64_0.8_5.0_3_0.0_1_MAE_1_300_basis_pca_T_1_0_0
Fredformer,192,ETTh2,0.0002,0.0002,0.2,0.3,0.7,0.8,type3,100,10,128,64,300,1,0.0,3,5.0,MAE,1,basis,pca,T,1,0,1,0.36916109919548035,0.387373685836792,/mnt/tidalfs-bdsz01/dataset/llm_dataset/plc_data/TransDF/results/meta_tune/Fredformer_ETTh2_192_0.3_0.7_0.0002_0.0002_0.2_type3_100_10_128_64_0.8_5.0_3_0.0_1_MAE_1_300_basis_pca_T_1_0_1
Fredformer,192,ETTh2,0.0002,0.0002,0.2,0.3,0.7,0.8,type3,100,10,128,64,500,1,0.0,3,5.0,MAE,1,basis,pca,T,1,0,0,0.42248326539993286,0.42579570412635803,/mnt/tidalfs-bdsz01/dataset/llm_dataset/plc_data/TransDF/results/meta_tune/Fredformer_ETTh2_192_0.3_0.7_0.0002_0.0002_0.2_type3_100_10_128_64_0.8_5.0_3_0.0_1_MAE_1_500_basis_pca_T_1_0_0
Fredformer,192,ETTh2,0.0002,0.0002,0.2,0.3,0.7,0.8,type3,100,10,128,64,500,1,0.0,3,5.0,MAE,1,basis,pca,T,1,0,1,0.3691074252128601,0.38748738169670105,/mnt/tidalfs-bdsz01/dataset/llm_dataset/plc_data/TransDF/results/meta_tune/Fredformer_ETTh2_192_0.3_0.7_0.0002_0.0002_0.2_type3_100_10_128_64_0.8_5.0_3_0.0_1_MAE_1_500_basis_pca_T_1_0_1
Fredformer,192,ETTh2,0.0002,0.0002,0.2,0.3,0.7,0.8,type3,100,10,128,64,700,1,0.0,3,5.0,MAE,1,basis,pca,T,1,0,0,0.4251250624656677,0.4275626838207245,/mnt/tidalfs-bdsz01/dataset/llm_dataset/plc_data/TransDF/results/meta_tune/Fredformer_ETTh2_192_0.3_0.7_0.0002_0.0002_0.2_type3_100_10_128_64_0.8_5.0_3_0.0_1_MAE_1_700_basis_pca_T_1_0_0
Fredformer,192,ETTh2,0.0002,0.0002,0.2,0.3,0.7,0.8,type3,100,10,128,64,700,1,0.0,3,5.0,MAE,1,basis,pca,T,1,0,1,0.3693501353263855,0.3871254622936249,/mnt/tidalfs-bdsz01/dataset/llm_dataset/plc_data/TransDF/results/meta_tune/Fredformer_ETTh2_192_0.3_0.7_0.0002_0.0002_0.2_type3_100_10_128_64_0.8_5.0_3_0.0_1_MAE_1_700_basis_pca_T_1_0_1
Fredformer,192,ETTh2,0.0002,0.0002,0.2,0.3,0.7,1.0,type3,100,10,128,64,300,1,0.0,3,5.0,MAE,1,basis,pca,T,1,0,0,0.3764305114746094,0.39183735847473145,/mnt/tidalfs-bdsz01/dataset/llm_dataset/plc_data/TransDF/results/meta_tune/Fredformer_ETTh2_192_0.3_0.7_0.0002_0.0002_0.2_type3_100_10_128_64_1.0_5.0_3_0.0_1_MAE_1_300_basis_pca_T_1_0_0
Fredformer,192,ETTh2,0.0002,0.0002,0.2,0.3,0.7,1.0,type3,100,10,128,64,300,1,0.0,3,5.0,MAE,1,basis,pca,T,1,0,1,0.3745722770690918,0.3968455493450165,/mnt/tidalfs-bdsz01/dataset/llm_dataset/plc_data/TransDF/results/meta_tune/Fredformer_ETTh2_192_0.3_0.7_0.0002_0.0002_0.2_type3_100_10_128_64_1.0_5.0_3_0.0_1_MAE_1_300_basis_pca_T_1_0_1
Fredformer,192,ETTh2,0.0002,0.0002,0.2,0.3,0.7,1.0,type3,100,10,128,64,500,1,0.0,3,5.0,MAE,1,basis,pca,T,1,0,0,0.41820621490478516,0.42284613847732544,/mnt/tidalfs-bdsz01/dataset/llm_dataset/plc_data/TransDF/results/meta_tune/Fredformer_ETTh2_192_0.3_0.7_0.0002_0.0002_0.2_type3_100_10_128_64_1.0_5.0_3_0.0_1_MAE_1_500_basis_pca_T_1_0_0
Fredformer,192,ETTh2,0.0002,0.0002,0.2,0.3,0.7,1.0,type3,100,10,128,64,500,1,0.0,3,5.0,MAE,1,basis,pca,T,1,0,1,0.37430253624916077,0.3967220187187195,/mnt/tidalfs-bdsz01/dataset/llm_dataset/plc_data/TransDF/results/meta_tune/Fredformer_ETTh2_192_0.3_0.7_0.0002_0.0002_0.2_type3_100_10_128_64_1.0_5.0_3_0.0_1_MAE_1_500_basis_pca_T_1_0_1
Fredformer,192,ETTh2,0.0002,0.0002,0.2,0.3,0.7,1.0,type3,100,10,128,64,700,1,0.0,3,5.0,MAE,1,basis,pca,T,1,0,0,0.42360877990722656,0.42646580934524536,/mnt/tidalfs-bdsz01/dataset/llm_dataset/plc_data/TransDF/results/meta_tune/Fredformer_ETTh2_192_0.3_0.7_0.0002_0.0002_0.2_type3_100_10_128_64_1.0_5.0_3_0.0_1_MAE_1_700_basis_pca_T_1_0_0
Fredformer,192,ETTh2,0.0002,0.0002,0.2,0.3,0.7,1.0,type3,100,10,128,64,700,1,0.0,3,5.0,MAE,1,basis,pca,T,1,0,1,0.3743738830089569,0.3968922793865204,/mnt/tidalfs-bdsz01/dataset/llm_dataset/plc_data/TransDF/results/meta_tune/Fredformer_ETTh2_192_0.3_0.7_0.0002_0.0002_0.2_type3_100_10_128_64_1.0_5.0_3_0.0_1_MAE_1_700_basis_pca_T_1_0_1
Fredformer,192,ETTh2,0.0005,0.0005,0.2,0.3,0.7,0.6,type3,100,10,128,64,300,1,0.0,3,5.0,MAE,1,basis,pca,T,1,0,0,0.40441304445266724,0.4139604866504669,/mnt/tidalfs-bdsz01/dataset/llm_dataset/plc_data/TransDF/results/meta_tune/Fredformer_ETTh2_192_0.3_0.7_0.0005_0.0005_0.2_type3_100_10_128_64_0.6_5.0_3_0.0_1_MAE_1_300_basis_pca_T_1_0_0
Fredformer,192,ETTh2,0.0005,0.0005,0.2,0.3,0.7,0.6,type3,100,10,128,64,300,1,0.0,3,5.0,MAE,1,basis,pca,T,1,0,1,0.3628561794757843,0.38525110483169556,/mnt/tidalfs-bdsz01/dataset/llm_dataset/plc_data/TransDF/results/meta_tune/Fredformer_ETTh2_192_0.3_0.7_0.0005_0.0005_0.2_type3_100_10_128_64_0.6_5.0_3_0.0_1_MAE_1_300_basis_pca_T_1_0_1
Fredformer,192,ETTh2,0.0005,0.0005,0.2,0.3,0.7,0.6,type3,100,10,128,64,500,1,0.0,3,5.0,MAE,1,basis,pca,T,1,0,0,0.42113685607910156,0.42515069246292114,/mnt/tidalfs-bdsz01/dataset/llm_dataset/plc_data/TransDF/results/meta_tune/Fredformer_ETTh2_192_0.3_0.7_0.0005_0.0005_0.2_type3_100_10_128_64_0.6_5.0_3_0.0_1_MAE_1_500_basis_pca_T_1_0_0
Fredformer,192,ETTh2,0.0005,0.0005,0.2,0.3,0.7,0.6,type3,100,10,128,64,500,1,0.0,3,5.0,MAE,1,basis,pca,T,1,0,1,0.3595861494541168,0.38291627168655396,/mnt/tidalfs-bdsz01/dataset/llm_dataset/plc_data/TransDF/results/meta_tune/Fredformer_ETTh2_192_0.3_0.7_0.0005_0.0005_0.2_type3_100_10_128_64_0.6_5.0_3_0.0_1_MAE_1_500_basis_pca_T_1_0_1
Fredformer,192,ETTh2,0.0005,0.0005,0.2,0.3,0.7,0.6,type3,100,10,128,64,700,1,0.0,3,5.0,MAE,1,basis,pca,T,1,0,0,0.42472538352012634,0.42744728922843933,/mnt/tidalfs-bdsz01/dataset/llm_dataset/plc_data/TransDF/results/meta_tune/Fredformer_ETTh2_192_0.3_0.7_0.0005_0.0005_0.2_type3_100_10_128_64_0.6_5.0_3_0.0_1_MAE_1_700_basis_pca_T_1_0_0
Fredformer,192,ETTh2,0.0005,0.0005,0.2,0.3,0.7,0.6,type3,100,10,128,64,700,1,0.0,3,5.0,MAE,1,basis,pca,T,1,0,1,0.3615134060382843,0.38386809825897217,/mnt/tidalfs-bdsz01/dataset/llm_dataset/plc_data/TransDF/results/meta_tune/Fredformer_ETTh2_192_0.3_0.7_0.0005_0.0005_0.2_type3_100_10_128_64_0.6_5.0_3_0.0_1_MAE_1_700_basis_pca_T_1_0_1
Fredformer,192,ETTh2,0.0005,0.0005,0.2,0.3,0.7,0.8,type3,100,10,128,64,300,1,0.0,3,5.0,MAE,1,basis,pca,T,1,0,0,0.3963437080383301,0.40798720717430115,/mnt/tidalfs-bdsz01/dataset/llm_dataset/plc_data/TransDF/results/meta_tune/Fredformer_ETTh2_192_0.3_0.7_0.0005_0.0005_0.2_type3_100_10_128_64_0.8_5.0_3_0.0_1_MAE_1_300_basis_pca_T_1_0_0
Fredformer,192,ETTh2,0.0005,0.0005,0.2,0.3,0.7,0.8,type3,100,10,128,64,300,1,0.0,3,5.0,MAE,1,basis,pca,T,1,0,1,0.3650161027908325,0.3881320655345917,/mnt/tidalfs-bdsz01/dataset/llm_dataset/plc_data/TransDF/results/meta_tune/Fredformer_ETTh2_192_0.3_0.7_0.0005_0.0005_0.2_type3_100_10_128_64_0.8_5.0_3_0.0_1_MAE_1_300_basis_pca_T_1_0_1
Fredformer,192,ETTh2,0.0005,0.0005,0.2,0.3,0.7,0.8,type3,100,10,128,64,500,1,0.0,3,5.0,MAE,1,basis,pca,T,1,0,0,0.41969072818756104,0.4242650270462036,/mnt/tidalfs-bdsz01/dataset/llm_dataset/plc_data/TransDF/results/meta_tune/Fredformer_ETTh2_192_0.3_0.7_0.0005_0.0005_0.2_type3_100_10_128_64_0.8_5.0_3_0.0_1_MAE_1_500_basis_pca_T_1_0_0
Fredformer,192,ETTh2,0.0005,0.0005,0.2,0.3,0.7,0.8,type3,100,10,128,64,500,1,0.0,3,5.0,MAE,1,basis,pca,T,1,0,1,0.36554843187332153,0.38701605796813965,/mnt/tidalfs-bdsz01/dataset/llm_dataset/plc_data/TransDF/results/meta_tune/Fredformer_ETTh2_192_0.3_0.7_0.0005_0.0005_0.2_type3_100_10_128_64_0.8_5.0_3_0.0_1_MAE_1_500_basis_pca_T_1_0_1
Fredformer,192,ETTh2,0.0005,0.0005,0.2,0.3,0.7,0.8,type3,100,10,128,64,700,1,0.0,3,5.0,MAE,1,basis,pca,T,1,0,0,0.42288631200790405,0.4261912405490875,/mnt/tidalfs-bdsz01/dataset/llm_dataset/plc_data/TransDF/results/meta_tune/Fredformer_ETTh2_192_0.3_0.7_0.0005_0.0005_0.2_type3_100_10_128_64_0.8_5.0_3_0.0_1_MAE_1_700_basis_pca_T_1_0_0
Fredformer,192,ETTh2,0.0005,0.0005,0.2,0.3,0.7,0.8,type3,100,10,128,64,700,1,0.0,3,5.0,MAE,1,basis,pca,T,1,0,1,0.3671533763408661,0.38661959767341614,/mnt/tidalfs-bdsz01/dataset/llm_dataset/plc_data/TransDF/results/meta_tune/Fredformer_ETTh2_192_0.3_0.7_0.0005_0.0005_0.2_type3_100_10_128_64_0.8_5.0_3_0.0_1_MAE_1_700_basis_pca_T_1_0_1
Fredformer,192,ETTh2,0.0005,0.0005,0.2,0.3,0.7,1.0,type3,100,10,128,64,300,1,0.0,3,5.0,MAE,1,basis,pca,T,1,0,0,0.37546032667160034,0.39145413041114807,/mnt/tidalfs-bdsz01/dataset/llm_dataset/plc_data/TransDF/results/meta_tune/Fredformer_ETTh2_192_0.3_0.7_0.0005_0.0005_0.2_type3_100_10_128_64_1.0_5.0_3_0.0_1_MAE_1_300_basis_pca_T_1_0_0
Fredformer,192,ETTh2,0.0005,0.0005,0.2,0.3,0.7,1.0,type3,100,10,128,64,300,1,0.0,3,5.0,MAE,1,basis,pca,T,1,0,1,0.37205711007118225,0.3892906904220581,/mnt/tidalfs-bdsz01/dataset/llm_dataset/plc_data/TransDF/results/meta_tune/Fredformer_ETTh2_192_0.3_0.7_0.0005_0.0005_0.2_type3_100_10_128_64_1.0_5.0_3_0.0_1_MAE_1_300_basis_pca_T_1_0_1
Fredformer,192,ETTh2,0.0005,0.0005,0.2,0.3,0.7,1.0,type3,100,10,128,64,500,1,0.0,3,5.0,MAE,1,basis,pca,T,1,0,0,0.41564902663230896,0.4212634265422821,/mnt/tidalfs-bdsz01/dataset/llm_dataset/plc_data/TransDF/results/meta_tune/Fredformer_ETTh2_192_0.3_0.7_0.0005_0.0005_0.2_type3_100_10_128_64_1.0_5.0_3_0.0_1_MAE_1_500_basis_pca_T_1_0_0
Fredformer,192,ETTh2,0.0005,0.0005,0.2,0.3,0.7,1.0,type3,100,10,128,64,500,1,0.0,3,5.0,MAE,1,basis,pca,T,1,0,1,0.3737427890300751,0.39175525307655334,/mnt/tidalfs-bdsz01/dataset/llm_dataset/plc_data/TransDF/results/meta_tune/Fredformer_ETTh2_192_0.3_0.7_0.0005_0.0005_0.2_type3_100_10_128_64_1.0_5.0_3_0.0_1_MAE_1_500_basis_pca_T_1_0_1
Fredformer,192,ETTh2,0.0005,0.0005,0.2,0.3,0.7,1.0,type3,100,10,128,64,700,1,0.0,3,5.0,MAE,1,basis,pca,T,1,0,0,0.42155492305755615,0.42526698112487793,/mnt/tidalfs-bdsz01/dataset/llm_dataset/plc_data/TransDF/results/meta_tune/Fredformer_ETTh2_192_0.3_0.7_0.0005_0.0005_0.2_type3_100_10_128_64_1.0_5.0_3_0.0_1_MAE_1_700_basis_pca_T_1_0_0
Fredformer,192,ETTh2,0.0005,0.0005,0.2,0.3,0.7,1.0,type3,100,10,128,64,700,1,0.0,3,5.0,MAE,1,basis,pca,T,1,0,1,0.37167221307754517,0.3895089328289032,/mnt/tidalfs-bdsz01/dataset/llm_dataset/plc_data/TransDF/results/meta_tune/Fredformer_ETTh2_192_0.3_0.7_0.0005_0.0005_0.2_type3_100_10_128_64_1.0_5.0_3_0.0_1_MAE_1_700_basis_pca_T_1_0_1
Fredformer,336,ETTh2,0.0002,0.0002,0.2,0.0,1.0,0.6,type3,100,10,128,64,300,1,0.0,3,5.0,MAE,1,basis,pca,T,1,0,0,0.4549124240875244,0.4547635614871979,/mnt/tidalfs-bdsz01/dataset/llm_dataset/plc_data/TransDF/results/meta_tune/Fredformer_ETTh2_336_0.0_1.0_0.0002_0.0002_0.2_type3_100_10_128_64_0.6_5.0_3_0.0_1_MAE_1_300_basis_pca_T_1_0_0
Fredformer,336,ETTh2,0.0002,0.0002,0.2,0.0,1.0,0.6,type3,100,10,128,64,300,1,0.0,3,5.0,MAE,1,basis,pca,T,1,0,1,0.40354791283607483,0.41729775071144104,/mnt/tidalfs-bdsz01/dataset/llm_dataset/plc_data/TransDF/results/meta_tune/Fredformer_ETTh2_336_0.0_1.0_0.0002_0.0002_0.2_type3_100_10_128_64_0.6_5.0_3_0.0_1_MAE_1_300_basis_pca_T_1_0_1
Fredformer,336,ETTh2,0.0002,0.0002,0.2,0.0,1.0,0.6,type3,100,10,128,64,500,1,0.0,3,5.0,MAE,1,basis,pca,T,1,0,0,0.4549686312675476,0.45480629801750183,/mnt/tidalfs-bdsz01/dataset/llm_dataset/plc_data/TransDF/results/meta_tune/Fredformer_ETTh2_336_0.0_1.0_0.0002_0.0002_0.2_type3_100_10_128_64_0.6_5.0_3_0.0_1_MAE_1_500_basis_pca_T_1_0_0
Fredformer,336,ETTh2,0.0002,0.0002,0.2,0.0,1.0,0.6,type3,100,10,128,64,500,1,0.0,3,5.0,MAE,1,basis,pca,T,1,0,1,0.40811240673065186,0.4212953448295593,/mnt/tidalfs-bdsz01/dataset/llm_dataset/plc_data/TransDF/results/meta_tune/Fredformer_ETTh2_336_0.0_1.0_0.0002_0.0002_0.2_type3_100_10_128_64_0.6_5.0_3_0.0_1_MAE_1_500_basis_pca_T_1_0_1
Fredformer,336,ETTh2,0.0002,0.0002,0.2,0.0,1.0,0.6,type3,100,10,128,64,700,1,0.0,3,5.0,MAE,1,basis,pca,T,1,0,0,0.454936683177948,0.454789400100708,/mnt/tidalfs-bdsz01/dataset/llm_dataset/plc_data/TransDF/results/meta_tune/Fredformer_ETTh2_336_0.0_1.0_0.0002_0.0002_0.2_type3_100_10_128_64_0.6_5.0_3_0.0_1_MAE_1_700_basis_pca_T_1_0_0
Fredformer,336,ETTh2,0.0002,0.0002,0.2,0.0,1.0,0.6,type3,100,10,128,64,700,1,0.0,3,5.0,MAE,1,basis,pca,T,1,0,1,0.39980611205101013,0.4131642282009125,/mnt/tidalfs-bdsz01/dataset/llm_dataset/plc_data/TransDF/results/meta_tune/Fredformer_ETTh2_336_0.0_1.0_0.0002_0.0002_0.2_type3_100_10_128_64_0.6_5.0_3_0.0_1_MAE_1_700_basis_pca_T_1_0_1
Fredformer,336,ETTh2,0.0002,0.0002,0.2,0.0,1.0,0.8,type3,100,10,128,64,300,1,0.0,3,5.0,MAE,1,basis,pca,T,1,0,0,0.45475253462791443,0.45467907190322876,/mnt/tidalfs-bdsz01/dataset/llm_dataset/plc_data/TransDF/results/meta_tune/Fredformer_ETTh2_336_0.0_1.0_0.0002_0.0002_0.2_type3_100_10_128_64_0.8_5.0_3_0.0_1_MAE_1_300_basis_pca_T_1_0_0
Fredformer,336,ETTh2,0.0002,0.0002,0.2,0.0,1.0,0.8,type3,100,10,128,64,300,1,0.0,3,5.0,MAE,1,basis,pca,T,1,0,1,0.4003866910934448,0.41372013092041016,/mnt/tidalfs-bdsz01/dataset/llm_dataset/plc_data/TransDF/results/meta_tune/Fredformer_ETTh2_336_0.0_1.0_0.0002_0.0002_0.2_type3_100_10_128_64_0.8_5.0_3_0.0_1_MAE_1_300_basis_pca_T_1_0_1
Fredformer,336,ETTh2,0.0002,0.0002,0.2,0.0,1.0,0.8,type3,100,10,128,64,500,1,0.0,3,5.0,MAE,1,basis,pca,T,1,0,0,0.45482125878334045,0.4547131359577179,/mnt/tidalfs-bdsz01/dataset/llm_dataset/plc_data/TransDF/results/meta_tune/Fredformer_ETTh2_336_0.0_1.0_0.0002_0.0002_0.2_type3_100_10_128_64_0.8_5.0_3_0.0_1_MAE_1_500_basis_pca_T_1_0_0
Fredformer,336,ETTh2,0.0002,0.0002,0.2,0.0,1.0,0.8,type3,100,10,128,64,500,1,0.0,3,5.0,MAE,1,basis,pca,T,1,0,1,0.40150514245033264,0.4148726463317871,/mnt/tidalfs-bdsz01/dataset/llm_dataset/plc_data/TransDF/results/meta_tune/Fredformer_ETTh2_336_0.0_1.0_0.0002_0.0002_0.2_type3_100_10_128_64_0.8_5.0_3_0.0_1_MAE_1_500_basis_pca_T_1_0_1
Fredformer,336,ETTh2,0.0002,0.0002,0.2,0.0,1.0,0.8,type3,100,10,128,64,700,1,0.0,3,5.0,MAE,1,basis,pca,T,1,0,0,0.45483243465423584,0.4547273516654968,/mnt/tidalfs-bdsz01/dataset/llm_dataset/plc_data/TransDF/results/meta_tune/Fredformer_ETTh2_336_0.0_1.0_0.0002_0.0002_0.2_type3_100_10_128_64_0.8_5.0_3_0.0_1_MAE_1_700_basis_pca_T_1_0_0
Fredformer,336,ETTh2,0.0002,0.0002,0.2,0.0,1.0,0.8,type3,100,10,128,64,700,1,0.0,3,5.0,MAE,1,basis,pca,T,1,0,1,0.4037906527519226,0.417466402053833,/mnt/tidalfs-bdsz01/dataset/llm_dataset/plc_data/TransDF/results/meta_tune/Fredformer_ETTh2_336_0.0_1.0_0.0002_0.0002_0.2_type3_100_10_128_64_0.8_5.0_3_0.0_1_MAE_1_700_basis_pca_T_1_0_1
Fredformer,336,ETTh2,0.0002,0.0002,0.2,0.0,1.0,1.0,type3,100,10,128,64,300,1,0.0,3,5.0,MAE,1,basis,pca,T,1,0,0,0.4533028304576874,0.45364072918891907,/mnt/tidalfs-bdsz01/dataset/llm_dataset/plc_data/TransDF/results/meta_tune/Fredformer_ETTh2_336_0.0_1.0_0.0002_0.0002_0.2_type3_100_10_128_64_1.0_5.0_3_0.0_1_MAE_1_300_basis_pca_T_1_0_0
Fredformer,336,ETTh2,0.0002,0.0002,0.2,0.0,1.0,1.0,type3,100,10,128,64,300,1,0.0,3,5.0,MAE,1,basis,pca,T,1,0,1,0.40024617314338684,0.41441184282302856,/mnt/tidalfs-bdsz01/dataset/llm_dataset/plc_data/TransDF/results/meta_tune/Fredformer_ETTh2_336_0.0_1.0_0.0002_0.0002_0.2_type3_100_10_128_64_1.0_5.0_3_0.0_1_MAE_1_300_basis_pca_T_1_0_1
Fredformer,336,ETTh2,0.0002,0.0002,0.2,0.0,1.0,1.0,type3,100,10,128,64,500,1,0.0,3,5.0,MAE,1,basis,pca,T,1,0,0,0.4547913372516632,0.4546966552734375,/mnt/tidalfs-bdsz01/dataset/llm_dataset/plc_data/TransDF/results/meta_tune/Fredformer_ETTh2_336_0.0_1.0_0.0002_0.0002_0.2_type3_100_10_128_64_1.0_5.0_3_0.0_1_MAE_1_500_basis_pca_T_1_0_0
Fredformer,336,ETTh2,0.0002,0.0002,0.2,0.0,1.0,1.0,type3,100,10,128,64,500,1,0.0,3,5.0,MAE,1,basis,pca,T,1,0,1,0.4018898904323578,0.4158572852611542,/mnt/tidalfs-bdsz01/dataset/llm_dataset/plc_data/TransDF/results/meta_tune/Fredformer_ETTh2_336_0.0_1.0_0.0002_0.0002_0.2_type3_100_10_128_64_1.0_5.0_3_0.0_1_MAE_1_500_basis_pca_T_1_0_1
Fredformer,336,ETTh2,0.0002,0.0002,0.2,0.0,1.0,1.0,type3,100,10,128,64,700,1,0.0,3,5.0,MAE,1,basis,pca,T,1,0,0,0.45479118824005127,0.45470044016838074,/mnt/tidalfs-bdsz01/dataset/llm_dataset/plc_data/TransDF/results/meta_tune/Fredformer_ETTh2_336_0.0_1.0_0.0002_0.0002_0.2_type3_100_10_128_64_1.0_5.0_3_0.0_1_MAE_1_700_basis_pca_T_1_0_0
Fredformer,336,ETTh2,0.0002,0.0002,0.2,0.0,1.0,1.0,type3,100,10,128,64,700,1,0.0,3,5.0,MAE,1,basis,pca,T,1,0,1,0.40459272265434265,0.4183817505836487,/mnt/tidalfs-bdsz01/dataset/llm_dataset/plc_data/TransDF/results/meta_tune/Fredformer_ETTh2_336_0.0_1.0_0.0002_0.0002_0.2_type3_100_10_128_64_1.0_5.0_3_0.0_1_MAE_1_700_basis_pca_T_1_0_1
Fredformer,336,ETTh2,0.0005,0.0005,0.2,0.0,1.0,0.6,type3,100,10,128,64,300,1,0.0,3,5.0,MAE,1,basis,pca,T,1,0,0,0.45477479696273804,0.45467591285705566,/mnt/tidalfs-bdsz01/dataset/llm_dataset/plc_data/TransDF/results/meta_tune/Fredformer_ETTh2_336_0.0_1.0_0.0005_0.0005_0.2_type3_100_10_128_64_0.6_5.0_3_0.0_1_MAE_1_300_basis_pca_T_1_0_0
Fredformer,336,ETTh2,0.0005,0.0005,0.2,0.0,1.0,0.6,type3,100,10,128,64,300,1,0.0,3,5.0,MAE,1,basis,pca,T,1,0,1,0.40269535779953003,0.4150863587856293,/mnt/tidalfs-bdsz01/dataset/llm_dataset/plc_data/TransDF/results/meta_tune/Fredformer_ETTh2_336_0.0_1.0_0.0005_0.0005_0.2_type3_100_10_128_64_0.6_5.0_3_0.0_1_MAE_1_300_basis_pca_T_1_0_1
Fredformer,336,ETTh2,0.0005,0.0005,0.2,0.0,1.0,0.6,type3,100,10,128,64,500,1,0.0,3,5.0,MAE,1,basis,pca,T,1,0,0,0.4547906517982483,0.4546954035758972,/mnt/tidalfs-bdsz01/dataset/llm_dataset/plc_data/TransDF/results/meta_tune/Fredformer_ETTh2_336_0.0_1.0_0.0005_0.0005_0.2_type3_100_10_128_64_0.6_5.0_3_0.0_1_MAE_1_500_basis_pca_T_1_0_0
Fredformer,336,ETTh2,0.0005,0.0005,0.2,0.0,1.0,0.6,type3,100,10,128,64,500,1,0.0,3,5.0,MAE,1,basis,pca,T,1,0,1,0.40481215715408325,0.4182775020599365,/mnt/tidalfs-bdsz01/dataset/llm_dataset/plc_data/TransDF/results/meta_tune/Fredformer_ETTh2_336_0.0_1.0_0.0005_0.0005_0.2_type3_100_10_128_64_0.6_5.0_3_0.0_1_MAE_1_500_basis_pca_T_1_0_1
Fredformer,336,ETTh2,0.0005,0.0005,0.2,0.0,1.0,0.6,type3,100,10,128,64,700,1,0.0,3,5.0,MAE,1,basis,pca,T,1,0,0,0.45484843850135803,0.4547387957572937,/mnt/tidalfs-bdsz01/dataset/llm_dataset/plc_data/TransDF/results/meta_tune/Fredformer_ETTh2_336_0.0_1.0_0.0005_0.0005_0.2_type3_100_10_128_64_0.6_5.0_3_0.0_1_MAE_1_700_basis_pca_T_1_0_0
Fredformer,336,ETTh2,0.0005,0.0005,0.2,0.0,1.0,0.6,type3,100,10,128,64,700,1,0.0,3,5.0,MAE,1,basis,pca,T,1,0,1,0.39913296699523926,0.412789523601532,/mnt/tidalfs-bdsz01/dataset/llm_dataset/plc_data/TransDF/results/meta_tune/Fredformer_ETTh2_336_0.0_1.0_0.0005_0.0005_0.2_type3_100_10_128_64_0.6_5.0_3_0.0_1_MAE_1_700_basis_pca_T_1_0_1
Fredformer,336,ETTh2,0.0005,0.0005,0.2,0.0,1.0,0.8,type3,100,10,128,64,300,1,0.0,3,5.0,MAE,1,basis,pca,T,1,0,0,0.454738587141037,0.45467549562454224,/mnt/tidalfs-bdsz01/dataset/llm_dataset/plc_data/TransDF/results/meta_tune/Fredformer_ETTh2_336_0.0_1.0_0.0005_0.0005_0.2_type3_100_10_128_64_0.8_5.0_3_0.0_1_MAE_1_300_basis_pca_T_1_0_0
Fredformer,336,ETTh2,0.0005,0.0005,0.2,0.0,1.0,0.8,type3,100,10,128,64,300,1,0.0,3,5.0,MAE,1,basis,pca,T,1,0,1,0.39951223134994507,0.4154079556465149,/mnt/tidalfs-bdsz01/dataset/llm_dataset/plc_data/TransDF/results/meta_tune/Fredformer_ETTh2_336_0.0_1.0_0.0005_0.0005_0.2_type3_100_10_128_64_0.8_5.0_3_0.0_1_MAE_1_300_basis_pca_T_1_0_1
Fredformer,336,ETTh2,0.0005,0.0005,0.2,0.0,1.0,0.8,type3,100,10,128,64,500,1,0.0,3,5.0,MAE,1,basis,pca,T,1,0,0,0.45473378896713257,0.4546595513820648,/mnt/tidalfs-bdsz01/dataset/llm_dataset/plc_data/TransDF/results/meta_tune/Fredformer_ETTh2_336_0.0_1.0_0.0005_0.0005_0.2_type3_100_10_128_64_0.8_5.0_3_0.0_1_MAE_1_500_basis_pca_T_1_0_0
Fredformer,336,ETTh2,0.0005,0.0005,0.2,0.0,1.0,0.8,type3,100,10,128,64,500,1,0.0,3,5.0,MAE,1,basis,pca,T,1,0,1,0.399837464094162,0.4136725068092346,/mnt/tidalfs-bdsz01/dataset/llm_dataset/plc_data/TransDF/results/meta_tune/Fredformer_ETTh2_336_0.0_1.0_0.0005_0.0005_0.2_type3_100_10_128_64_0.8_5.0_3_0.0_1_MAE_1_500_basis_pca_T_1_0_1
Fredformer,336,ETTh2,0.0005,0.0005,0.2,0.0,1.0,0.8,type3,100,10,128,64,700,1,0.0,3,5.0,MAE,1,basis,pca,T,1,0,0,0.4547309875488281,0.4546702206134796,/mnt/tidalfs-bdsz01/dataset/llm_dataset/plc_data/TransDF/results/meta_tune/Fredformer_ETTh2_336_0.0_1.0_0.0005_0.0005_0.2_type3_100_10_128_64_0.8_5.0_3_0.0_1_MAE_1_700_basis_pca_T_1_0_0
Fredformer,336,ETTh2,0.0005,0.0005,0.2,0.0,1.0,0.8,type3,100,10,128,64,700,1,0.0,3,5.0,MAE,1,basis,pca,T,1,0,1,0.39951545000076294,0.4130716919898987,/mnt/tidalfs-bdsz01/dataset/llm_dataset/plc_data/TransDF/results/meta_tune/Fredformer_ETTh2_336_0.0_1.0_0.0005_0.0005_0.2_type3_100_10_128_64_0.8_5.0_3_0.0_1_MAE_1_700_basis_pca_T_1_0_1
Fredformer,336,ETTh2,0.0005,0.0005,0.2,0.0,1.0,1.0,type3,100,10,128,64,300,1,0.0,3,5.0,MAE,1,basis,pca,T,1,0,0,0.45322751998901367,0.4536236822605133,/mnt/tidalfs-bdsz01/dataset/llm_dataset/plc_data/TransDF/results/meta_tune/Fredformer_ETTh2_336_0.0_1.0_0.0005_0.0005_0.2_type3_100_10_128_64_1.0_5.0_3_0.0_1_MAE_1_300_basis_pca_T_1_0_0
Fredformer,336,ETTh2,0.0005,0.0005,0.2,0.0,1.0,1.0,type3,100,10,128,64,300,1,0.0,3,5.0,MAE,1,basis,pca,T,1,0,1,0.39911285042762756,0.4123411178588867,/mnt/tidalfs-bdsz01/dataset/llm_dataset/plc_data/TransDF/results/meta_tune/Fredformer_ETTh2_336_0.0_1.0_0.0005_0.0005_0.2_type3_100_10_128_64_1.0_5.0_3_0.0_1_MAE_1_300_basis_pca_T_1_0_1
Fredformer,336,ETTh2,0.0005,0.0005,0.2,0.0,1.0,1.0,type3,100,10,128,64,500,1,0.0,3,5.0,MAE,1,basis,pca,T,1,0,0,0.45469266176223755,0.4546356201171875,/mnt/tidalfs-bdsz01/dataset/llm_dataset/plc_data/TransDF/results/meta_tune/Fredformer_ETTh2_336_0.0_1.0_0.0005_0.0005_0.2_type3_100_10_128_64_1.0_5.0_3_0.0_1_MAE_1_500_basis_pca_T_1_0_0
Fredformer,336,ETTh2,0.0005,0.0005,0.2,0.0,1.0,1.0,type3,100,10,128,64,500,1,0.0,3,5.0,MAE,1,basis,pca,T,1,0,1,0.4003579318523407,0.4134209156036377,/mnt/tidalfs-bdsz01/dataset/llm_dataset/plc_data/TransDF/results/meta_tune/Fredformer_ETTh2_336_0.0_1.0_0.0005_0.0005_0.2_type3_100_10_128_64_1.0_5.0_3_0.0_1_MAE_1_500_basis_pca_T_1_0_1
Fredformer,336,ETTh2,0.0005,0.0005,0.2,0.0,1.0,1.0,type3,100,10,128,64,700,1,0.0,3,5.0,MAE,1,basis,pca,T,1,0,0,0.454700231552124,0.454637348651886,/mnt/tidalfs-bdsz01/dataset/llm_dataset/plc_data/TransDF/results/meta_tune/Fredformer_ETTh2_336_0.0_1.0_0.0005_0.0005_0.2_type3_100_10_128_64_1.0_5.0_3_0.0_1_MAE_1_700_basis_pca_T_1_0_0
Fredformer,336,ETTh2,0.0005,0.0005,0.2,0.0,1.0,1.0,type3,100,10,128,64,700,1,0.0,3,5.0,MAE,1,basis,pca,T,1,0,1,0.39704230427742004,0.41184166073799133,/mnt/tidalfs-bdsz01/dataset/llm_dataset/plc_data/TransDF/results/meta_tune/Fredformer_ETTh2_336_0.0_1.0_0.0005_0.0005_0.2_type3_100_10_128_64_1.0_5.0_3_0.0_1_MAE_1_700_basis_pca_T_1_0_1
Fredformer,336,ETTh2,0.0002,0.0002,0.2,0.3,0.7,0.6,type3,100,10,128,64,300,1,0.0,3,5.0,MAE,1,basis,pca,T,1,0,0,0.41057294607162476,0.4222712218761444,/mnt/tidalfs-bdsz01/dataset/llm_dataset/plc_data/TransDF/results/meta_tune/Fredformer_ETTh2_336_0.3_0.7_0.0002_0.0002_0.2_type3_100_10_128_64_0.6_5.0_3_0.0_1_MAE_1_300_basis_pca_T_1_0_0
Fredformer,336,ETTh2,0.0002,0.0002,0.2,0.3,0.7,0.6,type3,100,10,128,64,300,1,0.0,3,5.0,MAE,1,basis,pca,T,1,0,1,0.41286125779151917,0.4237571060657501,/mnt/tidalfs-bdsz01/dataset/llm_dataset/plc_data/TransDF/results/meta_tune/Fredformer_ETTh2_336_0.3_0.7_0.0002_0.0002_0.2_type3_100_10_128_64_0.6_5.0_3_0.0_1_MAE_1_300_basis_pca_T_1_0_1
Fredformer,336,ETTh2,0.0002,0.0002,0.2,0.3,0.7,0.6,type3,100,10,128,64,500,1,0.0,3,5.0,MAE,1,basis,pca,T,1,0,0,0.45418494939804077,0.45425480604171753,/mnt/tidalfs-bdsz01/dataset/llm_dataset/plc_data/TransDF/results/meta_tune/Fredformer_ETTh2_336_0.3_0.7_0.0002_0.0002_0.2_type3_100_10_128_64_0.6_5.0_3_0.0_1_MAE_1_500_basis_pca_T_1_0_0
Fredformer,336,ETTh2,0.0002,0.0002,0.2,0.3,0.7,0.6,type3,100,10,128,64,500,1,0.0,3,5.0,MAE,1,basis,pca,T,1,0,1,0.4130434989929199,0.4241466224193573,/mnt/tidalfs-bdsz01/dataset/llm_dataset/plc_data/TransDF/results/meta_tune/Fredformer_ETTh2_336_0.3_0.7_0.0002_0.0002_0.2_type3_100_10_128_64_0.6_5.0_3_0.0_1_MAE_1_500_basis_pca_T_1_0_1
Fredformer,336,ETTh2,0.0002,0.0002,0.2,0.3,0.7,0.6,type3,100,10,128,64,700,1,0.0,3,5.0,MAE,1,basis,pca,T,1,0,0,0.45454421639442444,0.45445117354393005,/mnt/tidalfs-bdsz01/dataset/llm_dataset/plc_data/TransDF/results/meta_tune/Fredformer_ETTh2_336_0.3_0.7_0.0002_0.0002_0.2_type3_100_10_128_64_0.6_5.0_3_0.0_1_MAE_1_700_basis_pca_T_1_0_0
Fredformer,336,ETTh2,0.0002,0.0002,0.2,0.3,0.7,0.6,type3,100,10,128,64,700,1,0.0,3,5.0,MAE,1,basis,pca,T,1,0,1,0.413623571395874,0.4240652918815613,/mnt/tidalfs-bdsz01/dataset/llm_dataset/plc_data/TransDF/results/meta_tune/Fredformer_ETTh2_336_0.3_0.7_0.0002_0.0002_0.2_type3_100_10_128_64_0.6_5.0_3_0.0_1_MAE_1_700_basis_pca_T_1_0_1
Fredformer,336,ETTh2,0.0002,0.0002,0.2,0.3,0.7,0.8,type3,100,10,128,64,300,1,0.0,3,5.0,MAE,1,basis,pca,T,1,0,0,0.4031440019607544,0.4211606979370117,/mnt/tidalfs-bdsz01/dataset/llm_dataset/plc_data/TransDF/results/meta_tune/Fredformer_ETTh2_336_0.3_0.7_0.0002_0.0002_0.2_type3_100_10_128_64_0.8_5.0_3_0.0_1_MAE_1_300_basis_pca_T_1_0_0
Fredformer,336,ETTh2,0.0002,0.0002,0.2,0.3,0.7,0.8,type3,100,10,128,64,300,1,0.0,3,5.0,MAE,1,basis,pca,T,1,0,1,0.41304051876068115,0.4249427020549774,/mnt/tidalfs-bdsz01/dataset/llm_dataset/plc_data/TransDF/results/meta_tune/Fredformer_ETTh2_336_0.3_0.7_0.0002_0.0002_0.2_type3_100_10_128_64_0.8_5.0_3_0.0_1_MAE_1_300_basis_pca_T_1_0_1
Fredformer,336,ETTh2,0.0002,0.0002,0.2,0.3,0.7,0.8,type3,100,10,128,64,500,1,0.0,3,5.0,MAE,1,basis,pca,T,1,0,0,0.4526469111442566,0.4532112777233124,/mnt/tidalfs-bdsz01/dataset/llm_dataset/plc_data/TransDF/results/meta_tune/Fredformer_ETTh2_336_0.3_0.7_0.0002_0.0002_0.2_type3_100_10_128_64_0.8_5.0_3_0.0_1_MAE_1_500_basis_pca_T_1_0_0
Fredformer,336,ETTh2,0.0002,0.0002,0.2,0.3,0.7,0.8,type3,100,10,128,64,500,1,0.0,3,5.0,MAE,1,basis,pca,T,1,0,1,0.4126807451248169,0.4249921143054962,/mnt/tidalfs-bdsz01/dataset/llm_dataset/plc_data/TransDF/results/meta_tune/Fredformer_ETTh2_336_0.3_0.7_0.0002_0.0002_0.2_type3_100_10_128_64_0.8_5.0_3_0.0_1_MAE_1_500_basis_pca_T_1_0_1
Fredformer,336,ETTh2,0.0002,0.0002,0.2,0.3,0.7,0.8,type3,100,10,128,64,700,1,0.0,3,5.0,MAE,1,basis,pca,T,1,0,0,0.45440390706062317,0.45437148213386536,/mnt/tidalfs-bdsz01/dataset/llm_dataset/plc_data/TransDF/results/meta_tune/Fredformer_ETTh2_336_0.3_0.7_0.0002_0.0002_0.2_type3_100_10_128_64_0.8_5.0_3_0.0_1_MAE_1_700_basis_pca_T_1_0_0
Fredformer,336,ETTh2,0.0002,0.0002,0.2,0.3,0.7,0.8,type3,100,10,128,64,700,1,0.0,3,5.0,MAE,1,basis,pca,T,1,0,1,0.4125889241695404,0.4250381588935852,/mnt/tidalfs-bdsz01/dataset/llm_dataset/plc_data/TransDF/results/meta_tune/Fredformer_ETTh2_336_0.3_0.7_0.0002_0.0002_0.2_type3_100_10_128_64_0.8_5.0_3_0.0_1_MAE_1_700_basis_pca_T_1_0_1
Fredformer,336,ETTh2,0.0002,0.0002,0.2,0.3,0.7,1.0,type3,100,10,128,64,300,1,0.0,3,5.0,MAE,1,basis,pca,T,1,0,0,0.41237956285476685,0.4234771132469177,/mnt/tidalfs-bdsz01/dataset/llm_dataset/plc_data/TransDF/results/meta_tune/Fredformer_ETTh2_336_0.3_0.7_0.0002_0.0002_0.2_type3_100_10_128_64_1.0_5.0_3_0.0_1_MAE_1_300_basis_pca_T_1_0_0
Fredformer,336,ETTh2,0.0002,0.0002,0.2,0.3,0.7,1.0,type3,100,10,128,64,300,1,0.0,3,5.0,MAE,1,basis,pca,T,1,0,1,0.3898526430130005,0.41133415699005127,/mnt/tidalfs-bdsz01/dataset/llm_dataset/plc_data/TransDF/results/meta_tune/Fredformer_ETTh2_336_0.3_0.7_0.0002_0.0002_0.2_type3_100_10_128_64_1.0_5.0_3_0.0_1_MAE_1_300_basis_pca_T_1_0_1
Fredformer,336,ETTh2,0.0002,0.0002,0.2,0.3,0.7,1.0,type3,100,10,128,64,500,1,0.0,3,5.0,MAE,1,basis,pca,T,1,0,0,0.454095721244812,0.4542063772678375,/mnt/tidalfs-bdsz01/dataset/llm_dataset/plc_data/TransDF/results/meta_tune/Fredformer_ETTh2_336_0.3_0.7_0.0002_0.0002_0.2_type3_100_10_128_64_1.0_5.0_3_0.0_1_MAE_1_500_basis_pca_T_1_0_0
Fredformer,336,ETTh2,0.0002,0.0002,0.2,0.3,0.7,1.0,type3,100,10,128,64,500,1,0.0,3,5.0,MAE,1,basis,pca,T,1,0,1,0.3968741297721863,0.4129035472869873,/mnt/tidalfs-bdsz01/dataset/llm_dataset/plc_data/TransDF/results/meta_tune/Fredformer_ETTh2_336_0.3_0.7_0.0002_0.0002_0.2_type3_100_10_128_64_1.0_5.0_3_0.0_1_MAE_1_500_basis_pca_T_1_0_1
Fredformer,336,ETTh2,0.0002,0.0002,0.2,0.3,0.7,1.0,type3,100,10,128,64,700,1,0.0,3,5.0,MAE,1,basis,pca,T,1,0,0,0.4545351266860962,0.4544821083545685,/mnt/tidalfs-bdsz01/dataset/llm_dataset/plc_data/TransDF/results/meta_tune/Fredformer_ETTh2_336_0.3_0.7_0.0002_0.0002_0.2_type3_100_10_128_64_1.0_5.0_3_0.0_1_MAE_1_700_basis_pca_T_1_0_0
Fredformer,336,ETTh2,0.0002,0.0002,0.2,0.3,0.7,1.0,type3,100,10,128,64,700,1,0.0,3,5.0,MAE,1,basis,pca,T,1,0,1,0.3912636637687683,0.41261088848114014,/mnt/tidalfs-bdsz01/dataset/llm_dataset/plc_data/TransDF/results/meta_tune/Fredformer_ETTh2_336_0.3_0.7_0.0002_0.0002_0.2_type3_100_10_128_64_1.0_5.0_3_0.0_1_MAE_1_700_basis_pca_T_1_0_1
Fredformer,336,ETTh2,0.0005,0.0005,0.2,0.3,0.7,0.6,type3,100,10,128,64,300,1,0.0,3,5.0,MAE,1,basis,pca,T,1,0,0,0.40827786922454834,0.4233153462409973,/mnt/tidalfs-bdsz01/dataset/llm_dataset/plc_data/TransDF/results/meta_tune/Fredformer_ETTh2_336_0.3_0.7_0.0005_0.0005_0.2_type3_100_10_128_64_0.6_5.0_3_0.0_1_MAE_1_300_basis_pca_T_1_0_0
Fredformer,336,ETTh2,0.0005,0.0005,0.2,0.3,0.7,0.6,type3,100,10,128,64,300,1,0.0,3,5.0,MAE,1,basis,pca,T,1,0,1,0.4085134267807007,0.42001453042030334,/mnt/tidalfs-bdsz01/dataset/llm_dataset/plc_data/TransDF/results/meta_tune/Fredformer_ETTh2_336_0.3_0.7_0.0005_0.0005_0.2_type3_100_10_128_64_0.6_5.0_3_0.0_1_MAE_1_300_basis_pca_T_1_0_1
Fredformer,336,ETTh2,0.0005,0.0005,0.2,0.3,0.7,0.6,type3,100,10,128,64,500,1,0.0,3,5.0,MAE,1,basis,pca,T,1,0,0,0.4538646340370178,0.45411136746406555,/mnt/tidalfs-bdsz01/dataset/llm_dataset/plc_data/TransDF/results/meta_tune/Fredformer_ETTh2_336_0.3_0.7_0.0005_0.0005_0.2_type3_100_10_128_64_0.6_5.0_3_0.0_1_MAE_1_500_basis_pca_T_1_0_0
Fredformer,336,ETTh2,0.0005,0.0005,0.2,0.3,0.7,0.6,type3,100,10,128,64,500,1,0.0,3,5.0,MAE,1,basis,pca,T,1,0,1,0.4063374102115631,0.4190354645252228,/mnt/tidalfs-bdsz01/dataset/llm_dataset/plc_data/TransDF/results/meta_tune/Fredformer_ETTh2_336_0.3_0.7_0.0005_0.0005_0.2_type3_100_10_128_64_0.6_5.0_3_0.0_1_MAE_1_500_basis_pca_T_1_0_1
Fredformer,336,ETTh2,0.0005,0.0005,0.2,0.3,0.7,0.6,type3,100,10,128,64,700,1,0.0,3,5.0,MAE,1,basis,pca,T,1,0,0,0.45449501276016235,0.4544869363307953,/mnt/tidalfs-bdsz01/dataset/llm_dataset/plc_data/TransDF/results/meta_tune/Fredformer_ETTh2_336_0.3_0.7_0.0005_0.0005_0.2_type3_100_10_128_64_0.6_5.0_3_0.0_1_MAE_1_700_basis_pca_T_1_0_0
Fredformer,336,ETTh2,0.0005,0.0005,0.2,0.3,0.7,0.6,type3,100,10,128,64,700,1,0.0,3,5.0,MAE,1,basis,pca,T,1,0,1,0.40902161598205566,0.4194994866847992,/mnt/tidalfs-bdsz01/dataset/llm_dataset/plc_data/TransDF/results/meta_tune/Fredformer_ETTh2_336_0.3_0.7_0.0005_0.0005_0.2_type3_100_10_128_64_0.6_5.0_3_0.0_1_MAE_1_700_basis_pca_T_1_0_1
Fredformer,336,ETTh2,0.0005,0.0005,0.2,0.3,0.7,0.8,type3,100,10,128,64,300,1,0.0,3,5.0,MAE,1,basis,pca,T,1,0,0,0.4045008420944214,0.42036062479019165,/mnt/tidalfs-bdsz01/dataset/llm_dataset/plc_data/TransDF/results/meta_tune/Fredformer_ETTh2_336_0.3_0.7_0.0005_0.0005_0.2_type3_100_10_128_64_0.8_5.0_3_0.0_1_MAE_1_300_basis_pca_T_1_0_0
Fredformer,336,ETTh2,0.0005,0.0005,0.2,0.3,0.7,0.8,type3,100,10,128,64,300,1,0.0,3,5.0,MAE,1,basis,pca,T,1,0,1,0.4085349440574646,0.42242133617401123,/mnt/tidalfs-bdsz01/dataset/llm_dataset/plc_data/TransDF/results/meta_tune/Fredformer_ETTh2_336_0.3_0.7_0.0005_0.0005_0.2_type3_100_10_128_64_0.8_5.0_3_0.0_1_MAE_1_300_basis_pca_T_1_0_1
Fredformer,336,ETTh2,0.0005,0.0005,0.2,0.3,0.7,0.8,type3,100,10,128,64,500,1,0.0,3,5.0,MAE,1,basis,pca,T,1,0,0,0.45161372423171997,0.45259061455726624,/mnt/tidalfs-bdsz01/dataset/llm_dataset/plc_data/TransDF/results/meta_tune/Fredformer_ETTh2_336_0.3_0.7_0.0005_0.0005_0.2_type3_100_10_128_64_0.8_5.0_3_0.0_1_MAE_1_500_basis_pca_T_1_0_0
Fredformer,336,ETTh2,0.0005,0.0005,0.2,0.3,0.7,0.8,type3,100,10,128,64,500,1,0.0,3,5.0,MAE,1,basis,pca,T,1,0,1,0.4083731770515442,0.4228760004043579,/mnt/tidalfs-bdsz01/dataset/llm_dataset/plc_data/TransDF/results/meta_tune/Fredformer_ETTh2_336_0.3_0.7_0.0005_0.0005_0.2_type3_100_10_128_64_0.8_5.0_3_0.0_1_MAE_1_500_basis_pca_T_1_0_1
Fredformer,336,ETTh2,0.0005,0.0005,0.2,0.3,0.7,0.8,type3,100,10,128,64,700,1,0.0,3,5.0,MAE,1,basis,pca,T,1,0,0,0.4534928798675537,0.4537988007068634,/mnt/tidalfs-bdsz01/dataset/llm_dataset/plc_data/TransDF/results/meta_tune/Fredformer_ETTh2_336_0.3_0.7_0.0005_0.0005_0.2_type3_100_10_128_64_0.8_5.0_3_0.0_1_MAE_1_700_basis_pca_T_1_0_0
Fredformer,336,ETTh2,0.0005,0.0005,0.2,0.3,0.7,0.8,type3,100,10,128,64,700,1,0.0,3,5.0,MAE,1,basis,pca,T,1,0,1,0.40653207898139954,0.42217472195625305,/mnt/tidalfs-bdsz01/dataset/llm_dataset/plc_data/TransDF/results/meta_tune/Fredformer_ETTh2_336_0.3_0.7_0.0005_0.0005_0.2_type3_100_10_128_64_0.8_5.0_3_0.0_1_MAE_1_700_basis_pca_T_1_0_1
Fredformer,336,ETTh2,0.0005,0.0005,0.2,0.3,0.7,1.0,type3,100,10,128,64,300,1,0.0,3,5.0,MAE,1,basis,pca,T,1,0,0,0.418913334608078,0.42708641290664673,/mnt/tidalfs-bdsz01/dataset/llm_dataset/plc_data/TransDF/results/meta_tune/Fredformer_ETTh2_336_0.3_0.7_0.0005_0.0005_0.2_type3_100_10_128_64_1.0_5.0_3_0.0_1_MAE_1_300_basis_pca_T_1_0_0
Fredformer,336,ETTh2,0.0005,0.0005,0.2,0.3,0.7,1.0,type3,100,10,128,64,300,1,0.0,3,5.0,MAE,1,basis,pca,T,1,0,1,0.3991871178150177,0.4151744246482849,/mnt/tidalfs-bdsz01/dataset/llm_dataset/plc_data/TransDF/results/meta_tune/Fredformer_ETTh2_336_0.3_0.7_0.0005_0.0005_0.2_type3_100_10_128_64_1.0_5.0_3_0.0_1_MAE_1_300_basis_pca_T_1_0_1
Fredformer,336,ETTh2,0.0005,0.0005,0.2,0.3,0.7,1.0,type3,100,10,128,64,500,1,0.0,3,5.0,MAE,1,basis,pca,T,1,0,0,0.4534582495689392,0.45386621356010437,/mnt/tidalfs-bdsz01/dataset/llm_dataset/plc_data/TransDF/results/meta_tune/Fredformer_ETTh2_336_0.3_0.7_0.0005_0.0005_0.2_type3_100_10_128_64_1.0_5.0_3_0.0_1_MAE_1_500_basis_pca_T_1_0_0
Fredformer,336,ETTh2,0.0005,0.0005,0.2,0.3,0.7,1.0,type3,100,10,128,64,500,1,0.0,3,5.0,MAE,1,basis,pca,T,1,0,1,0.40234145522117615,0.415696918964386,/mnt/tidalfs-bdsz01/dataset/llm_dataset/plc_data/TransDF/results/meta_tune/Fredformer_ETTh2_336_0.3_0.7_0.0005_0.0005_0.2_type3_100_10_128_64_1.0_5.0_3_0.0_1_MAE_1_500_basis_pca_T_1_0_1
Fredformer,336,ETTh2,0.0005,0.0005,0.2,0.3,0.7,1.0,type3,100,10,128,64,700,1,0.0,3,5.0,MAE,1,basis,pca,T,1,0,0,0.45408785343170166,0.45424580574035645,/mnt/tidalfs-bdsz01/dataset/llm_dataset/plc_data/TransDF/results/meta_tune/Fredformer_ETTh2_336_0.3_0.7_0.0005_0.0005_0.2_type3_100_10_128_64_1.0_5.0_3_0.0_1_MAE_1_700_basis_pca_T_1_0_0
Fredformer,336,ETTh2,0.0005,0.0005,0.2,0.3,0.7,1.0,type3,100,10,128,64,700,1,0.0,3,5.0,MAE,1,basis,pca,T,1,0,1,0.4000600278377533,0.4154362976551056,/mnt/tidalfs-bdsz01/dataset/llm_dataset/plc_data/TransDF/results/meta_tune/Fredformer_ETTh2_336_0.3_0.7_0.0005_0.0005_0.2_type3_100_10_128_64_1.0_5.0_3_0.0_1_MAE_1_700_basis_pca_T_1_0_1
Fredformer,720,ETTh2,0.0002,0.0002,0.2,0.0,1.0,0.6,type3,100,10,128,64,300,1,0.0,3,5.0,MAE,1,basis,pca,T,1,0,0,0.4510591924190521,0.4604390263557434,/mnt/tidalfs-bdsz01/dataset/llm_dataset/plc_data/TransDF/results/meta_tune/Fredformer_ETTh2_720_0.0_1.0_0.0002_0.0002_0.2_type3_100_10_128_64_0.6_5.0_3_0.0_1_MAE_1_300_basis_pca_T_1_0_0
Fredformer,720,ETTh2,0.0002,0.0002,0.2,0.0,1.0,0.6,type3,100,10,128,64,300,1,0.0,3,5.0,MAE,1,basis,pca,T,1,0,1,0.40259456634521484,0.42835336923599243,/mnt/tidalfs-bdsz01/dataset/llm_dataset/plc_data/TransDF/results/meta_tune/Fredformer_ETTh2_720_0.0_1.0_0.0002_0.0002_0.2_type3_100_10_128_64_0.6_5.0_3_0.0_1_MAE_1_300_basis_pca_T_1_0_1
Fredformer,720,ETTh2,0.0002,0.0002,0.2,0.0,1.0,0.6,type3,100,10,128,64,500,1,0.0,3,5.0,MAE,1,basis,pca,T,1,0,0,0.45105651021003723,0.46043774485588074,/mnt/tidalfs-bdsz01/dataset/llm_dataset/plc_data/TransDF/results/meta_tune/Fredformer_ETTh2_720_0.0_1.0_0.0002_0.0002_0.2_type3_100_10_128_64_0.6_5.0_3_0.0_1_MAE_1_500_basis_pca_T_1_0_0
Fredformer,720,ETTh2,0.0002,0.0002,0.2,0.0,1.0,0.6,type3,100,10,128,64,500,1,0.0,3,5.0,MAE,1,basis,pca,T,1,0,1,0.4062638282775879,0.43063947558403015,/mnt/tidalfs-bdsz01/dataset/llm_dataset/plc_data/TransDF/results/meta_tune/Fredformer_ETTh2_720_0.0_1.0_0.0002_0.0002_0.2_type3_100_10_128_64_0.6_5.0_3_0.0_1_MAE_1_500_basis_pca_T_1_0_1
Fredformer,720,ETTh2,0.0002,0.0002,0.2,0.0,1.0,0.6,type3,100,10,128,64,700,1,0.0,3,5.0,MAE,1,basis,pca,T,1,0,0,0.4510439336299896,0.46043241024017334,/mnt/tidalfs-bdsz01/dataset/llm_dataset/plc_data/TransDF/results/meta_tune/Fredformer_ETTh2_720_0.0_1.0_0.0002_0.0002_0.2_type3_100_10_128_64_0.6_5.0_3_0.0_1_MAE_1_700_basis_pca_T_1_0_0
Fredformer,720,ETTh2,0.0002,0.0002,0.2,0.0,1.0,0.6,type3,100,10,128,64,700,1,0.0,3,5.0,MAE,1,basis,pca,T,1,0,1,0.4007919132709503,0.4268619120121002,/mnt/tidalfs-bdsz01/dataset/llm_dataset/plc_data/TransDF/results/meta_tune/Fredformer_ETTh2_720_0.0_1.0_0.0002_0.0002_0.2_type3_100_10_128_64_0.6_5.0_3_0.0_1_MAE_1_700_basis_pca_T_1_0_1
Fredformer,720,ETTh2,0.0002,0.0002,0.2,0.0,1.0,0.8,type3,100,10,128,64,300,1,0.0,3,5.0,MAE,1,basis,pca,T,1,0,0,0.44570061564445496,0.4566537141799927,/mnt/tidalfs-bdsz01/dataset/llm_dataset/plc_data/TransDF/results/meta_tune/Fredformer_ETTh2_720_0.0_1.0_0.0002_0.0002_0.2_type3_100_10_128_64_0.8_5.0_3_0.0_1_MAE_1_300_basis_pca_T_1_0_0
Fredformer,720,ETTh2,0.0002,0.0002,0.2,0.0,1.0,0.8,type3,100,10,128,64,300,1,0.0,3,5.0,MAE,1,basis,pca,T,1,0,1,0.403554767370224,0.42936649918556213,/mnt/tidalfs-bdsz01/dataset/llm_dataset/plc_data/TransDF/results/meta_tune/Fredformer_ETTh2_720_0.0_1.0_0.0002_0.0002_0.2_type3_100_10_128_64_0.8_5.0_3_0.0_1_MAE_1_300_basis_pca_T_1_0_1
Fredformer,720,ETTh2,0.0002,0.0002,0.2,0.0,1.0,0.8,type3,100,10,128,64,500,1,0.0,3,5.0,MAE,1,basis,pca,T,1,0,0,0.451031357049942,0.4604251980781555,/mnt/tidalfs-bdsz01/dataset/llm_dataset/plc_data/TransDF/results/meta_tune/Fredformer_ETTh2_720_0.0_1.0_0.0002_0.0002_0.2_type3_100_10_128_64_0.8_5.0_3_0.0_1_MAE_1_500_basis_pca_T_1_0_0
Fredformer,720,ETTh2,0.0002,0.0002,0.2,0.0,1.0,0.8,type3,100,10,128,64,500,1,0.0,3,5.0,MAE,1,basis,pca,T,1,0,1,0.4027145504951477,0.42876946926116943,/mnt/tidalfs-bdsz01/dataset/llm_dataset/plc_data/TransDF/results/meta_tune/Fredformer_ETTh2_720_0.0_1.0_0.0002_0.0002_0.2_type3_100_10_128_64_0.8_5.0_3_0.0_1_MAE_1_500_basis_pca_T_1_0_1
Fredformer,720,ETTh2,0.0002,0.0002,0.2,0.0,1.0,0.8,type3,100,10,128,64,700,1,0.0,3,5.0,MAE,1,basis,pca,T,1,0,0,0.45104697346687317,0.46043285727500916,/mnt/tidalfs-bdsz01/dataset/llm_dataset/plc_data/TransDF/results/meta_tune/Fredformer_ETTh2_720_0.0_1.0_0.0002_0.0002_0.2_type3_100_10_128_64_0.8_5.0_3_0.0_1_MAE_1_700_basis_pca_T_1_0_0
Fredformer,720,ETTh2,0.0002,0.0002,0.2,0.0,1.0,0.8,type3,100,10,128,64,700,1,0.0,3,5.0,MAE,1,basis,pca,T,1,0,1,0.401662141084671,0.42778488993644714,/mnt/tidalfs-bdsz01/dataset/llm_dataset/plc_data/TransDF/results/meta_tune/Fredformer_ETTh2_720_0.0_1.0_0.0002_0.0002_0.2_type3_100_10_128_64_0.8_5.0_3_0.0_1_MAE_1_700_basis_pca_T_1_0_1
Fredformer,720,ETTh2,0.0002,0.0002,0.2,0.0,1.0,1.0,type3,100,10,128,64,300,1,0.0,3,5.0,MAE,1,basis,pca,T,1,0,0,0.42676571011543274,0.4415464401245117,/mnt/tidalfs-bdsz01/dataset/llm_dataset/plc_data/TransDF/results/meta_tune/Fredformer_ETTh2_720_0.0_1.0_0.0002_0.0002_0.2_type3_100_10_128_64_1.0_5.0_3_0.0_1_MAE_1_300_basis_pca_T_1_0_0
Fredformer,720,ETTh2,0.0002,0.0002,0.2,0.0,1.0,1.0,type3,100,10,128,64,300,1,0.0,3,5.0,MAE,1,basis,pca,T,1,0,1,0.4017632305622101,0.4275294542312622,/mnt/tidalfs-bdsz01/dataset/llm_dataset/plc_data/TransDF/results/meta_tune/Fredformer_ETTh2_720_0.0_1.0_0.0002_0.0002_0.2_type3_100_10_128_64_1.0_5.0_3_0.0_1_MAE_1_300_basis_pca_T_1_0_1
Fredformer,720,ETTh2,0.0002,0.0002,0.2,0.0,1.0,1.0,type3,100,10,128,64,500,1,0.0,3,5.0,MAE,1,basis,pca,T,1,0,0,0.4510377049446106,0.46042534708976746,/mnt/tidalfs-bdsz01/dataset/llm_dataset/plc_data/TransDF/results/meta_tune/Fredformer_ETTh2_720_0.0_1.0_0.0002_0.0002_0.2_type3_100_10_128_64_1.0_5.0_3_0.0_1_MAE_1_500_basis_pca_T_1_0_0
Fredformer,720,ETTh2,0.0002,0.0002,0.2,0.0,1.0,1.0,type3,100,10,128,64,500,1,0.0,3,5.0,MAE,1,basis,pca,T,1,0,1,0.40200376510620117,0.4277836084365845,/mnt/tidalfs-bdsz01/dataset/llm_dataset/plc_data/TransDF/results/meta_tune/Fredformer_ETTh2_720_0.0_1.0_0.0002_0.0002_0.2_type3_100_10_128_64_1.0_5.0_3_0.0_1_MAE_1_500_basis_pca_T_1_0_1
Fredformer,720,ETTh2,0.0002,0.0002,0.2,0.0,1.0,1.0,type3,100,10,128,64,700,1,0.0,3,5.0,MAE,1,basis,pca,T,1,0,0,0.45104119181632996,0.4604276716709137,/mnt/tidalfs-bdsz01/dataset/llm_dataset/plc_data/TransDF/results/meta_tune/Fredformer_ETTh2_720_0.0_1.0_0.0002_0.0002_0.2_type3_100_10_128_64_1.0_5.0_3_0.0_1_MAE_1_700_basis_pca_T_1_0_0
Fredformer,720,ETTh2,0.0002,0.0002,0.2,0.0,1.0,1.0,type3,100,10,128,64,700,1,0.0,3,5.0,MAE,1,basis,pca,T,1,0,1,0.40341800451278687,0.4286929965019226,/mnt/tidalfs-bdsz01/dataset/llm_dataset/plc_data/TransDF/results/meta_tune/Fredformer_ETTh2_720_0.0_1.0_0.0002_0.0002_0.2_type3_100_10_128_64_1.0_5.0_3_0.0_1_MAE_1_700_basis_pca_T_1_0_1
Fredformer,720,ETTh2,0.0005,0.0005,0.2,0.0,1.0,0.6,type3,100,10,128,64,300,1,0.0,3,5.0,MAE,1,basis,pca,T,1,0,0,0.45104649662971497,0.4604297876358032,/mnt/tidalfs-bdsz01/dataset/llm_dataset/plc_data/TransDF/results/meta_tune/Fredformer_ETTh2_720_0.0_1.0_0.0005_0.0005_0.2_type3_100_10_128_64_0.6_5.0_3_0.0_1_MAE_1_300_basis_pca_T_1_0_0
Fredformer,720,ETTh2,0.0005,0.0005,0.2,0.0,1.0,0.6,type3,100,10,128,64,300,1,0.0,3,5.0,MAE,1,basis,pca,T,1,0,1,0.4043413996696472,0.42922893166542053,/mnt/tidalfs-bdsz01/dataset/llm_dataset/plc_data/TransDF/results/meta_tune/Fredformer_ETTh2_720_0.0_1.0_0.0005_0.0005_0.2_type3_100_10_128_64_0.6_5.0_3_0.0_1_MAE_1_300_basis_pca_T_1_0_1
Fredformer,720,ETTh2,0.0005,0.0005,0.2,0.0,1.0,0.6,type3,100,10,128,64,500,1,0.0,3,5.0,MAE,1,basis,pca,T,1,0,0,0.4510611593723297,0.4604380130767822,/mnt/tidalfs-bdsz01/dataset/llm_dataset/plc_data/TransDF/results/meta_tune/Fredformer_ETTh2_720_0.0_1.0_0.0005_0.0005_0.2_type3_100_10_128_64_0.6_5.0_3_0.0_1_MAE_1_500_basis_pca_T_1_0_0
Fredformer,720,ETTh2,0.0005,0.0005,0.2,0.0,1.0,0.6,type3,100,10,128,64,500,1,0.0,3,5.0,MAE,1,basis,pca,T,1,0,1,0.39954501390457153,0.4258732199668884,/mnt/tidalfs-bdsz01/dataset/llm_dataset/plc_data/TransDF/results/meta_tune/Fredformer_ETTh2_720_0.0_1.0_0.0005_0.0005_0.2_type3_100_10_128_64_0.6_5.0_3_0.0_1_MAE_1_500_basis_pca_T_1_0_1
Fredformer,720,ETTh2,0.0005,0.0005,0.2,0.0,1.0,0.6,type3,100,10,128,64,700,1,0.0,3,5.0,MAE,1,basis,pca,T,1,0,0,0.4510493576526642,0.46043506264686584,/mnt/tidalfs-bdsz01/dataset/llm_dataset/plc_data/TransDF/results/meta_tune/Fredformer_ETTh2_720_0.0_1.0_0.0005_0.0005_0.2_type3_100_10_128_64_0.6_5.0_3_0.0_1_MAE_1_700_basis_pca_T_1_0_0
Fredformer,720,ETTh2,0.0005,0.0005,0.2,0.0,1.0,0.6,type3,100,10,128,64,700,1,0.0,3,5.0,MAE,1,basis,pca,T,1,0,1,0.40080246329307556,0.42605623602867126,/mnt/tidalfs-bdsz01/dataset/llm_dataset/plc_data/TransDF/results/meta_tune/Fredformer_ETTh2_720_0.0_1.0_0.0005_0.0005_0.2_type3_100_10_128_64_0.6_5.0_3_0.0_1_MAE_1_700_basis_pca_T_1_0_1
Fredformer,720,ETTh2,0.0005,0.0005,0.2,0.0,1.0,0.8,type3,100,10,128,64,300,1,0.0,3,5.0,MAE,1,basis,pca,T,1,0,0,0.4459453523159027,0.4568233788013458,/mnt/tidalfs-bdsz01/dataset/llm_dataset/plc_data/TransDF/results/meta_tune/Fredformer_ETTh2_720_0.0_1.0_0.0005_0.0005_0.2_type3_100_10_128_64_0.8_5.0_3_0.0_1_MAE_1_300_basis_pca_T_1_0_0
Fredformer,720,ETTh2,0.0005,0.0005,0.2,0.0,1.0,0.8,type3,100,10,128,64,300,1,0.0,3,5.0,MAE,1,basis,pca,T,1,0,1,0.4027116298675537,0.4278913140296936,/mnt/tidalfs-bdsz01/dataset/llm_dataset/plc_data/TransDF/results/meta_tune/Fredformer_ETTh2_720_0.0_1.0_0.0005_0.0005_0.2_type3_100_10_128_64_0.8_5.0_3_0.0_1_MAE_1_300_basis_pca_T_1_0_1
Fredformer,720,ETTh2,0.0005,0.0005,0.2,0.0,1.0,0.8,type3,100,10,128,64,500,1,0.0,3,5.0,MAE,1,basis,pca,T,1,0,0,0.4510451853275299,0.4604279696941376,/mnt/tidalfs-bdsz01/dataset/llm_dataset/plc_data/TransDF/results/meta_tune/Fredformer_ETTh2_720_0.0_1.0_0.0005_0.0005_0.2_type3_100_10_128_64_0.8_5.0_3_0.0_1_MAE_1_500_basis_pca_T_1_0_0
Fredformer,720,ETTh2,0.0005,0.0005,0.2,0.0,1.0,0.8,type3,100,10,128,64,500,1,0.0,3,5.0,MAE,1,basis,pca,T,1,0,1,0.3993161916732788,0.4251733422279358,/mnt/tidalfs-bdsz01/dataset/llm_dataset/plc_data/TransDF/results/meta_tune/Fredformer_ETTh2_720_0.0_1.0_0.0005_0.0005_0.2_type3_100_10_128_64_0.8_5.0_3_0.0_1_MAE_1_500_basis_pca_T_1_0_1
Fredformer,720,ETTh2,0.0005,0.0005,0.2,0.0,1.0,0.8,type3,100,10,128,64,700,1,0.0,3,5.0,MAE,1,basis,pca,T,1,0,0,0.4510475695133209,0.4604305624961853,/mnt/tidalfs-bdsz01/dataset/llm_dataset/plc_data/TransDF/results/meta_tune/Fredformer_ETTh2_720_0.0_1.0_0.0005_0.0005_0.2_type3_100_10_128_64_0.8_5.0_3_0.0_1_MAE_1_700_basis_pca_T_1_0_0
Fredformer,720,ETTh2,0.0005,0.0005,0.2,0.0,1.0,0.8,type3,100,10,128,64,700,1,0.0,3,5.0,MAE,1,basis,pca,T,1,0,1,0.39834800362586975,0.4252345860004425,/mnt/tidalfs-bdsz01/dataset/llm_dataset/plc_data/TransDF/results/meta_tune/Fredformer_ETTh2_720_0.0_1.0_0.0005_0.0005_0.2_type3_100_10_128_64_0.8_5.0_3_0.0_1_MAE_1_700_basis_pca_T_1_0_1
Fredformer,720,ETTh2,0.0005,0.0005,0.2,0.0,1.0,1.0,type3,100,10,128,64,300,1,0.0,3,5.0,MAE,1,basis,pca,T,1,0,0,0.4340655505657196,0.4468882381916046,/mnt/tidalfs-bdsz01/dataset/llm_dataset/plc_data/TransDF/results/meta_tune/Fredformer_ETTh2_720_0.0_1.0_0.0005_0.0005_0.2_type3_100_10_128_64_1.0_5.0_3_0.0_1_MAE_1_300_basis_pca_T_1_0_0
Fredformer,720,ETTh2,0.0005,0.0005,0.2,0.0,1.0,1.0,type3,100,10,128,64,300,1,0.0,3,5.0,MAE,1,basis,pca,T,1,0,1,0.399776428937912,0.42651960253715515,/mnt/tidalfs-bdsz01/dataset/llm_dataset/plc_data/TransDF/results/meta_tune/Fredformer_ETTh2_720_0.0_1.0_0.0005_0.0005_0.2_type3_100_10_128_64_1.0_5.0_3_0.0_1_MAE_1_300_basis_pca_T_1_0_1
Fredformer,720,ETTh2,0.0005,0.0005,0.2,0.0,1.0,1.0,type3,100,10,128,64,500,1,0.0,3,5.0,MAE,1,basis,pca,T,1,0,0,0.4510369300842285,0.46042537689208984,/mnt/tidalfs-bdsz01/dataset/llm_dataset/plc_data/TransDF/results/meta_tune/Fredformer_ETTh2_720_0.0_1.0_0.0005_0.0005_0.2_type3_100_10_128_64_1.0_5.0_3_0.0_1_MAE_1_500_basis_pca_T_1_0_0
Fredformer,720,ETTh2,0.0005,0.0005,0.2,0.0,1.0,1.0,type3,100,10,128,64,500,1,0.0,3,5.0,MAE,1,basis,pca,T,1,0,1,0.4040408730506897,0.4295445382595062,/mnt/tidalfs-bdsz01/dataset/llm_dataset/plc_data/TransDF/results/meta_tune/Fredformer_ETTh2_720_0.0_1.0_0.0005_0.0005_0.2_type3_100_10_128_64_1.0_5.0_3_0.0_1_MAE_1_500_basis_pca_T_1_0_1
Fredformer,720,ETTh2,0.0005,0.0005,0.2,0.0,1.0,1.0,type3,100,10,128,64,700,1,0.0,3,5.0,MAE,1,basis,pca,T,1,0,0,0.45104798674583435,0.4604288339614868,/mnt/tidalfs-bdsz01/dataset/llm_dataset/plc_data/TransDF/results/meta_tune/Fredformer_ETTh2_720_0.0_1.0_0.0005_0.0005_0.2_type3_100_10_128_64_1.0_5.0_3_0.0_1_MAE_1_700_basis_pca_T_1_0_0
Fredformer,720,ETTh2,0.0005,0.0005,0.2,0.0,1.0,1.0,type3,100,10,128,64,700,1,0.0,3,5.0,MAE,1,basis,pca,T,1,0,1,0.40236589312553406,0.4285510778427124,/mnt/tidalfs-bdsz01/dataset/llm_dataset/plc_data/TransDF/results/meta_tune/Fredformer_ETTh2_720_0.0_1.0_0.0005_0.0005_0.2_type3_100_10_128_64_1.0_5.0_3_0.0_1_MAE_1_700_basis_pca_T_1_0_1
Fredformer,720,ETTh2,0.0002,0.0002,0.2,0.3,0.7,0.6,type3,100,10,128,64,300,1,0.0,3,5.0,MAE,1,basis,pca,T,1,0,0,0.4164942502975464,0.43613308668136597,/mnt/tidalfs-bdsz01/dataset/llm_dataset/plc_data/TransDF/results/meta_tune/Fredformer_ETTh2_720_0.3_0.7_0.0002_0.0002_0.2_type3_100_10_128_64_0.6_5.0_3_0.0_1_MAE_1_300_basis_pca_T_1_0_0
Fredformer,720,ETTh2,0.0002,0.0002,0.2,0.3,0.7,0.6,type3,100,10,128,64,300,1,0.0,3,5.0,MAE,1,basis,pca,T,1,0,1,0.4214853048324585,0.4392574429512024,/mnt/tidalfs-bdsz01/dataset/llm_dataset/plc_data/TransDF/results/meta_tune/Fredformer_ETTh2_720_0.3_0.7_0.0002_0.0002_0.2_type3_100_10_128_64_0.6_5.0_3_0.0_1_MAE_1_300_basis_pca_T_1_0_1
Fredformer,720,ETTh2,0.0002,0.0002,0.2,0.3,0.7,0.6,type3,100,10,128,64,500,1,0.0,3,5.0,MAE,1,basis,pca,T,1,0,0,0.43753212690353394,0.451924204826355,/mnt/tidalfs-bdsz01/dataset/llm_dataset/plc_data/TransDF/results/meta_tune/Fredformer_ETTh2_720_0.3_0.7_0.0002_0.0002_0.2_type3_100_10_128_64_0.6_5.0_3_0.0_1_MAE_1_500_basis_pca_T_1_0_0
Fredformer,720,ETTh2,0.0002,0.0002,0.2,0.3,0.7,0.6,type3,100,10,128,64,500,1,0.0,3,5.0,MAE,1,basis,pca,T,1,0,1,0.42098867893218994,0.43899786472320557,/mnt/tidalfs-bdsz01/dataset/llm_dataset/plc_data/TransDF/results/meta_tune/Fredformer_ETTh2_720_0.3_0.7_0.0002_0.0002_0.2_type3_100_10_128_64_0.6_5.0_3_0.0_1_MAE_1_500_basis_pca_T_1_0_1
Fredformer,720,ETTh2,0.0002,0.0002,0.2,0.3,0.7,0.6,type3,100,10,128,64,700,1,0.0,3,5.0,MAE,1,basis,pca,T,1,0,0,0.4499175548553467,0.4597645401954651,/mnt/tidalfs-bdsz01/dataset/llm_dataset/plc_data/TransDF/results/meta_tune/Fredformer_ETTh2_720_0.3_0.7_0.0002_0.0002_0.2_type3_100_10_128_64_0.6_5.0_3_0.0_1_MAE_1_700_basis_pca_T_1_0_0
Fredformer,720,ETTh2,0.0002,0.0002,0.2,0.3,0.7,0.6,type3,100,10,128,64,700,1,0.0,3,5.0,MAE,1,basis,pca,T,1,0,1,0.42110657691955566,0.43892887234687805,/mnt/tidalfs-bdsz01/dataset/llm_dataset/plc_data/TransDF/results/meta_tune/Fredformer_ETTh2_720_0.3_0.7_0.0002_0.0002_0.2_type3_100_10_128_64_0.6_5.0_3_0.0_1_MAE_1_700_basis_pca_T_1_0_1
Fredformer,720,ETTh2,0.0002,0.0002,0.2,0.3,0.7,0.8,type3,100,10,128,64,300,1,0.0,3,5.0,MAE,1,basis,pca,T,1,0,0,0.4205891191959381,0.43648967146873474,/mnt/tidalfs-bdsz01/dataset/llm_dataset/plc_data/TransDF/results/meta_tune/Fredformer_ETTh2_720_0.3_0.7_0.0002_0.0002_0.2_type3_100_10_128_64_0.8_5.0_3_0.0_1_MAE_1_300_basis_pca_T_1_0_0
Fredformer,720,ETTh2,0.0002,0.0002,0.2,0.3,0.7,0.8,type3,100,10,128,64,300,1,0.0,3,5.0,MAE,1,basis,pca,T,1,0,1,0.42132142186164856,0.44046077132225037,/mnt/tidalfs-bdsz01/dataset/llm_dataset/plc_data/TransDF/results/meta_tune/Fredformer_ETTh2_720_0.3_0.7_0.0002_0.0002_0.2_type3_100_10_128_64_0.8_5.0_3_0.0_1_MAE_1_300_basis_pca_T_1_0_1
Fredformer,720,ETTh2,0.0002,0.0002,0.2,0.3,0.7,0.8,type3,100,10,128,64,500,1,0.0,3,5.0,MAE,1,basis,pca,T,1,0,0,0.41976630687713623,0.4390155076980591,/mnt/tidalfs-bdsz01/dataset/llm_dataset/plc_data/TransDF/results/meta_tune/Fredformer_ETTh2_720_0.3_0.7_0.0002_0.0002_0.2_type3_100_10_128_64_0.8_5.0_3_0.0_1_MAE_1_500_basis_pca_T_1_0_0
Fredformer,720,ETTh2,0.0002,0.0002,0.2,0.3,0.7,0.8,type3,100,10,128,64,500,1,0.0,3,5.0,MAE,1,basis,pca,T,1,0,1,0.4220913350582123,0.4409191608428955,/mnt/tidalfs-bdsz01/dataset/llm_dataset/plc_data/TransDF/results/meta_tune/Fredformer_ETTh2_720_0.3_0.7_0.0002_0.0002_0.2_type3_100_10_128_64_0.8_5.0_3_0.0_1_MAE_1_500_basis_pca_T_1_0_1
Fredformer,720,ETTh2,0.0002,0.0002,0.2,0.3,0.7,0.8,type3,100,10,128,64,700,1,0.0,3,5.0,MAE,1,basis,pca,T,1,0,0,0.4485722780227661,0.4589553773403168,/mnt/tidalfs-bdsz01/dataset/llm_dataset/plc_data/TransDF/results/meta_tune/Fredformer_ETTh2_720_0.3_0.7_0.0002_0.0002_0.2_type3_100_10_128_64_0.8_5.0_3_0.0_1_MAE_1_700_basis_pca_T_1_0_0
Fredformer,720,ETTh2,0.0002,0.0002,0.2,0.3,0.7,0.8,type3,100,10,128,64,700,1,0.0,3,5.0,MAE,1,basis,pca,T,1,0,1,0.4219186007976532,0.4407027065753937,/mnt/tidalfs-bdsz01/dataset/llm_dataset/plc_data/TransDF/results/meta_tune/Fredformer_ETTh2_720_0.3_0.7_0.0002_0.0002_0.2_type3_100_10_128_64_0.8_5.0_3_0.0_1_MAE_1_700_basis_pca_T_1_0_1
Fredformer,720,ETTh2,0.0002,0.0002,0.2,0.3,0.7,1.0,type3,100,10,128,64,300,1,0.0,3,5.0,MAE,1,basis,pca,T,1,0,0,0.41917720437049866,0.43668097257614136,/mnt/tidalfs-bdsz01/dataset/llm_dataset/plc_data/TransDF/results/meta_tune/Fredformer_ETTh2_720_0.3_0.7_0.0002_0.0002_0.2_type3_100_10_128_64_1.0_5.0_3_0.0_1_MAE_1_300_basis_pca_T_1_0_0
Fredformer,720,ETTh2,0.0002,0.0002,0.2,0.3,0.7,1.0,type3,100,10,128,64,300,1,0.0,3,5.0,MAE,1,basis,pca,T,1,0,1,0.4228167235851288,0.4415997862815857,/mnt/tidalfs-bdsz01/dataset/llm_dataset/plc_data/TransDF/results/meta_tune/Fredformer_ETTh2_720_0.3_0.7_0.0002_0.0002_0.2_type3_100_10_128_64_1.0_5.0_3_0.0_1_MAE_1_300_basis_pca_T_1_0_1
Fredformer,720,ETTh2,0.0002,0.0002,0.2,0.3,0.7,1.0,type3,100,10,128,64,500,1,0.0,3,5.0,MAE,1,basis,pca,T,1,0,0,0.41233789920806885,0.4357545077800751,/mnt/tidalfs-bdsz01/dataset/llm_dataset/plc_data/TransDF/results/meta_tune/Fredformer_ETTh2_720_0.3_0.7_0.0002_0.0002_0.2_type3_100_10_128_64_1.0_5.0_3_0.0_1_MAE_1_500_basis_pca_T_1_0_0
Fredformer,720,ETTh2,0.0002,0.0002,0.2,0.3,0.7,1.0,type3,100,10,128,64,500,1,0.0,3,5.0,MAE,1,basis,pca,T,1,0,1,0.42320019006729126,0.4417060911655426,/mnt/tidalfs-bdsz01/dataset/llm_dataset/plc_data/TransDF/results/meta_tune/Fredformer_ETTh2_720_0.3_0.7_0.0002_0.0002_0.2_type3_100_10_128_64_1.0_5.0_3_0.0_1_MAE_1_500_basis_pca_T_1_0_1
Fredformer,720,ETTh2,0.0002,0.0002,0.2,0.3,0.7,1.0,type3,100,10,128,64,700,1,0.0,3,5.0,MAE,1,basis,pca,T,1,0,0,0.4486168622970581,0.45897042751312256,/mnt/tidalfs-bdsz01/dataset/llm_dataset/plc_data/TransDF/results/meta_tune/Fredformer_ETTh2_720_0.3_0.7_0.0002_0.0002_0.2_type3_100_10_128_64_1.0_5.0_3_0.0_1_MAE_1_700_basis_pca_T_1_0_0
Fredformer,720,ETTh2,0.0002,0.0002,0.2,0.3,0.7,1.0,type3,100,10,128,64,700,1,0.0,3,5.0,MAE,1,basis,pca,T,1,0,1,0.42330724000930786,0.44184818863868713,/mnt/tidalfs-bdsz01/dataset/llm_dataset/plc_data/TransDF/results/meta_tune/Fredformer_ETTh2_720_0.3_0.7_0.0002_0.0002_0.2_type3_100_10_128_64_1.0_5.0_3_0.0_1_MAE_1_700_basis_pca_T_1_0_1
Fredformer,720,ETTh2,0.0005,0.0005,0.2,0.3,0.7,0.6,type3,100,10,128,64,300,1,0.0,3,5.0,MAE,1,basis,pca,T,1,0,0,0.40816399455070496,0.43179312348365784,/mnt/tidalfs-bdsz01/dataset/llm_dataset/plc_data/TransDF/results/meta_tune/Fredformer_ETTh2_720_0.3_0.7_0.0005_0.0005_0.2_type3_100_10_128_64_0.6_5.0_3_0.0_1_MAE_1_300_basis_pca_T_1_0_0
Fredformer,720,ETTh2,0.0005,0.0005,0.2,0.3,0.7,0.6,type3,100,10,128,64,300,1,0.0,3,5.0,MAE,1,basis,pca,T,1,0,1,0.4066134989261627,0.43070974946022034,/mnt/tidalfs-bdsz01/dataset/llm_dataset/plc_data/TransDF/results/meta_tune/Fredformer_ETTh2_720_0.3_0.7_0.0005_0.0005_0.2_type3_100_10_128_64_0.6_5.0_3_0.0_1_MAE_1_300_basis_pca_T_1_0_1
Fredformer,720,ETTh2,0.0005,0.0005,0.2,0.3,0.7,0.6,type3,100,10,128,64,500,1,0.0,3,5.0,MAE,1,basis,pca,T,1,0,0,0.4337661862373352,0.448812335729599,/mnt/tidalfs-bdsz01/dataset/llm_dataset/plc_data/TransDF/results/meta_tune/Fredformer_ETTh2_720_0.3_0.7_0.0005_0.0005_0.2_type3_100_10_128_64_0.6_5.0_3_0.0_1_MAE_1_500_basis_pca_T_1_0_0
Fredformer,720,ETTh2,0.0005,0.0005,0.2,0.3,0.7,0.6,type3,100,10,128,64,500,1,0.0,3,5.0,MAE,1,basis,pca,T,1,0,1,0.40749993920326233,0.4315401017665863,/mnt/tidalfs-bdsz01/dataset/llm_dataset/plc_data/TransDF/results/meta_tune/Fredformer_ETTh2_720_0.3_0.7_0.0005_0.0005_0.2_type3_100_10_128_64_0.6_5.0_3_0.0_1_MAE_1_500_basis_pca_T_1_0_1
Fredformer,720,ETTh2,0.0005,0.0005,0.2,0.3,0.7,0.6,type3,100,10,128,64,700,1,0.0,3,5.0,MAE,1,basis,pca,T,1,0,0,0.4494253396987915,0.4594842493534088,/mnt/tidalfs-bdsz01/dataset/llm_dataset/plc_data/TransDF/results/meta_tune/Fredformer_ETTh2_720_0.3_0.7_0.0005_0.0005_0.2_type3_100_10_128_64_0.6_5.0_3_0.0_1_MAE_1_700_basis_pca_T_1_0_0
Fredformer,720,ETTh2,0.0005,0.0005,0.2,0.3,0.7,0.6,type3,100,10,128,64,700,1,0.0,3,5.0,MAE,1,basis,pca,T,1,0,1,0.4084738492965698,0.42995408177375793,/mnt/tidalfs-bdsz01/dataset/llm_dataset/plc_data/TransDF/results/meta_tune/Fredformer_ETTh2_720_0.3_0.7_0.0005_0.0005_0.2_type3_100_10_128_64_0.6_5.0_3_0.0_1_MAE_1_700_basis_pca_T_1_0_1
Fredformer,720,ETTh2,0.0005,0.0005,0.2,0.3,0.7,0.8,type3,100,10,128,64,300,1,0.0,3,5.0,MAE,1,basis,pca,T,1,0,0,0.4186156392097473,0.44042542576789856,/mnt/tidalfs-bdsz01/dataset/llm_dataset/plc_data/TransDF/results/meta_tune/Fredformer_ETTh2_720_0.3_0.7_0.0005_0.0005_0.2_type3_100_10_128_64_0.8_5.0_3_0.0_1_MAE_1_300_basis_pca_T_1_0_0
Fredformer,720,ETTh2,0.0005,0.0005,0.2,0.3,0.7,0.8,type3,100,10,128,64,300,1,0.0,3,5.0,MAE,1,basis,pca,T,1,0,1,0.4140227437019348,0.43391498923301697,/mnt/tidalfs-bdsz01/dataset/llm_dataset/plc_data/TransDF/results/meta_tune/Fredformer_ETTh2_720_0.3_0.7_0.0005_0.0005_0.2_type3_100_10_128_64_0.8_5.0_3_0.0_1_MAE_1_300_basis_pca_T_1_0_1
Fredformer,720,ETTh2,0.0005,0.0005,0.2,0.3,0.7,0.8,type3,100,10,128,64,500,1,0.0,3,5.0,MAE,1,basis,pca,T,1,0,0,0.4133567810058594,0.4370262324810028,/mnt/tidalfs-bdsz01/dataset/llm_dataset/plc_data/TransDF/results/meta_tune/Fredformer_ETTh2_720_0.3_0.7_0.0005_0.0005_0.2_type3_100_10_128_64_0.8_5.0_3_0.0_1_MAE_1_500_basis_pca_T_1_0_0
Fredformer,720,ETTh2,0.0005,0.0005,0.2,0.3,0.7,0.8,type3,100,10,128,64,500,1,0.0,3,5.0,MAE,1,basis,pca,T,1,0,1,0.4153313934803009,0.43603330850601196,/mnt/tidalfs-bdsz01/dataset/llm_dataset/plc_data/TransDF/results/meta_tune/Fredformer_ETTh2_720_0.3_0.7_0.0005_0.0005_0.2_type3_100_10_128_64_0.8_5.0_3_0.0_1_MAE_1_500_basis_pca_T_1_0_1
Fredformer,720,ETTh2,0.0005,0.0005,0.2,0.3,0.7,0.8,type3,100,10,128,64,700,1,0.0,3,5.0,MAE,1,basis,pca,T,1,0,0,0.44795459508895874,0.45864418148994446,/mnt/tidalfs-bdsz01/dataset/llm_dataset/plc_data/TransDF/results/meta_tune/Fredformer_ETTh2_720_0.3_0.7_0.0005_0.0005_0.2_type3_100_10_128_64_0.8_5.0_3_0.0_1_MAE_1_700_basis_pca_T_1_0_0
Fredformer,720,ETTh2,0.0005,0.0005,0.2,0.3,0.7,0.8,type3,100,10,128,64,700,1,0.0,3,5.0,MAE,1,basis,pca,T,1,0,1,0.4163511097431183,0.4363444447517395,/mnt/tidalfs-bdsz01/dataset/llm_dataset/plc_data/TransDF/results/meta_tune/Fredformer_ETTh2_720_0.3_0.7_0.0005_0.0005_0.2_type3_100_10_128_64_0.8_5.0_3_0.0_1_MAE_1_700_basis_pca_T_1_0_1
Fredformer,720,ETTh2,0.0005,0.0005,0.2,0.3,0.7,1.0,type3,100,10,128,64,300,1,0.0,3,5.0,MAE,1,basis,pca,T,1,0,0,0.4171653687953949,0.4350844919681549,/mnt/tidalfs-bdsz01/dataset/llm_dataset/plc_data/TransDF/results/meta_tune/Fredformer_ETTh2_720_0.3_0.7_0.0005_0.0005_0.2_type3_100_10_128_64_1.0_5.0_3_0.0_1_MAE_1_300_basis_pca_T_1_0_0
Fredformer,720,ETTh2,0.0005,0.0005,0.2,0.3,0.7,1.0,type3,100,10,128,64,300,1,0.0,3,5.0,MAE,1,basis,pca,T,1,0,1,0.4129444658756256,0.43345752358436584,/mnt/tidalfs-bdsz01/dataset/llm_dataset/plc_data/TransDF/results/meta_tune/Fredformer_ETTh2_720_0.3_0.7_0.0005_0.0005_0.2_type3_100_10_128_64_1.0_5.0_3_0.0_1_MAE_1_300_basis_pca_T_1_0_1
Fredformer,720,ETTh2,0.0005,0.0005,0.2,0.3,0.7,1.0,type3,100,10,128,64,500,1,0.0,3,5.0,MAE,1,basis,pca,T,1,0,0,0.4187730550765991,0.43674972653388977,/mnt/tidalfs-bdsz01/dataset/llm_dataset/plc_data/TransDF/results/meta_tune/Fredformer_ETTh2_720_0.3_0.7_0.0005_0.0005_0.2_type3_100_10_128_64_1.0_5.0_3_0.0_1_MAE_1_500_basis_pca_T_1_0_0
Fredformer,720,ETTh2,0.0005,0.0005,0.2,0.3,0.7,1.0,type3,100,10,128,64,500,1,0.0,3,5.0,MAE,1,basis,pca,T,1,0,1,0.41249632835388184,0.433572918176651,/mnt/tidalfs-bdsz01/dataset/llm_dataset/plc_data/TransDF/results/meta_tune/Fredformer_ETTh2_720_0.3_0.7_0.0005_0.0005_0.2_type3_100_10_128_64_1.0_5.0_3_0.0_1_MAE_1_500_basis_pca_T_1_0_1
Fredformer,720,ETTh2,0.0005,0.0005,0.2,0.3,0.7,1.0,type3,100,10,128,64,700,1,0.0,3,5.0,MAE,1,basis,pca,T,1,0,0,0.44801196455955505,0.4586932063102722,/mnt/tidalfs-bdsz01/dataset/llm_dataset/plc_data/TransDF/results/meta_tune/Fredformer_ETTh2_720_0.3_0.7_0.0005_0.0005_0.2_type3_100_10_128_64_1.0_5.0_3_0.0_1_MAE_1_700_basis_pca_T_1_0_0
Fredformer,720,ETTh2,0.0005,0.0005,0.2,0.3,0.7,1.0,type3,100,10,128,64,700,1,0.0,3,5.0,MAE,1,basis,pca,T,1,0,1,0.412676066160202,0.4337162971496582,/mnt/tidalfs-bdsz01/dataset/llm_dataset/plc_data/TransDF/results/meta_tune/Fredformer_ETTh2_720_0.3_0.7_0.0005_0.0005_0.2_type3_100_10_128_64_1.0_5.0_3_0.0_1_MAE_1_700_basis_pca_T_1_0_1
Fredformer,96,ETTm1,0.0002,0.0002,0.1,0.0,1.0,0.8,TST,100,10,128,64,300,1,0.0,3,5.0,MAE,1,basis,pca,T,1,0,0,0.3314054608345032,0.35782334208488464,/mnt/tidalfs-bdsz01/dataset/llm_dataset/plc_data/TransDF/results/meta_tune/Fredformer_ETTm1_96_0.0_1.0_0.0002_0.0002_0.1_TST_100_10_128_64_0.8_5.0_3_0.0_1_MAE_1_300_basis_pca_T_1_0_0
Fredformer,96,ETTm1,0.0002,0.0002,0.1,0.0,1.0,0.8,TST,100,10,128,64,300,1,0.0,3,5.0,MAE,1,basis,pca,T,1,0,1,0.33408454060554504,0.35825395584106445,/mnt/tidalfs-bdsz01/dataset/llm_dataset/plc_data/TransDF/results/meta_tune/Fredformer_ETTm1_96_0.0_1.0_0.0002_0.0002_0.1_TST_100_10_128_64_0.8_5.0_3_0.0_1_MAE_1_300_basis_pca_T_1_0_1
Fredformer,96,ETTm1,0.0002,0.0002,0.1,0.0,1.0,0.8,TST,100,10,128,64,500,1,0.0,3,5.0,MAE,1,basis,pca,T,1,0,0,0.3299858868122101,0.3571368455886841,/mnt/tidalfs-bdsz01/dataset/llm_dataset/plc_data/TransDF/results/meta_tune/Fredformer_ETTm1_96_0.0_1.0_0.0002_0.0002_0.1_TST_100_10_128_64_0.8_5.0_3_0.0_1_MAE_1_500_basis_pca_T_1_0_0
Fredformer,96,ETTm1,0.0002,0.0002,0.1,0.0,1.0,0.8,TST,100,10,128,64,500,1,0.0,3,5.0,MAE,1,basis,pca,T,1,0,1,0.33067405223846436,0.3587503433227539,/mnt/tidalfs-bdsz01/dataset/llm_dataset/plc_data/TransDF/results/meta_tune/Fredformer_ETTm1_96_0.0_1.0_0.0002_0.0002_0.1_TST_100_10_128_64_0.8_5.0_3_0.0_1_MAE_1_500_basis_pca_T_1_0_1
Fredformer,96,ETTm1,0.0002,0.0002,0.1,0.0,1.0,0.8,TST,100,10,128,64,700,1,0.0,3,5.0,MAE,1,basis,pca,T,1,0,0,0.33011770248413086,0.35834184288978577,/mnt/tidalfs-bdsz01/dataset/llm_dataset/plc_data/TransDF/results/meta_tune/Fredformer_ETTm1_96_0.0_1.0_0.0002_0.0002_0.1_TST_100_10_128_64_0.8_5.0_3_0.0_1_MAE_1_700_basis_pca_T_1_0_0
Fredformer,96,ETTm1,0.0002,0.0002,0.1,0.0,1.0,0.8,TST,100,10,128,64,700,1,0.0,3,5.0,MAE,1,basis,pca,T,1,0,1,0.33090105652809143,0.35897430777549744,/mnt/tidalfs-bdsz01/dataset/llm_dataset/plc_data/TransDF/results/meta_tune/Fredformer_ETTm1_96_0.0_1.0_0.0002_0.0002_0.1_TST_100_10_128_64_0.8_5.0_3_0.0_1_MAE_1_700_basis_pca_T_1_0_1
Fredformer,96,ETTm1,0.0002,0.0002,0.1,0.0,1.0,1.0,TST,100,10,128,64,300,1,0.0,3,5.0,MAE,1,basis,pca,T,1,0,0,0.3260593116283417,0.35388511419296265,/mnt/tidalfs-bdsz01/dataset/llm_dataset/plc_data/TransDF/results/meta_tune/Fredformer_ETTm1_96_0.0_1.0_0.0002_0.0002_0.1_TST_100_10_128_64_1.0_5.0_3_0.0_1_MAE_1_300_basis_pca_T_1_0_0
Fredformer,96,ETTm1,0.0002,0.0002,0.1,0.0,1.0,1.0,TST,100,10,128,64,300,1,0.0,3,5.0,MAE,1,basis,pca,T,1,0,1,0.32666847109794617,0.3527524769306183,/mnt/tidalfs-bdsz01/dataset/llm_dataset/plc_data/TransDF/results/meta_tune/Fredformer_ETTm1_96_0.0_1.0_0.0002_0.0002_0.1_TST_100_10_128_64_1.0_5.0_3_0.0_1_MAE_1_300_basis_pca_T_1_0_1
Fredformer,96,ETTm1,0.0002,0.0002,0.1,0.0,1.0,1.0,TST,100,10,128,64,500,1,0.0,3,5.0,MAE,1,basis,pca,T,1,0,0,0.32631009817123413,0.3539656400680542,/mnt/tidalfs-bdsz01/dataset/llm_dataset/plc_data/TransDF/results/meta_tune/Fredformer_ETTm1_96_0.0_1.0_0.0002_0.0002_0.1_TST_100_10_128_64_1.0_5.0_3_0.0_1_MAE_1_500_basis_pca_T_1_0_0
Fredformer,96,ETTm1,0.0002,0.0002,0.1,0.0,1.0,1.0,TST,100,10,128,64,500,1,0.0,3,5.0,MAE,1,basis,pca,T,1,0,1,0.32650214433670044,0.35268673300743103,/mnt/tidalfs-bdsz01/dataset/llm_dataset/plc_data/TransDF/results/meta_tune/Fredformer_ETTm1_96_0.0_1.0_0.0002_0.0002_0.1_TST_100_10_128_64_1.0_5.0_3_0.0_1_MAE_1_500_basis_pca_T_1_0_1
Fredformer,96,ETTm1,0.0002,0.0002,0.1,0.0,1.0,1.0,TST,100,10,128,64,700,1,0.0,3,5.0,MAE,1,basis,pca,T,1,0,0,0.32627859711647034,0.35328036546707153,/mnt/tidalfs-bdsz01/dataset/llm_dataset/plc_data/TransDF/results/meta_tune/Fredformer_ETTm1_96_0.0_1.0_0.0002_0.0002_0.1_TST_100_10_128_64_1.0_5.0_3_0.0_1_MAE_1_700_basis_pca_T_1_0_0
Fredformer,96,ETTm1,0.0002,0.0002,0.1,0.0,1.0,1.0,TST,100,10,128,64,700,1,0.0,3,5.0,MAE,1,basis,pca,T,1,0,1,0.32614150643348694,0.3525248169898987,/mnt/tidalfs-bdsz01/dataset/llm_dataset/plc_data/TransDF/results/meta_tune/Fredformer_ETTm1_96_0.0_1.0_0.0002_0.0002_0.1_TST_100_10_128_64_1.0_5.0_3_0.0_1_MAE_1_700_basis_pca_T_1_0_1
Fredformer,96,ETTm1,0.0005,0.0005,0.1,0.0,1.0,0.8,TST,100,10,128,64,300,1,0.0,3,5.0,MAE,1,basis,pca,T,1,0,0,0.33011576533317566,0.3574802875518799,/mnt/tidalfs-bdsz01/dataset/llm_dataset/plc_data/TransDF/results/meta_tune/Fredformer_ETTm1_96_0.0_1.0_0.0005_0.0005_0.1_TST_100_10_128_64_0.8_5.0_3_0.0_1_MAE_1_300_basis_pca_T_1_0_0
Fredformer,96,ETTm1,0.0005,0.0005,0.1,0.0,1.0,0.8,TST,100,10,128,64,300,1,0.0,3,5.0,MAE,1,basis,pca,T,1,0,1,0.33095455169677734,0.3581766188144684,/mnt/tidalfs-bdsz01/dataset/llm_dataset/plc_data/TransDF/results/meta_tune/Fredformer_ETTm1_96_0.0_1.0_0.0005_0.0005_0.1_TST_100_10_128_64_0.8_5.0_3_0.0_1_MAE_1_300_basis_pca_T_1_0_1
Fredformer,96,ETTm1,0.0005,0.0005,0.1,0.0,1.0,0.8,TST,100,10,128,64,500,1,0.0,3,5.0,MAE,1,basis,pca,T,1,0,0,0.33026349544525146,0.3578861355781555,/mnt/tidalfs-bdsz01/dataset/llm_dataset/plc_data/TransDF/results/meta_tune/Fredformer_ETTm1_96_0.0_1.0_0.0005_0.0005_0.1_TST_100_10_128_64_0.8_5.0_3_0.0_1_MAE_1_500_basis_pca_T_1_0_0
Fredformer,96,ETTm1,0.0005,0.0005,0.1,0.0,1.0,0.8,TST,100,10,128,64,500,1,0.0,3,5.0,MAE,1,basis,pca,T,1,0,1,0.33037739992141724,0.3585066497325897,/mnt/tidalfs-bdsz01/dataset/llm_dataset/plc_data/TransDF/results/meta_tune/Fredformer_ETTm1_96_0.0_1.0_0.0005_0.0005_0.1_TST_100_10_128_64_0.8_5.0_3_0.0_1_MAE_1_500_basis_pca_T_1_0_1
Fredformer,96,ETTm1,0.0005,0.0005,0.1,0.0,1.0,0.8,TST,100,10,128,64,700,1,0.0,3,5.0,MAE,1,basis,pca,T,1,0,0,0.3301370143890381,0.357342004776001,/mnt/tidalfs-bdsz01/dataset/llm_dataset/plc_data/TransDF/results/meta_tune/Fredformer_ETTm1_96_0.0_1.0_0.0005_0.0005_0.1_TST_100_10_128_64_0.8_5.0_3_0.0_1_MAE_1_700_basis_pca_T_1_0_0
Fredformer,96,ETTm1,0.0005,0.0005,0.1,0.0,1.0,0.8,TST,100,10,128,64,700,1,0.0,3,5.0,MAE,1,basis,pca,T,1,0,1,0.3311270475387573,0.3585183918476105,/mnt/tidalfs-bdsz01/dataset/llm_dataset/plc_data/TransDF/results/meta_tune/Fredformer_ETTm1_96_0.0_1.0_0.0005_0.0005_0.1_TST_100_10_128_64_0.8_5.0_3_0.0_1_MAE_1_700_basis_pca_T_1_0_1
Fredformer,96,ETTm1,0.0005,0.0005,0.1,0.0,1.0,1.0,TST,100,10,128,64,300,1,0.0,3,5.0,MAE,1,basis,pca,T,1,0,0,0.3261597752571106,0.35320737957954407,/mnt/tidalfs-bdsz01/dataset/llm_dataset/plc_data/TransDF/results/meta_tune/Fredformer_ETTm1_96_0.0_1.0_0.0005_0.0005_0.1_TST_100_10_128_64_1.0_5.0_3_0.0_1_MAE_1_300_basis_pca_T_1_0_0
Fredformer,96,ETTm1,0.0005,0.0005,0.1,0.0,1.0,1.0,TST,100,10,128,64,300,1,0.0,3,5.0,MAE,1,basis,pca,T,1,0,1,0.32695889472961426,0.3536655604839325,/mnt/tidalfs-bdsz01/dataset/llm_dataset/plc_data/TransDF/results/meta_tune/Fredformer_ETTm1_96_0.0_1.0_0.0005_0.0005_0.1_TST_100_10_128_64_1.0_5.0_3_0.0_1_MAE_1_300_basis_pca_T_1_0_1
Fredformer,96,ETTm1,0.0005,0.0005,0.1,0.0,1.0,1.0,TST,100,10,128,64,500,1,0.0,3,5.0,MAE,1,basis,pca,T,1,0,0,0.3267003893852234,0.3530363440513611,/mnt/tidalfs-bdsz01/dataset/llm_dataset/plc_data/TransDF/results/meta_tune/Fredformer_ETTm1_96_0.0_1.0_0.0005_0.0005_0.1_TST_100_10_128_64_1.0_5.0_3_0.0_1_MAE_1_500_basis_pca_T_1_0_0
Fredformer,96,ETTm1,0.0005,0.0005,0.1,0.0,1.0,1.0,TST,100,10,128,64,500,1,0.0,3,5.0,MAE,1,basis,pca,T,1,0,1,0.32710978388786316,0.3535996675491333,/mnt/tidalfs-bdsz01/dataset/llm_dataset/plc_data/TransDF/results/meta_tune/Fredformer_ETTm1_96_0.0_1.0_0.0005_0.0005_0.1_TST_100_10_128_64_1.0_5.0_3_0.0_1_MAE_1_500_basis_pca_T_1_0_1
Fredformer,96,ETTm1,0.0005,0.0005,0.1,0.0,1.0,1.0,TST,100,10,128,64,700,1,0.0,3,5.0,MAE,1,basis,pca,T,1,0,0,0.3273034393787384,0.35313600301742554,/mnt/tidalfs-bdsz01/dataset/llm_dataset/plc_data/TransDF/results/meta_tune/Fredformer_ETTm1_96_0.0_1.0_0.0005_0.0005_0.1_TST_100_10_128_64_1.0_5.0_3_0.0_1_MAE_1_700_basis_pca_T_1_0_0
Fredformer,96,ETTm1,0.0005,0.0005,0.1,0.0,1.0,1.0,TST,100,10,128,64,700,1,0.0,3,5.0,MAE,1,basis,pca,T,1,0,1,0.3270230293273926,0.35346049070358276,/mnt/tidalfs-bdsz01/dataset/llm_dataset/plc_data/TransDF/results/meta_tune/Fredformer_ETTm1_96_0.0_1.0_0.0005_0.0005_0.1_TST_100_10_128_64_1.0_5.0_3_0.0_1_MAE_1_700_basis_pca_T_1_0_1
Fredformer,96,ETTm1,0.0002,0.0002,0.1,0.2,0.8,0.8,TST,100,10,128,64,300,1,0.0,3,5.0,MAE,1,basis,pca,T,1,0,0,0.3243553340435028,0.3569691777229309,/mnt/tidalfs-bdsz01/dataset/llm_dataset/plc_data/TransDF/results/meta_tune/Fredformer_ETTm1_96_0.2_0.8_0.0002_0.0002_0.1_TST_100_10_128_64_0.8_5.0_3_0.0_1_MAE_1_300_basis_pca_T_1_0_0
Fredformer,96,ETTm1,0.0002,0.0002,0.1,0.2,0.8,0.8,TST,100,10,128,64,300,1,0.0,3,5.0,MAE,1,basis,pca,T,1,0,1,0.32590222358703613,0.3580395579338074,/mnt/tidalfs-bdsz01/dataset/llm_dataset/plc_data/TransDF/results/meta_tune/Fredformer_ETTm1_96_0.2_0.8_0.0002_0.0002_0.1_TST_100_10_128_64_0.8_5.0_3_0.0_1_MAE_1_300_basis_pca_T_1_0_1
Fredformer,96,ETTm1,0.0002,0.0002,0.1,0.2,0.8,0.8,TST,100,10,128,64,500,1,0.0,3,5.0,MAE,1,basis,pca,T,1,0,0,0.3241683840751648,0.356780469417572,/mnt/tidalfs-bdsz01/dataset/llm_dataset/plc_data/TransDF/results/meta_tune/Fredformer_ETTm1_96_0.2_0.8_0.0002_0.0002_0.1_TST_100_10_128_64_0.8_5.0_3_0.0_1_MAE_1_500_basis_pca_T_1_0_0
Fredformer,96,ETTm1,0.0002,0.0002,0.1,0.2,0.8,0.8,TST,100,10,128,64,500,1,0.0,3,5.0,MAE,1,basis,pca,T,1,0,1,0.325932115316391,0.3579564690589905,/mnt/tidalfs-bdsz01/dataset/llm_dataset/plc_data/TransDF/results/meta_tune/Fredformer_ETTm1_96_0.2_0.8_0.0002_0.0002_0.1_TST_100_10_128_64_0.8_5.0_3_0.0_1_MAE_1_500_basis_pca_T_1_0_1
Fredformer,96,ETTm1,0.0002,0.0002,0.1,0.2,0.8,0.8,TST,100,10,128,64,700,1,0.0,3,5.0,MAE,1,basis,pca,T,1,0,0,0.32461315393447876,0.35721832513809204,/mnt/tidalfs-bdsz01/dataset/llm_dataset/plc_data/TransDF/results/meta_tune/Fredformer_ETTm1_96_0.2_0.8_0.0002_0.0002_0.1_TST_100_10_128_64_0.8_5.0_3_0.0_1_MAE_1_700_basis_pca_T_1_0_0
Fredformer,96,ETTm1,0.0002,0.0002,0.1,0.2,0.8,0.8,TST,100,10,128,64,700,1,0.0,3,5.0,MAE,1,basis,pca,T,1,0,1,0.3257687985897064,0.3579285740852356,/mnt/tidalfs-bdsz01/dataset/llm_dataset/plc_data/TransDF/results/meta_tune/Fredformer_ETTm1_96_0.2_0.8_0.0002_0.0002_0.1_TST_100_10_128_64_0.8_5.0_3_0.0_1_MAE_1_700_basis_pca_T_1_0_1
Fredformer,96,ETTm1,0.0002,0.0002,0.1,0.2,0.8,1.0,TST,100,10,128,64,300,1,0.0,3,5.0,MAE,1,basis,pca,T,1,0,0,0.3283265233039856,0.35846900939941406,/mnt/tidalfs-bdsz01/dataset/llm_dataset/plc_data/TransDF/results/meta_tune/Fredformer_ETTm1_96_0.2_0.8_0.0002_0.0002_0.1_TST_100_10_128_64_1.0_5.0_3_0.0_1_MAE_1_300_basis_pca_T_1_0_0
Fredformer,96,ETTm1,0.0002,0.0002,0.1,0.2,0.8,1.0,TST,100,10,128,64,300,1,0.0,3,5.0,MAE,1,basis,pca,T,1,0,1,0.3279348611831665,0.35970672965049744,/mnt/tidalfs-bdsz01/dataset/llm_dataset/plc_data/TransDF/results/meta_tune/Fredformer_ETTm1_96_0.2_0.8_0.0002_0.0002_0.1_TST_100_10_128_64_1.0_5.0_3_0.0_1_MAE_1_300_basis_pca_T_1_0_1
Fredformer,96,ETTm1,0.0002,0.0002,0.1,0.2,0.8,1.0,TST,100,10,128,64,500,1,0.0,3,5.0,MAE,1,basis,pca,T,1,0,0,0.3282308280467987,0.3583555221557617,/mnt/tidalfs-bdsz01/dataset/llm_dataset/plc_data/TransDF/results/meta_tune/Fredformer_ETTm1_96_0.2_0.8_0.0002_0.0002_0.1_TST_100_10_128_64_1.0_5.0_3_0.0_1_MAE_1_500_basis_pca_T_1_0_0
Fredformer,96,ETTm1,0.0002,0.0002,0.1,0.2,0.8,1.0,TST,100,10,128,64,500,1,0.0,3,5.0,MAE,1,basis,pca,T,1,0,1,0.32596445083618164,0.3584402799606323,/mnt/tidalfs-bdsz01/dataset/llm_dataset/plc_data/TransDF/results/meta_tune/Fredformer_ETTm1_96_0.2_0.8_0.0002_0.0002_0.1_TST_100_10_128_64_1.0_5.0_3_0.0_1_MAE_1_500_basis_pca_T_1_0_1
Fredformer,96,ETTm1,0.0002,0.0002,0.1,0.2,0.8,1.0,TST,100,10,128,64,700,1,0.0,3,5.0,MAE,1,basis,pca,T,1,0,0,0.3283187747001648,0.35855618119239807,/mnt/tidalfs-bdsz01/dataset/llm_dataset/plc_data/TransDF/results/meta_tune/Fredformer_ETTm1_96_0.2_0.8_0.0002_0.0002_0.1_TST_100_10_128_64_1.0_5.0_3_0.0_1_MAE_1_700_basis_pca_T_1_0_0
Fredformer,96,ETTm1,0.0002,0.0002,0.1,0.2,0.8,1.0,TST,100,10,128,64,700,1,0.0,3,5.0,MAE,1,basis,pca,T,1,0,1,0.3288518786430359,0.3593079149723053,/mnt/tidalfs-bdsz01/dataset/llm_dataset/plc_data/TransDF/results/meta_tune/Fredformer_ETTm1_96_0.2_0.8_0.0002_0.0002_0.1_TST_100_10_128_64_1.0_5.0_3_0.0_1_MAE_1_700_basis_pca_T_1_0_1
Fredformer,96,ETTm1,0.0005,0.0005,0.1,0.2,0.8,0.8,TST,100,10,128,64,300,1,0.0,3,5.0,MAE,1,basis,pca,T,1,0,0,0.32957223057746887,0.3590931296348572,/mnt/tidalfs-bdsz01/dataset/llm_dataset/plc_data/TransDF/results/meta_tune/Fredformer_ETTm1_96_0.2_0.8_0.0005_0.0005_0.1_TST_100_10_128_64_0.8_5.0_3_0.0_1_MAE_1_300_basis_pca_T_1_0_0
Fredformer,96,ETTm1,0.0005,0.0005,0.1,0.2,0.8,0.8,TST,100,10,128,64,300,1,0.0,3,5.0,MAE,1,basis,pca,T,1,0,1,0.32368507981300354,0.3588290512561798,/mnt/tidalfs-bdsz01/dataset/llm_dataset/plc_data/TransDF/results/meta_tune/Fredformer_ETTm1_96_0.2_0.8_0.0005_0.0005_0.1_TST_100_10_128_64_0.8_5.0_3_0.0_1_MAE_1_300_basis_pca_T_1_0_1
Fredformer,96,ETTm1,0.0005,0.0005,0.1,0.2,0.8,0.8,TST,100,10,128,64,500,1,0.0,3,5.0,MAE,1,basis,pca,T,1,0,0,0.32818523049354553,0.3603641092777252,/mnt/tidalfs-bdsz01/dataset/llm_dataset/plc_data/TransDF/results/meta_tune/Fredformer_ETTm1_96_0.2_0.8_0.0005_0.0005_0.1_TST_100_10_128_64_0.8_5.0_3_0.0_1_MAE_1_500_basis_pca_T_1_0_0
Fredformer,96,ETTm1,0.0005,0.0005,0.1,0.2,0.8,0.8,TST,100,10,128,64,500,1,0.0,3,5.0,MAE,1,basis,pca,T,1,0,1,0.3231778144836426,0.3584635257720947,/mnt/tidalfs-bdsz01/dataset/llm_dataset/plc_data/TransDF/results/meta_tune/Fredformer_ETTm1_96_0.2_0.8_0.0005_0.0005_0.1_TST_100_10_128_64_0.8_5.0_3_0.0_1_MAE_1_500_basis_pca_T_1_0_1
Fredformer,96,ETTm1,0.0005,0.0005,0.1,0.2,0.8,0.8,TST,100,10,128,64,700,1,0.0,3,5.0,MAE,1,basis,pca,T,1,0,0,0.3298959732055664,0.35925647616386414,/mnt/tidalfs-bdsz01/dataset/llm_dataset/plc_data/TransDF/results/meta_tune/Fredformer_ETTm1_96_0.2_0.8_0.0005_0.0005_0.1_TST_100_10_128_64_0.8_5.0_3_0.0_1_MAE_1_700_basis_pca_T_1_0_0
Fredformer,96,ETTm1,0.0005,0.0005,0.1,0.2,0.8,0.8,TST,100,10,128,64,700,1,0.0,3,5.0,MAE,1,basis,pca,T,1,0,1,0.32320743799209595,0.35818347334861755,/mnt/tidalfs-bdsz01/dataset/llm_dataset/plc_data/TransDF/results/meta_tune/Fredformer_ETTm1_96_0.2_0.8_0.0005_0.0005_0.1_TST_100_10_128_64_0.8_5.0_3_0.0_1_MAE_1_700_basis_pca_T_1_0_1
Fredformer,96,ETTm1,0.0005,0.0005,0.1,0.2,0.8,1.0,TST,100,10,128,64,300,1,0.0,3,5.0,MAE,1,basis,pca,T,1,0,0,0.3279189467430115,0.36004629731178284,/mnt/tidalfs-bdsz01/dataset/llm_dataset/plc_data/TransDF/results/meta_tune/Fredformer_ETTm1_96_0.2_0.8_0.0005_0.0005_0.1_TST_100_10_128_64_1.0_5.0_3_0.0_1_MAE_1_300_basis_pca_T_1_0_0
Fredformer,96,ETTm1,0.0005,0.0005,0.1,0.2,0.8,1.0,TST,100,10,128,64,300,1,0.0,3,5.0,MAE,1,basis,pca,T,1,0,1,0.32909664511680603,0.36116886138916016,/mnt/tidalfs-bdsz01/dataset/llm_dataset/plc_data/TransDF/results/meta_tune/Fredformer_ETTm1_96_0.2_0.8_0.0005_0.0005_0.1_TST_100_10_128_64_1.0_5.0_3_0.0_1_MAE_1_300_basis_pca_T_1_0_1
Fredformer,96,ETTm1,0.0005,0.0005,0.1,0.2,0.8,1.0,TST,100,10,128,64,500,1,0.0,3,5.0,MAE,1,basis,pca,T,1,0,0,0.3279264569282532,0.3600676655769348,/mnt/tidalfs-bdsz01/dataset/llm_dataset/plc_data/TransDF/results/meta_tune/Fredformer_ETTm1_96_0.2_0.8_0.0005_0.0005_0.1_TST_100_10_128_64_1.0_5.0_3_0.0_1_MAE_1_500_basis_pca_T_1_0_0
Fredformer,96,ETTm1,0.0005,0.0005,0.1,0.2,0.8,1.0,TST,100,10,128,64,500,1,0.0,3,5.0,MAE,1,basis,pca,T,1,0,1,0.3290432095527649,0.36114683747291565,/mnt/tidalfs-bdsz01/dataset/llm_dataset/plc_data/TransDF/results/meta_tune/Fredformer_ETTm1_96_0.2_0.8_0.0005_0.0005_0.1_TST_100_10_128_64_1.0_5.0_3_0.0_1_MAE_1_500_basis_pca_T_1_0_1
Fredformer,96,ETTm1,0.0005,0.0005,0.1,0.2,0.8,1.0,TST,100,10,128,64,700,1,0.0,3,5.0,MAE,1,basis,pca,T,1,0,0,0.3280203640460968,0.36017748713493347,/mnt/tidalfs-bdsz01/dataset/llm_dataset/plc_data/TransDF/results/meta_tune/Fredformer_ETTm1_96_0.2_0.8_0.0005_0.0005_0.1_TST_100_10_128_64_1.0_5.0_3_0.0_1_MAE_1_700_basis_pca_T_1_0_0
Fredformer,96,ETTm1,0.0005,0.0005,0.1,0.2,0.8,1.0,TST,100,10,128,64,700,1,0.0,3,5.0,MAE,1,basis,pca,T,1,0,1,0.32916688919067383,0.36136332154273987,/mnt/tidalfs-bdsz01/dataset/llm_dataset/plc_data/TransDF/results/meta_tune/Fredformer_ETTm1_96_0.2_0.8_0.0005_0.0005_0.1_TST_100_10_128_64_1.0_5.0_3_0.0_1_MAE_1_700_basis_pca_T_1_0_1
Fredformer,96,ETTm1,0.0002,0.0002,0.1,0.6,0.4,0.8,TST,100,10,128,64,300,1,0.0,3,5.0,MAE,1,basis,pca,T,1,0,0,0.3212255537509918,0.35604727268218994,/mnt/tidalfs-bdsz01/dataset/llm_dataset/plc_data/TransDF/results/meta_tune/Fredformer_ETTm1_96_0.6_0.4_0.0002_0.0002_0.1_TST_100_10_128_64_0.8_5.0_3_0.0_1_MAE_1_300_basis_pca_T_1_0_0
Fredformer,96,ETTm1,0.0002,0.0002,0.1,0.6,0.4,0.8,TST,100,10,128,64,300,1,0.0,3,5.0,MAE,1,basis,pca,T,1,0,1,0.33010250329971313,0.36252719163894653,/mnt/tidalfs-bdsz01/dataset/llm_dataset/plc_data/TransDF/results/meta_tune/Fredformer_ETTm1_96_0.6_0.4_0.0002_0.0002_0.1_TST_100_10_128_64_0.8_5.0_3_0.0_1_MAE_1_300_basis_pca_T_1_0_1
Fredformer,96,ETTm1,0.0002,0.0002,0.1,0.6,0.4,0.8,TST,100,10,128,64,500,1,0.0,3,5.0,MAE,1,basis,pca,T,1,0,0,0.3212166130542755,0.3561556935310364,/mnt/tidalfs-bdsz01/dataset/llm_dataset/plc_data/TransDF/results/meta_tune/Fredformer_ETTm1_96_0.6_0.4_0.0002_0.0002_0.1_TST_100_10_128_64_0.8_5.0_3_0.0_1_MAE_1_500_basis_pca_T_1_0_0
Fredformer,96,ETTm1,0.0002,0.0002,0.1,0.6,0.4,0.8,TST,100,10,128,64,500,1,0.0,3,5.0,MAE,1,basis,pca,T,1,0,1,0.32975372672080994,0.3621848523616791,/mnt/tidalfs-bdsz01/dataset/llm_dataset/plc_data/TransDF/results/meta_tune/Fredformer_ETTm1_96_0.6_0.4_0.0002_0.0002_0.1_TST_100_10_128_64_0.8_5.0_3_0.0_1_MAE_1_500_basis_pca_T_1_0_1
Fredformer,96,ETTm1,0.0002,0.0002,0.1,0.6,0.4,0.8,TST,100,10,128,64,700,1,0.0,3,5.0,MAE,1,basis,pca,T,1,0,0,0.3213426172733307,0.35616374015808105,/mnt/tidalfs-bdsz01/dataset/llm_dataset/plc_data/TransDF/results/meta_tune/Fredformer_ETTm1_96_0.6_0.4_0.0002_0.0002_0.1_TST_100_10_128_64_0.8_5.0_3_0.0_1_MAE_1_700_basis_pca_T_1_0_0
Fredformer,96,ETTm1,0.0002,0.0002,0.1,0.6,0.4,0.8,TST,100,10,128,64,700,1,0.0,3,5.0,MAE,1,basis,pca,T,1,0,1,0.33019188046455383,0.3625783324241638,/mnt/tidalfs-bdsz01/dataset/llm_dataset/plc_data/TransDF/results/meta_tune/Fredformer_ETTm1_96_0.6_0.4_0.0002_0.0002_0.1_TST_100_10_128_64_0.8_5.0_3_0.0_1_MAE_1_700_basis_pca_T_1_0_1
Fredformer,96,ETTm1,0.0002,0.0002,0.1,0.6,0.4,1.0,TST,100,10,128,64,300,1,0.0,3,5.0,MAE,1,basis,pca,T,1,0,0,0.32887813448905945,0.3614760935306549,/mnt/tidalfs-bdsz01/dataset/llm_dataset/plc_data/TransDF/results/meta_tune/Fredformer_ETTm1_96_0.6_0.4_0.0002_0.0002_0.1_TST_100_10_128_64_1.0_5.0_3_0.0_1_MAE_1_300_basis_pca_T_1_0_0
Fredformer,96,ETTm1,0.0002,0.0002,0.1,0.6,0.4,1.0,TST,100,10,128,64,300,1,0.0,3,5.0,MAE,1,basis,pca,T,1,0,1,0.3211047053337097,0.3563545346260071,/mnt/tidalfs-bdsz01/dataset/llm_dataset/plc_data/TransDF/results/meta_tune/Fredformer_ETTm1_96_0.6_0.4_0.0002_0.0002_0.1_TST_100_10_128_64_1.0_5.0_3_0.0_1_MAE_1_300_basis_pca_T_1_0_1
Fredformer,96,ETTm1,0.0002,0.0002,0.1,0.6,0.4,1.0,TST,100,10,128,64,500,1,0.0,3,5.0,MAE,1,basis,pca,T,1,0,0,0.32960501313209534,0.3621903359889984,/mnt/tidalfs-bdsz01/dataset/llm_dataset/plc_data/TransDF/results/meta_tune/Fredformer_ETTm1_96_0.6_0.4_0.0002_0.0002_0.1_TST_100_10_128_64_1.0_5.0_3_0.0_1_MAE_1_500_basis_pca_T_1_0_0
Fredformer,96,ETTm1,0.0002,0.0002,0.1,0.6,0.4,1.0,TST,100,10,128,64,500,1,0.0,3,5.0,MAE,1,basis,pca,T,1,0,1,0.3206624984741211,0.3561716675758362,/mnt/tidalfs-bdsz01/dataset/llm_dataset/plc_data/TransDF/results/meta_tune/Fredformer_ETTm1_96_0.6_0.4_0.0002_0.0002_0.1_TST_100_10_128_64_1.0_5.0_3_0.0_1_MAE_1_500_basis_pca_T_1_0_1
Fredformer,96,ETTm1,0.0002,0.0002,0.1,0.6,0.4,1.0,TST,100,10,128,64,700,1,0.0,3,5.0,MAE,1,basis,pca,T,1,0,0,0.3290698826313019,0.3618300259113312,/mnt/tidalfs-bdsz01/dataset/llm_dataset/plc_data/TransDF/results/meta_tune/Fredformer_ETTm1_96_0.6_0.4_0.0002_0.0002_0.1_TST_100_10_128_64_1.0_5.0_3_0.0_1_MAE_1_700_basis_pca_T_1_0_0
Fredformer,96,ETTm1,0.0002,0.0002,0.1,0.6,0.4,1.0,TST,100,10,128,64,700,1,0.0,3,5.0,MAE,1,basis,pca,T,1,0,1,0.3204944431781769,0.3559728264808655,/mnt/tidalfs-bdsz01/dataset/llm_dataset/plc_data/TransDF/results/meta_tune/Fredformer_ETTm1_96_0.6_0.4_0.0002_0.0002_0.1_TST_100_10_128_64_1.0_5.0_3_0.0_1_MAE_1_700_basis_pca_T_1_0_1
Fredformer,96,ETTm1,0.0005,0.0005,0.1,0.6,0.4,0.8,TST,100,10,128,64,300,1,0.0,3,5.0,MAE,1,basis,pca,T,1,0,0,0.32039034366607666,0.35700270533561707,/mnt/tidalfs-bdsz01/dataset/llm_dataset/plc_data/TransDF/results/meta_tune/Fredformer_ETTm1_96_0.6_0.4_0.0005_0.0005_0.1_TST_100_10_128_64_0.8_5.0_3_0.0_1_MAE_1_300_basis_pca_T_1_0_0
Fredformer,96,ETTm1,0.0005,0.0005,0.1,0.6,0.4,0.8,TST,100,10,128,64,300,1,0.0,3,5.0,MAE,1,basis,pca,T,1,0,1,0.3202857971191406,0.35713106393814087,/mnt/tidalfs-bdsz01/dataset/llm_dataset/plc_data/TransDF/results/meta_tune/Fredformer_ETTm1_96_0.6_0.4_0.0005_0.0005_0.1_TST_100_10_128_64_0.8_5.0_3_0.0_1_MAE_1_300_basis_pca_T_1_0_1
Fredformer,96,ETTm1,0.0005,0.0005,0.1,0.6,0.4,0.8,TST,100,10,128,64,500,1,0.0,3,5.0,MAE,1,basis,pca,T,1,0,0,0.3235224485397339,0.3599390387535095,/mnt/tidalfs-bdsz01/dataset/llm_dataset/plc_data/TransDF/results/meta_tune/Fredformer_ETTm1_96_0.6_0.4_0.0005_0.0005_0.1_TST_100_10_128_64_0.8_5.0_3_0.0_1_MAE_1_500_basis_pca_T_1_0_0
Fredformer,96,ETTm1,0.0005,0.0005,0.1,0.6,0.4,0.8,TST,100,10,128,64,500,1,0.0,3,5.0,MAE,1,basis,pca,T,1,0,1,0.3206859529018402,0.35797059535980225,/mnt/tidalfs-bdsz01/dataset/llm_dataset/plc_data/TransDF/results/meta_tune/Fredformer_ETTm1_96_0.6_0.4_0.0005_0.0005_0.1_TST_100_10_128_64_0.8_5.0_3_0.0_1_MAE_1_500_basis_pca_T_1_0_1
Fredformer,96,ETTm1,0.0005,0.0005,0.1,0.6,0.4,0.8,TST,100,10,128,64,700,1,0.0,3,5.0,MAE,1,basis,pca,T,1,0,0,0.32378897070884705,0.3602679967880249,/mnt/tidalfs-bdsz01/dataset/llm_dataset/plc_data/TransDF/results/meta_tune/Fredformer_ETTm1_96_0.6_0.4_0.0005_0.0005_0.1_TST_100_10_128_64_0.8_5.0_3_0.0_1_MAE_1_700_basis_pca_T_1_0_0
Fredformer,96,ETTm1,0.0005,0.0005,0.1,0.6,0.4,0.8,TST,100,10,128,64,700,1,0.0,3,5.0,MAE,1,basis,pca,T,1,0,1,0.3203796148300171,0.3573317527770996,/mnt/tidalfs-bdsz01/dataset/llm_dataset/plc_data/TransDF/results/meta_tune/Fredformer_ETTm1_96_0.6_0.4_0.0005_0.0005_0.1_TST_100_10_128_64_0.8_5.0_3_0.0_1_MAE_1_700_basis_pca_T_1_0_1
Fredformer,96,ETTm1,0.0005,0.0005,0.1,0.6,0.4,1.0,TST,100,10,128,64,300,1,0.0,3,5.0,MAE,1,basis,pca,T,1,0,0,0.3299016058444977,0.3643852770328522,/mnt/tidalfs-bdsz01/dataset/llm_dataset/plc_data/TransDF/results/meta_tune/Fredformer_ETTm1_96_0.6_0.4_0.0005_0.0005_0.1_TST_100_10_128_64_1.0_5.0_3_0.0_1_MAE_1_300_basis_pca_T_1_0_0
Fredformer,96,ETTm1,0.0005,0.0005,0.1,0.6,0.4,1.0,TST,100,10,128,64,300,1,0.0,3,5.0,MAE,1,basis,pca,T,1,0,1,0.3369002342224121,0.365960955619812,/mnt/tidalfs-bdsz01/dataset/llm_dataset/plc_data/TransDF/results/meta_tune/Fredformer_ETTm1_96_0.6_0.4_0.0005_0.0005_0.1_TST_100_10_128_64_1.0_5.0_3_0.0_1_MAE_1_300_basis_pca_T_1_0_1
Fredformer,96,ETTm1,0.0005,0.0005,0.1,0.6,0.4,1.0,TST,100,10,128,64,500,1,0.0,3,5.0,MAE,1,basis,pca,T,1,0,0,0.33082911372184753,0.36310309171676636,/mnt/tidalfs-bdsz01/dataset/llm_dataset/plc_data/TransDF/results/meta_tune/Fredformer_ETTm1_96_0.6_0.4_0.0005_0.0005_0.1_TST_100_10_128_64_1.0_5.0_3_0.0_1_MAE_1_500_basis_pca_T_1_0_0
Fredformer,96,ETTm1,0.0005,0.0005,0.1,0.6,0.4,1.0,TST,100,10,128,64,500,1,0.0,3,5.0,MAE,1,basis,pca,T,1,0,1,0.3372010886669159,0.3662039041519165,/mnt/tidalfs-bdsz01/dataset/llm_dataset/plc_data/TransDF/results/meta_tune/Fredformer_ETTm1_96_0.6_0.4_0.0005_0.0005_0.1_TST_100_10_128_64_1.0_5.0_3_0.0_1_MAE_1_500_basis_pca_T_1_0_1
Fredformer,96,ETTm1,0.0005,0.0005,0.1,0.6,0.4,1.0,TST,100,10,128,64,700,1,0.0,3,5.0,MAE,1,basis,pca,T,1,0,0,0.33057552576065063,0.3629007637500763,/mnt/tidalfs-bdsz01/dataset/llm_dataset/plc_data/TransDF/results/meta_tune/Fredformer_ETTm1_96_0.6_0.4_0.0005_0.0005_0.1_TST_100_10_128_64_1.0_5.0_3_0.0_1_MAE_1_700_basis_pca_T_1_0_0
Fredformer,96,ETTm1,0.0005,0.0005,0.1,0.6,0.4,1.0,TST,100,10,128,64,700,1,0.0,3,5.0,MAE,1,basis,pca,T,1,0,1,0.33698177337646484,0.3659687340259552,/mnt/tidalfs-bdsz01/dataset/llm_dataset/plc_data/TransDF/results/meta_tune/Fredformer_ETTm1_96_0.6_0.4_0.0005_0.0005_0.1_TST_100_10_128_64_1.0_5.0_3_0.0_1_MAE_1_700_basis_pca_T_1_0_1
Fredformer,192,ETTm1,0.0002,0.0002,0.1,0.0,1.0,0.8,TST,100,10,128,64,300,1,0.0,3,5.0,MAE,1,basis,pca,T,1,0,0,0.3723810315132141,0.3816260099411011,/mnt/tidalfs-bdsz01/dataset/llm_dataset/plc_data/TransDF/results/meta_tune/Fredformer_ETTm1_192_0.0_1.0_0.0002_0.0002_0.1_TST_100_10_128_64_0.8_5.0_3_0.0_1_MAE_1_300_basis_pca_T_1_0_0
Fredformer,192,ETTm1,0.0002,0.0002,0.1,0.0,1.0,0.8,TST,100,10,128,64,300,1,0.0,3,5.0,MAE,1,basis,pca,T,1,0,1,0.37207460403442383,0.3826868534088135,/mnt/tidalfs-bdsz01/dataset/llm_dataset/plc_data/TransDF/results/meta_tune/Fredformer_ETTm1_192_0.0_1.0_0.0002_0.0002_0.1_TST_100_10_128_64_0.8_5.0_3_0.0_1_MAE_1_300_basis_pca_T_1_0_1
Fredformer,192,ETTm1,0.0002,0.0002,0.1,0.0,1.0,0.8,TST,100,10,128,64,500,1,0.0,3,5.0,MAE,1,basis,pca,T,1,0,0,0.37270739674568176,0.3813799023628235,/mnt/tidalfs-bdsz01/dataset/llm_dataset/plc_data/TransDF/results/meta_tune/Fredformer_ETTm1_192_0.0_1.0_0.0002_0.0002_0.1_TST_100_10_128_64_0.8_5.0_3_0.0_1_MAE_1_500_basis_pca_T_1_0_0
Fredformer,192,ETTm1,0.0002,0.0002,0.1,0.0,1.0,0.8,TST,100,10,128,64,500,1,0.0,3,5.0,MAE,1,basis,pca,T,1,0,1,0.3725873827934265,0.38306742906570435,/mnt/tidalfs-bdsz01/dataset/llm_dataset/plc_data/TransDF/results/meta_tune/Fredformer_ETTm1_192_0.0_1.0_0.0002_0.0002_0.1_TST_100_10_128_64_0.8_5.0_3_0.0_1_MAE_1_500_basis_pca_T_1_0_1
Fredformer,192,ETTm1,0.0002,0.0002,0.1,0.0,1.0,0.8,TST,100,10,128,64,700,1,0.0,3,5.0,MAE,1,basis,pca,T,1,0,0,0.372920960187912,0.3831386864185333,/mnt/tidalfs-bdsz01/dataset/llm_dataset/plc_data/TransDF/results/meta_tune/Fredformer_ETTm1_192_0.0_1.0_0.0002_0.0002_0.1_TST_100_10_128_64_0.8_5.0_3_0.0_1_MAE_1_700_basis_pca_T_1_0_0
Fredformer,192,ETTm1,0.0002,0.0002,0.1,0.0,1.0,0.8,TST,100,10,128,64,700,1,0.0,3,5.0,MAE,1,basis,pca,T,1,0,1,0.3720880448818207,0.3826019763946533,/mnt/tidalfs-bdsz01/dataset/llm_dataset/plc_data/TransDF/results/meta_tune/Fredformer_ETTm1_192_0.0_1.0_0.0002_0.0002_0.1_TST_100_10_128_64_0.8_5.0_3_0.0_1_MAE_1_700_basis_pca_T_1_0_1
Fredformer,192,ETTm1,0.0002,0.0002,0.1,0.0,1.0,1.0,TST,100,10,128,64,300,1,0.0,3,5.0,MAE,1,basis,pca,T,1,0,0,0.37066853046417236,0.38086387515068054,/mnt/tidalfs-bdsz01/dataset/llm_dataset/plc_data/TransDF/results/meta_tune/Fredformer_ETTm1_192_0.0_1.0_0.0002_0.0002_0.1_TST_100_10_128_64_1.0_5.0_3_0.0_1_MAE_1_300_basis_pca_T_1_0_0
Fredformer,192,ETTm1,0.0002,0.0002,0.1,0.0,1.0,1.0,TST,100,10,128,64,300,1,0.0,3,5.0,MAE,1,basis,pca,T,1,0,1,0.3693283200263977,0.37928810715675354,/mnt/tidalfs-bdsz01/dataset/llm_dataset/plc_data/TransDF/results/meta_tune/Fredformer_ETTm1_192_0.0_1.0_0.0002_0.0002_0.1_TST_100_10_128_64_1.0_5.0_3_0.0_1_MAE_1_300_basis_pca_T_1_0_1
Fredformer,192,ETTm1,0.0002,0.0002,0.1,0.0,1.0,1.0,TST,100,10,128,64,500,1,0.0,3,5.0,MAE,1,basis,pca,T,1,0,0,0.370423287153244,0.3802012801170349,/mnt/tidalfs-bdsz01/dataset/llm_dataset/plc_data/TransDF/results/meta_tune/Fredformer_ETTm1_192_0.0_1.0_0.0002_0.0002_0.1_TST_100_10_128_64_1.0_5.0_3_0.0_1_MAE_1_500_basis_pca_T_1_0_0
Fredformer,192,ETTm1,0.0002,0.0002,0.1,0.0,1.0,1.0,TST,100,10,128,64,500,1,0.0,3,5.0,MAE,1,basis,pca,T,1,0,1,0.3695053160190582,0.3794664740562439,/mnt/tidalfs-bdsz01/dataset/llm_dataset/plc_data/TransDF/results/meta_tune/Fredformer_ETTm1_192_0.0_1.0_0.0002_0.0002_0.1_TST_100_10_128_64_1.0_5.0_3_0.0_1_MAE_1_500_basis_pca_T_1_0_1
Fredformer,192,ETTm1,0.0002,0.0002,0.1,0.0,1.0,1.0,TST,100,10,128,64,700,1,0.0,3,5.0,MAE,1,basis,pca,T,1,0,0,0.3705242872238159,0.3797624111175537,/mnt/tidalfs-bdsz01/dataset/llm_dataset/plc_data/TransDF/results/meta_tune/Fredformer_ETTm1_192_0.0_1.0_0.0002_0.0002_0.1_TST_100_10_128_64_1.0_5.0_3_0.0_1_MAE_1_700_basis_pca_T_1_0_0
Fredformer,192,ETTm1,0.0002,0.0002,0.1,0.0,1.0,1.0,TST,100,10,128,64,700,1,0.0,3,5.0,MAE,1,basis,pca,T,1,0,1,0.36955416202545166,0.37958601117134094,/mnt/tidalfs-bdsz01/dataset/llm_dataset/plc_data/TransDF/results/meta_tune/Fredformer_ETTm1_192_0.0_1.0_0.0002_0.0002_0.1_TST_100_10_128_64_1.0_5.0_3_0.0_1_MAE_1_700_basis_pca_T_1_0_1
Fredformer,192,ETTm1,0.0005,0.0005,0.1,0.0,1.0,0.8,TST,100,10,128,64,300,1,0.0,3,5.0,MAE,1,basis,pca,T,1,0,0,0.37156039476394653,0.3821563720703125,/mnt/tidalfs-bdsz01/dataset/llm_dataset/plc_data/TransDF/results/meta_tune/Fredformer_ETTm1_192_0.0_1.0_0.0005_0.0005_0.1_TST_100_10_128_64_0.8_5.0_3_0.0_1_MAE_1_300_basis_pca_T_1_0_0
Fredformer,192,ETTm1,0.0005,0.0005,0.1,0.0,1.0,0.8,TST,100,10,128,64,300,1,0.0,3,5.0,MAE,1,basis,pca,T,1,0,1,0.3724956214427948,0.38102760910987854,/mnt/tidalfs-bdsz01/dataset/llm_dataset/plc_data/TransDF/results/meta_tune/Fredformer_ETTm1_192_0.0_1.0_0.0005_0.0005_0.1_TST_100_10_128_64_0.8_5.0_3_0.0_1_MAE_1_300_basis_pca_T_1_0_1
Fredformer,192,ETTm1,0.0005,0.0005,0.1,0.0,1.0,0.8,TST,100,10,128,64,500,1,0.0,3,5.0,MAE,1,basis,pca,T,1,0,0,0.37177079916000366,0.3811264634132385,/mnt/tidalfs-bdsz01/dataset/llm_dataset/plc_data/TransDF/results/meta_tune/Fredformer_ETTm1_192_0.0_1.0_0.0005_0.0005_0.1_TST_100_10_128_64_0.8_5.0_3_0.0_1_MAE_1_500_basis_pca_T_1_0_0
Fredformer,192,ETTm1,0.0005,0.0005,0.1,0.0,1.0,0.8,TST,100,10,128,64,500,1,0.0,3,5.0,MAE,1,basis,pca,T,1,0,1,0.3722425103187561,0.3807084560394287,/mnt/tidalfs-bdsz01/dataset/llm_dataset/plc_data/TransDF/results/meta_tune/Fredformer_ETTm1_192_0.0_1.0_0.0005_0.0005_0.1_TST_100_10_128_64_0.8_5.0_3_0.0_1_MAE_1_500_basis_pca_T_1_0_1
Fredformer,192,ETTm1,0.0005,0.0005,0.1,0.0,1.0,0.8,TST,100,10,128,64,700,1,0.0,3,5.0,MAE,1,basis,pca,T,1,0,0,0.3702481687068939,0.3816564679145813,/mnt/tidalfs-bdsz01/dataset/llm_dataset/plc_data/TransDF/results/meta_tune/Fredformer_ETTm1_192_0.0_1.0_0.0005_0.0005_0.1_TST_100_10_128_64_0.8_5.0_3_0.0_1_MAE_1_700_basis_pca_T_1_0_0
Fredformer,192,ETTm1,0.0005,0.0005,0.1,0.0,1.0,0.8,TST,100,10,128,64,700,1,0.0,3,5.0,MAE,1,basis,pca,T,1,0,1,0.36875927448272705,0.38261404633522034,/mnt/tidalfs-bdsz01/dataset/llm_dataset/plc_data/TransDF/results/meta_tune/Fredformer_ETTm1_192_0.0_1.0_0.0005_0.0005_0.1_TST_100_10_128_64_0.8_5.0_3_0.0_1_MAE_1_700_basis_pca_T_1_0_1
Fredformer,192,ETTm1,0.0005,0.0005,0.1,0.0,1.0,1.0,TST,100,10,128,64,300,1,0.0,3,5.0,MAE,1,basis,pca,T,1,0,0,0.3667818605899811,0.3787190020084381,/mnt/tidalfs-bdsz01/dataset/llm_dataset/plc_data/TransDF/results/meta_tune/Fredformer_ETTm1_192_0.0_1.0_0.0005_0.0005_0.1_TST_100_10_128_64_1.0_5.0_3_0.0_1_MAE_1_300_basis_pca_T_1_0_0
Fredformer,192,ETTm1,0.0005,0.0005,0.1,0.0,1.0,1.0,TST,100,10,128,64,300,1,0.0,3,5.0,MAE,1,basis,pca,T,1,0,1,0.3701722025871277,0.3823282718658447,/mnt/tidalfs-bdsz01/dataset/llm_dataset/plc_data/TransDF/results/meta_tune/Fredformer_ETTm1_192_0.0_1.0_0.0005_0.0005_0.1_TST_100_10_128_64_1.0_5.0_3_0.0_1_MAE_1_300_basis_pca_T_1_0_1
Fredformer,192,ETTm1,0.0005,0.0005,0.1,0.0,1.0,1.0,TST,100,10,128,64,500,1,0.0,3,5.0,MAE,1,basis,pca,T,1,0,0,0.3669528365135193,0.3782522678375244,/mnt/tidalfs-bdsz01/dataset/llm_dataset/plc_data/TransDF/results/meta_tune/Fredformer_ETTm1_192_0.0_1.0_0.0005_0.0005_0.1_TST_100_10_128_64_1.0_5.0_3_0.0_1_MAE_1_500_basis_pca_T_1_0_0
Fredformer,192,ETTm1,0.0005,0.0005,0.1,0.0,1.0,1.0,TST,100,10,128,64,500,1,0.0,3,5.0,MAE,1,basis,pca,T,1,0,1,0.36901745200157166,0.38153275847435,/mnt/tidalfs-bdsz01/dataset/llm_dataset/plc_data/TransDF/results/meta_tune/Fredformer_ETTm1_192_0.0_1.0_0.0005_0.0005_0.1_TST_100_10_128_64_1.0_5.0_3_0.0_1_MAE_1_500_basis_pca_T_1_0_1
Fredformer,192,ETTm1,0.0005,0.0005,0.1,0.0,1.0,1.0,TST,100,10,128,64,700,1,0.0,3,5.0,MAE,1,basis,pca,T,1,0,0,0.3675304055213928,0.3778321146965027,/mnt/tidalfs-bdsz01/dataset/llm_dataset/plc_data/TransDF/results/meta_tune/Fredformer_ETTm1_192_0.0_1.0_0.0005_0.0005_0.1_TST_100_10_128_64_1.0_5.0_3_0.0_1_MAE_1_700_basis_pca_T_1_0_0
Fredformer,192,ETTm1,0.0005,0.0005,0.1,0.0,1.0,1.0,TST,100,10,128,64,700,1,0.0,3,5.0,MAE,1,basis,pca,T,1,0,1,0.36974477767944336,0.3819875717163086,/mnt/tidalfs-bdsz01/dataset/llm_dataset/plc_data/TransDF/results/meta_tune/Fredformer_ETTm1_192_0.0_1.0_0.0005_0.0005_0.1_TST_100_10_128_64_1.0_5.0_3_0.0_1_MAE_1_700_basis_pca_T_1_0_1
Fredformer,192,ETTm1,0.0002,0.0002,0.1,0.2,0.8,0.8,TST,100,10,128,64,300,1,0.0,3,5.0,MAE,1,basis,pca,T,1,0,0,0.36750587821006775,0.3810383379459381,/mnt/tidalfs-bdsz01/dataset/llm_dataset/plc_data/TransDF/results/meta_tune/Fredformer_ETTm1_192_0.2_0.8_0.0002_0.0002_0.1_TST_100_10_128_64_0.8_5.0_3_0.0_1_MAE_1_300_basis_pca_T_1_0_0
Fredformer,192,ETTm1,0.0002,0.0002,0.1,0.2,0.8,0.8,TST,100,10,128,64,300,1,0.0,3,5.0,MAE,1,basis,pca,T,1,0,1,0.36123061180114746,0.3785894215106964,/mnt/tidalfs-bdsz01/dataset/llm_dataset/plc_data/TransDF/results/meta_tune/Fredformer_ETTm1_192_0.2_0.8_0.0002_0.0002_0.1_TST_100_10_128_64_0.8_5.0_3_0.0_1_MAE_1_300_basis_pca_T_1_0_1
Fredformer,192,ETTm1,0.0002,0.0002,0.1,0.2,0.8,0.8,TST,100,10,128,64,500,1,0.0,3,5.0,MAE,1,basis,pca,T,1,0,0,0.36760109663009644,0.38102856278419495,/mnt/tidalfs-bdsz01/dataset/llm_dataset/plc_data/TransDF/results/meta_tune/Fredformer_ETTm1_192_0.2_0.8_0.0002_0.0002_0.1_TST_100_10_128_64_0.8_5.0_3_0.0_1_MAE_1_500_basis_pca_T_1_0_0
Fredformer,192,ETTm1,0.0002,0.0002,0.1,0.2,0.8,0.8,TST,100,10,128,64,500,1,0.0,3,5.0,MAE,1,basis,pca,T,1,0,1,0.3611008822917938,0.37853124737739563,/mnt/tidalfs-bdsz01/dataset/llm_dataset/plc_data/TransDF/results/meta_tune/Fredformer_ETTm1_192_0.2_0.8_0.0002_0.0002_0.1_TST_100_10_128_64_0.8_5.0_3_0.0_1_MAE_1_500_basis_pca_T_1_0_1
Fredformer,192,ETTm1,0.0002,0.0002,0.1,0.2,0.8,0.8,TST,100,10,128,64,700,1,0.0,3,5.0,MAE,1,basis,pca,T,1,0,0,0.36757001280784607,0.38116058707237244,/mnt/tidalfs-bdsz01/dataset/llm_dataset/plc_data/TransDF/results/meta_tune/Fredformer_ETTm1_192_0.2_0.8_0.0002_0.0002_0.1_TST_100_10_128_64_0.8_5.0_3_0.0_1_MAE_1_700_basis_pca_T_1_0_0
Fredformer,192,ETTm1,0.0002,0.0002,0.1,0.2,0.8,0.8,TST,100,10,128,64,700,1,0.0,3,5.0,MAE,1,basis,pca,T,1,0,1,0.3610055148601532,0.37828341126441956,/mnt/tidalfs-bdsz01/dataset/llm_dataset/plc_data/TransDF/results/meta_tune/Fredformer_ETTm1_192_0.2_0.8_0.0002_0.0002_0.1_TST_100_10_128_64_0.8_5.0_3_0.0_1_MAE_1_700_basis_pca_T_1_0_1
Fredformer,192,ETTm1,0.0002,0.0002,0.1,0.2,0.8,1.0,TST,100,10,128,64,300,1,0.0,3,5.0,MAE,1,basis,pca,T,1,0,0,0.36675429344177246,0.38049495220184326,/mnt/tidalfs-bdsz01/dataset/llm_dataset/plc_data/TransDF/results/meta_tune/Fredformer_ETTm1_192_0.2_0.8_0.0002_0.0002_0.1_TST_100_10_128_64_1.0_5.0_3_0.0_1_MAE_1_300_basis_pca_T_1_0_0
Fredformer,192,ETTm1,0.0002,0.0002,0.1,0.2,0.8,1.0,TST,100,10,128,64,300,1,0.0,3,5.0,MAE,1,basis,pca,T,1,0,1,0.36305373907089233,0.3807862102985382,/mnt/tidalfs-bdsz01/dataset/llm_dataset/plc_data/TransDF/results/meta_tune/Fredformer_ETTm1_192_0.2_0.8_0.0002_0.0002_0.1_TST_100_10_128_64_1.0_5.0_3_0.0_1_MAE_1_300_basis_pca_T_1_0_1
Fredformer,192,ETTm1,0.0002,0.0002,0.1,0.2,0.8,1.0,TST,100,10,128,64,500,1,0.0,3,5.0,MAE,1,basis,pca,T,1,0,0,0.3668380081653595,0.3805639147758484,/mnt/tidalfs-bdsz01/dataset/llm_dataset/plc_data/TransDF/results/meta_tune/Fredformer_ETTm1_192_0.2_0.8_0.0002_0.0002_0.1_TST_100_10_128_64_1.0_5.0_3_0.0_1_MAE_1_500_basis_pca_T_1_0_0
Fredformer,192,ETTm1,0.0002,0.0002,0.1,0.2,0.8,1.0,TST,100,10,128,64,500,1,0.0,3,5.0,MAE,1,basis,pca,T,1,0,1,0.368801474571228,0.38246166706085205,/mnt/tidalfs-bdsz01/dataset/llm_dataset/plc_data/TransDF/results/meta_tune/Fredformer_ETTm1_192_0.2_0.8_0.0002_0.0002_0.1_TST_100_10_128_64_1.0_5.0_3_0.0_1_MAE_1_500_basis_pca_T_1_0_1
Fredformer,192,ETTm1,0.0002,0.0002,0.1,0.2,0.8,1.0,TST,100,10,128,64,700,1,0.0,3,5.0,MAE,1,basis,pca,T,1,0,0,0.36650925874710083,0.3803340196609497,/mnt/tidalfs-bdsz01/dataset/llm_dataset/plc_data/TransDF/results/meta_tune/Fredformer_ETTm1_192_0.2_0.8_0.0002_0.0002_0.1_TST_100_10_128_64_1.0_5.0_3_0.0_1_MAE_1_700_basis_pca_T_1_0_0
Fredformer,192,ETTm1,0.0002,0.0002,0.1,0.2,0.8,1.0,TST,100,10,128,64,700,1,0.0,3,5.0,MAE,1,basis,pca,T,1,0,1,0.3629893958568573,0.3806336224079132,/mnt/tidalfs-bdsz01/dataset/llm_dataset/plc_data/TransDF/results/meta_tune/Fredformer_ETTm1_192_0.2_0.8_0.0002_0.0002_0.1_TST_100_10_128_64_1.0_5.0_3_0.0_1_MAE_1_700_basis_pca_T_1_0_1
Fredformer,192,ETTm1,0.0005,0.0005,0.1,0.2,0.8,0.8,TST,100,10,128,64,300,1,0.0,3,5.0,MAE,1,basis,pca,T,1,0,0,0.3615306615829468,0.379777193069458,/mnt/tidalfs-bdsz01/dataset/llm_dataset/plc_data/TransDF/results/meta_tune/Fredformer_ETTm1_192_0.2_0.8_0.0005_0.0005_0.1_TST_100_10_128_64_0.8_5.0_3_0.0_1_MAE_1_300_basis_pca_T_1_0_0
Fredformer,192,ETTm1,0.0005,0.0005,0.1,0.2,0.8,0.8,TST,100,10,128,64,300,1,0.0,3,5.0,MAE,1,basis,pca,T,1,0,1,0.3606925904750824,0.3786788284778595,/mnt/tidalfs-bdsz01/dataset/llm_dataset/plc_data/TransDF/results/meta_tune/Fredformer_ETTm1_192_0.2_0.8_0.0005_0.0005_0.1_TST_100_10_128_64_0.8_5.0_3_0.0_1_MAE_1_300_basis_pca_T_1_0_1
Fredformer,192,ETTm1,0.0005,0.0005,0.1,0.2,0.8,0.8,TST,100,10,128,64,500,1,0.0,3,5.0,MAE,1,basis,pca,T,1,0,0,0.3610911965370178,0.37972524762153625,/mnt/tidalfs-bdsz01/dataset/llm_dataset/plc_data/TransDF/results/meta_tune/Fredformer_ETTm1_192_0.2_0.8_0.0005_0.0005_0.1_TST_100_10_128_64_0.8_5.0_3_0.0_1_MAE_1_500_basis_pca_T_1_0_0
Fredformer,192,ETTm1,0.0005,0.0005,0.1,0.2,0.8,0.8,TST,100,10,128,64,500,1,0.0,3,5.0,MAE,1,basis,pca,T,1,0,1,0.36107882857322693,0.37917211651802063,/mnt/tidalfs-bdsz01/dataset/llm_dataset/plc_data/TransDF/results/meta_tune/Fredformer_ETTm1_192_0.2_0.8_0.0005_0.0005_0.1_TST_100_10_128_64_0.8_5.0_3_0.0_1_MAE_1_500_basis_pca_T_1_0_1
Fredformer,192,ETTm1,0.0005,0.0005,0.1,0.2,0.8,0.8,TST,100,10,128,64,700,1,0.0,3,5.0,MAE,1,basis,pca,T,1,0,0,0.36093518137931824,0.3793601989746094,/mnt/tidalfs-bdsz01/dataset/llm_dataset/plc_data/TransDF/results/meta_tune/Fredformer_ETTm1_192_0.2_0.8_0.0005_0.0005_0.1_TST_100_10_128_64_0.8_5.0_3_0.0_1_MAE_1_700_basis_pca_T_1_0_0
Fredformer,192,ETTm1,0.0005,0.0005,0.1,0.2,0.8,0.8,TST,100,10,128,64,700,1,0.0,3,5.0,MAE,1,basis,pca,T,1,0,1,0.36063888669013977,0.37868043780326843,/mnt/tidalfs-bdsz01/dataset/llm_dataset/plc_data/TransDF/results/meta_tune/Fredformer_ETTm1_192_0.2_0.8_0.0005_0.0005_0.1_TST_100_10_128_64_0.8_5.0_3_0.0_1_MAE_1_700_basis_pca_T_1_0_1
Fredformer,192,ETTm1,0.0005,0.0005,0.1,0.2,0.8,1.0,TST,100,10,128,64,300,1,0.0,3,5.0,MAE,1,basis,pca,T,1,0,0,0.36969685554504395,0.38310933113098145,/mnt/tidalfs-bdsz01/dataset/llm_dataset/plc_data/TransDF/results/meta_tune/Fredformer_ETTm1_192_0.2_0.8_0.0005_0.0005_0.1_TST_100_10_128_64_1.0_5.0_3_0.0_1_MAE_1_300_basis_pca_T_1_0_0
Fredformer,192,ETTm1,0.0005,0.0005,0.1,0.2,0.8,1.0,TST,100,10,128,64,300,1,0.0,3,5.0,MAE,1,basis,pca,T,1,0,1,0.3669396638870239,0.3804711699485779,/mnt/tidalfs-bdsz01/dataset/llm_dataset/plc_data/TransDF/results/meta_tune/Fredformer_ETTm1_192_0.2_0.8_0.0005_0.0005_0.1_TST_100_10_128_64_1.0_5.0_3_0.0_1_MAE_1_300_basis_pca_T_1_0_1
Fredformer,192,ETTm1,0.0005,0.0005,0.1,0.2,0.8,1.0,TST,100,10,128,64,500,1,0.0,3,5.0,MAE,1,basis,pca,T,1,0,0,0.3701494634151459,0.38356494903564453,/mnt/tidalfs-bdsz01/dataset/llm_dataset/plc_data/TransDF/results/meta_tune/Fredformer_ETTm1_192_0.2_0.8_0.0005_0.0005_0.1_TST_100_10_128_64_1.0_5.0_3_0.0_1_MAE_1_500_basis_pca_T_1_0_0
Fredformer,192,ETTm1,0.0005,0.0005,0.1,0.2,0.8,1.0,TST,100,10,128,64,500,1,0.0,3,5.0,MAE,1,basis,pca,T,1,0,1,0.3673432767391205,0.38082921504974365,/mnt/tidalfs-bdsz01/dataset/llm_dataset/plc_data/TransDF/results/meta_tune/Fredformer_ETTm1_192_0.2_0.8_0.0005_0.0005_0.1_TST_100_10_128_64_1.0_5.0_3_0.0_1_MAE_1_500_basis_pca_T_1_0_1
Fredformer,192,ETTm1,0.0005,0.0005,0.1,0.2,0.8,1.0,TST,100,10,128,64,700,1,0.0,3,5.0,MAE,1,basis,pca,T,1,0,0,0.3702396750450134,0.383592426776886,/mnt/tidalfs-bdsz01/dataset/llm_dataset/plc_data/TransDF/results/meta_tune/Fredformer_ETTm1_192_0.2_0.8_0.0005_0.0005_0.1_TST_100_10_128_64_1.0_5.0_3_0.0_1_MAE_1_700_basis_pca_T_1_0_0
Fredformer,192,ETTm1,0.0005,0.0005,0.1,0.2,0.8,1.0,TST,100,10,128,64,700,1,0.0,3,5.0,MAE,1,basis,pca,T,1,0,1,0.36727145314216614,0.38083794713020325,/mnt/tidalfs-bdsz01/dataset/llm_dataset/plc_data/TransDF/results/meta_tune/Fredformer_ETTm1_192_0.2_0.8_0.0005_0.0005_0.1_TST_100_10_128_64_1.0_5.0_3_0.0_1_MAE_1_700_basis_pca_T_1_0_1
Fredformer,192,ETTm1,0.0002,0.0002,0.1,0.6,0.4,0.8,TST,100,10,128,64,300,1,0.0,3,5.0,MAE,1,basis,pca,T,1,0,0,0.36659783124923706,0.381786048412323,/mnt/tidalfs-bdsz01/dataset/llm_dataset/plc_data/TransDF/results/meta_tune/Fredformer_ETTm1_192_0.6_0.4_0.0002_0.0002_0.1_TST_100_10_128_64_0.8_5.0_3_0.0_1_MAE_1_300_basis_pca_T_1_0_0
Fredformer,192,ETTm1,0.0002,0.0002,0.1,0.6,0.4,0.8,TST,100,10,128,64,300,1,0.0,3,5.0,MAE,1,basis,pca,T,1,0,1,0.3680907189846039,0.38328149914741516,/mnt/tidalfs-bdsz01/dataset/llm_dataset/plc_data/TransDF/results/meta_tune/Fredformer_ETTm1_192_0.6_0.4_0.0002_0.0002_0.1_TST_100_10_128_64_0.8_5.0_3_0.0_1_MAE_1_300_basis_pca_T_1_0_1
Fredformer,192,ETTm1,0.0002,0.0002,0.1,0.6,0.4,0.8,TST,100,10,128,64,500,1,0.0,3,5.0,MAE,1,basis,pca,T,1,0,0,0.36638060212135315,0.38158056139945984,/mnt/tidalfs-bdsz01/dataset/llm_dataset/plc_data/TransDF/results/meta_tune/Fredformer_ETTm1_192_0.6_0.4_0.0002_0.0002_0.1_TST_100_10_128_64_0.8_5.0_3_0.0_1_MAE_1_500_basis_pca_T_1_0_0
Fredformer,192,ETTm1,0.0002,0.0002,0.1,0.6,0.4,0.8,TST,100,10,128,64,500,1,0.0,3,5.0,MAE,1,basis,pca,T,1,0,1,0.36821451783180237,0.38333606719970703,/mnt/tidalfs-bdsz01/dataset/llm_dataset/plc_data/TransDF/results/meta_tune/Fredformer_ETTm1_192_0.6_0.4_0.0002_0.0002_0.1_TST_100_10_128_64_0.8_5.0_3_0.0_1_MAE_1_500_basis_pca_T_1_0_1
Fredformer,192,ETTm1,0.0002,0.0002,0.1,0.6,0.4,0.8,TST,100,10,128,64,700,1,0.0,3,5.0,MAE,1,basis,pca,T,1,0,0,0.3665536046028137,0.38184496760368347,/mnt/tidalfs-bdsz01/dataset/llm_dataset/plc_data/TransDF/results/meta_tune/Fredformer_ETTm1_192_0.6_0.4_0.0002_0.0002_0.1_TST_100_10_128_64_0.8_5.0_3_0.0_1_MAE_1_700_basis_pca_T_1_0_0
Fredformer,192,ETTm1,0.0002,0.0002,0.1,0.6,0.4,0.8,TST,100,10,128,64,700,1,0.0,3,5.0,MAE,1,basis,pca,T,1,0,1,0.3679411709308624,0.38306328654289246,/mnt/tidalfs-bdsz01/dataset/llm_dataset/plc_data/TransDF/results/meta_tune/Fredformer_ETTm1_192_0.6_0.4_0.0002_0.0002_0.1_TST_100_10_128_64_0.8_5.0_3_0.0_1_MAE_1_700_basis_pca_T_1_0_1
Fredformer,192,ETTm1,0.0002,0.0002,0.1,0.6,0.4,1.0,TST,100,10,128,64,300,1,0.0,3,5.0,MAE,1,basis,pca,T,1,0,0,0.3657606840133667,0.38380447030067444,/mnt/tidalfs-bdsz01/dataset/llm_dataset/plc_data/TransDF/results/meta_tune/Fredformer_ETTm1_192_0.6_0.4_0.0002_0.0002_0.1_TST_100_10_128_64_1.0_5.0_3_0.0_1_MAE_1_300_basis_pca_T_1_0_0
Fredformer,192,ETTm1,0.0002,0.0002,0.1,0.6,0.4,1.0,TST,100,10,128,64,300,1,0.0,3,5.0,MAE,1,basis,pca,T,1,0,1,0.3665357828140259,0.38178929686546326,/mnt/tidalfs-bdsz01/dataset/llm_dataset/plc_data/TransDF/results/meta_tune/Fredformer_ETTm1_192_0.6_0.4_0.0002_0.0002_0.1_TST_100_10_128_64_1.0_5.0_3_0.0_1_MAE_1_300_basis_pca_T_1_0_1
Fredformer,192,ETTm1,0.0002,0.0002,0.1,0.6,0.4,1.0,TST,100,10,128,64,500,1,0.0,3,5.0,MAE,1,basis,pca,T,1,0,0,0.3656429350376129,0.38094815611839294,/mnt/tidalfs-bdsz01/dataset/llm_dataset/plc_data/TransDF/results/meta_tune/Fredformer_ETTm1_192_0.6_0.4_0.0002_0.0002_0.1_TST_100_10_128_64_1.0_5.0_3_0.0_1_MAE_1_500_basis_pca_T_1_0_0
Fredformer,192,ETTm1,0.0002,0.0002,0.1,0.6,0.4,1.0,TST,100,10,128,64,500,1,0.0,3,5.0,MAE,1,basis,pca,T,1,0,1,0.3661642372608185,0.381663054227829,/mnt/tidalfs-bdsz01/dataset/llm_dataset/plc_data/TransDF/results/meta_tune/Fredformer_ETTm1_192_0.6_0.4_0.0002_0.0002_0.1_TST_100_10_128_64_1.0_5.0_3_0.0_1_MAE_1_500_basis_pca_T_1_0_1
Fredformer,192,ETTm1,0.0002,0.0002,0.1,0.6,0.4,1.0,TST,100,10,128,64,700,1,0.0,3,5.0,MAE,1,basis,pca,T,1,0,0,0.365641325712204,0.38352930545806885,/mnt/tidalfs-bdsz01/dataset/llm_dataset/plc_data/TransDF/results/meta_tune/Fredformer_ETTm1_192_0.6_0.4_0.0002_0.0002_0.1_TST_100_10_128_64_1.0_5.0_3_0.0_1_MAE_1_700_basis_pca_T_1_0_0
Fredformer,192,ETTm1,0.0002,0.0002,0.1,0.6,0.4,1.0,TST,100,10,128,64,700,1,0.0,3,5.0,MAE,1,basis,pca,T,1,0,1,0.36605921387672424,0.38155603408813477,/mnt/tidalfs-bdsz01/dataset/llm_dataset/plc_data/TransDF/results/meta_tune/Fredformer_ETTm1_192_0.6_0.4_0.0002_0.0002_0.1_TST_100_10_128_64_1.0_5.0_3_0.0_1_MAE_1_700_basis_pca_T_1_0_1
Fredformer,192,ETTm1,0.0005,0.0005,0.1,0.6,0.4,0.8,TST,100,10,128,64,300,1,0.0,3,5.0,MAE,1,basis,pca,T,1,0,0,0.3655969798564911,0.38156837224960327,/mnt/tidalfs-bdsz01/dataset/llm_dataset/plc_data/TransDF/results/meta_tune/Fredformer_ETTm1_192_0.6_0.4_0.0005_0.0005_0.1_TST_100_10_128_64_0.8_5.0_3_0.0_1_MAE_1_300_basis_pca_T_1_0_0
Fredformer,192,ETTm1,0.0005,0.0005,0.1,0.6,0.4,0.8,TST,100,10,128,64,300,1,0.0,3,5.0,MAE,1,basis,pca,T,1,0,1,0.3608335554599762,0.3813653886318207,/mnt/tidalfs-bdsz01/dataset/llm_dataset/plc_data/TransDF/results/meta_tune/Fredformer_ETTm1_192_0.6_0.4_0.0005_0.0005_0.1_TST_100_10_128_64_0.8_5.0_3_0.0_1_MAE_1_300_basis_pca_T_1_0_1
Fredformer,192,ETTm1,0.0005,0.0005,0.1,0.6,0.4,0.8,TST,100,10,128,64,500,1,0.0,3,5.0,MAE,1,basis,pca,T,1,0,0,0.3664090633392334,0.3824011981487274,/mnt/tidalfs-bdsz01/dataset/llm_dataset/plc_data/TransDF/results/meta_tune/Fredformer_ETTm1_192_0.6_0.4_0.0005_0.0005_0.1_TST_100_10_128_64_0.8_5.0_3_0.0_1_MAE_1_500_basis_pca_T_1_0_0
Fredformer,192,ETTm1,0.0005,0.0005,0.1,0.6,0.4,0.8,TST,100,10,128,64,500,1,0.0,3,5.0,MAE,1,basis,pca,T,1,0,1,0.3615448772907257,0.38204267621040344,/mnt/tidalfs-bdsz01/dataset/llm_dataset/plc_data/TransDF/results/meta_tune/Fredformer_ETTm1_192_0.6_0.4_0.0005_0.0005_0.1_TST_100_10_128_64_0.8_5.0_3_0.0_1_MAE_1_500_basis_pca_T_1_0_1
Fredformer,192,ETTm1,0.0005,0.0005,0.1,0.6,0.4,0.8,TST,100,10,128,64,700,1,0.0,3,5.0,MAE,1,basis,pca,T,1,0,0,0.3664523959159851,0.38248586654663086,/mnt/tidalfs-bdsz01/dataset/llm_dataset/plc_data/TransDF/results/meta_tune/Fredformer_ETTm1_192_0.6_0.4_0.0005_0.0005_0.1_TST_100_10_128_64_0.8_5.0_3_0.0_1_MAE_1_700_basis_pca_T_1_0_0
Fredformer,192,ETTm1,0.0005,0.0005,0.1,0.6,0.4,0.8,TST,100,10,128,64,700,1,0.0,3,5.0,MAE,1,basis,pca,T,1,0,1,0.36156710982322693,0.3819436728954315,/mnt/tidalfs-bdsz01/dataset/llm_dataset/plc_data/TransDF/results/meta_tune/Fredformer_ETTm1_192_0.6_0.4_0.0005_0.0005_0.1_TST_100_10_128_64_0.8_5.0_3_0.0_1_MAE_1_700_basis_pca_T_1_0_1
Fredformer,192,ETTm1,0.0005,0.0005,0.1,0.6,0.4,1.0,TST,100,10,128,64,300,1,0.0,3,5.0,MAE,1,basis,pca,T,1,0,0,0.36452382802963257,0.3818724453449249,/mnt/tidalfs-bdsz01/dataset/llm_dataset/plc_data/TransDF/results/meta_tune/Fredformer_ETTm1_192_0.6_0.4_0.0005_0.0005_0.1_TST_100_10_128_64_1.0_5.0_3_0.0_1_MAE_1_300_basis_pca_T_1_0_0
Fredformer,192,ETTm1,0.0005,0.0005,0.1,0.6,0.4,1.0,TST,100,10,128,64,300,1,0.0,3,5.0,MAE,1,basis,pca,T,1,0,1,0.3676721155643463,0.3832409381866455,/mnt/tidalfs-bdsz01/dataset/llm_dataset/plc_data/TransDF/results/meta_tune/Fredformer_ETTm1_192_0.6_0.4_0.0005_0.0005_0.1_TST_100_10_128_64_1.0_5.0_3_0.0_1_MAE_1_300_basis_pca_T_1_0_1
Fredformer,192,ETTm1,0.0005,0.0005,0.1,0.6,0.4,1.0,TST,100,10,128,64,500,1,0.0,3,5.0,MAE,1,basis,pca,T,1,0,0,0.36443251371383667,0.38170260190963745,/mnt/tidalfs-bdsz01/dataset/llm_dataset/plc_data/TransDF/results/meta_tune/Fredformer_ETTm1_192_0.6_0.4_0.0005_0.0005_0.1_TST_100_10_128_64_1.0_5.0_3_0.0_1_MAE_1_500_basis_pca_T_1_0_0
Fredformer,192,ETTm1,0.0005,0.0005,0.1,0.6,0.4,1.0,TST,100,10,128,64,500,1,0.0,3,5.0,MAE,1,basis,pca,T,1,0,1,0.36778518557548523,0.3834008276462555,/mnt/tidalfs-bdsz01/dataset/llm_dataset/plc_data/TransDF/results/meta_tune/Fredformer_ETTm1_192_0.6_0.4_0.0005_0.0005_0.1_TST_100_10_128_64_1.0_5.0_3_0.0_1_MAE_1_500_basis_pca_T_1_0_1
Fredformer,192,ETTm1,0.0005,0.0005,0.1,0.6,0.4,1.0,TST,100,10,128,64,700,1,0.0,3,5.0,MAE,1,basis,pca,T,1,0,0,0.3644828200340271,0.38175612688064575,/mnt/tidalfs-bdsz01/dataset/llm_dataset/plc_data/TransDF/results/meta_tune/Fredformer_ETTm1_192_0.6_0.4_0.0005_0.0005_0.1_TST_100_10_128_64_1.0_5.0_3_0.0_1_MAE_1_700_basis_pca_T_1_0_0
Fredformer,192,ETTm1,0.0005,0.0005,0.1,0.6,0.4,1.0,TST,100,10,128,64,700,1,0.0,3,5.0,MAE,1,basis,pca,T,1,0,1,0.36762499809265137,0.38331422209739685,/mnt/tidalfs-bdsz01/dataset/llm_dataset/plc_data/TransDF/results/meta_tune/Fredformer_ETTm1_192_0.6_0.4_0.0005_0.0005_0.1_TST_100_10_128_64_1.0_5.0_3_0.0_1_MAE_1_700_basis_pca_T_1_0_1
Fredformer,336,ETTm1,0.0002,0.0002,0.1,0.0,1.0,0.8,TST,100,10,128,64,300,1,0.0,3,5.0,MAE,1,basis,pca,T,1,0,0,0.4030132293701172,0.40293973684310913,/mnt/tidalfs-bdsz01/dataset/llm_dataset/plc_data/TransDF/results/meta_tune/Fredformer_ETTm1_336_0.0_1.0_0.0002_0.0002_0.1_TST_100_10_128_64_0.8_5.0_3_0.0_1_MAE_1_300_basis_pca_T_1_0_0
Fredformer,336,ETTm1,0.0002,0.0002,0.1,0.0,1.0,0.8,TST,100,10,128,64,300,1,0.0,3,5.0,MAE,1,basis,pca,T,1,0,1,0.4053621292114258,0.4015094041824341,/mnt/tidalfs-bdsz01/dataset/llm_dataset/plc_data/TransDF/results/meta_tune/Fredformer_ETTm1_336_0.0_1.0_0.0002_0.0002_0.1_TST_100_10_128_64_0.8_5.0_3_0.0_1_MAE_1_300_basis_pca_T_1_0_1
Fredformer,336,ETTm1,0.0002,0.0002,0.1,0.0,1.0,0.8,TST,100,10,128,64,500,1,0.0,3,5.0,MAE,1,basis,pca,T,1,0,0,0.403321236371994,0.4028662145137787,/mnt/tidalfs-bdsz01/dataset/llm_dataset/plc_data/TransDF/results/meta_tune/Fredformer_ETTm1_336_0.0_1.0_0.0002_0.0002_0.1_TST_100_10_128_64_0.8_5.0_3_0.0_1_MAE_1_500_basis_pca_T_1_0_0
Fredformer,336,ETTm1,0.0002,0.0002,0.1,0.0,1.0,0.8,TST,100,10,128,64,500,1,0.0,3,5.0,MAE,1,basis,pca,T,1,0,1,0.40573570132255554,0.40161749720573425,/mnt/tidalfs-bdsz01/dataset/llm_dataset/plc_data/TransDF/results/meta_tune/Fredformer_ETTm1_336_0.0_1.0_0.0002_0.0002_0.1_TST_100_10_128_64_0.8_5.0_3_0.0_1_MAE_1_500_basis_pca_T_1_0_1
Fredformer,336,ETTm1,0.0002,0.0002,0.1,0.0,1.0,0.8,TST,100,10,128,64,700,1,0.0,3,5.0,MAE,1,basis,pca,T,1,0,0,0.40337687730789185,0.4026029407978058,/mnt/tidalfs-bdsz01/dataset/llm_dataset/plc_data/TransDF/results/meta_tune/Fredformer_ETTm1_336_0.0_1.0_0.0002_0.0002_0.1_TST_100_10_128_64_0.8_5.0_3_0.0_1_MAE_1_700_basis_pca_T_1_0_0
Fredformer,336,ETTm1,0.0002,0.0002,0.1,0.0,1.0,0.8,TST,100,10,128,64,700,1,0.0,3,5.0,MAE,1,basis,pca,T,1,0,1,0.4054664969444275,0.4014863669872284,/mnt/tidalfs-bdsz01/dataset/llm_dataset/plc_data/TransDF/results/meta_tune/Fredformer_ETTm1_336_0.0_1.0_0.0002_0.0002_0.1_TST_100_10_128_64_0.8_5.0_3_0.0_1_MAE_1_700_basis_pca_T_1_0_1
Fredformer,336,ETTm1,0.0002,0.0002,0.1,0.0,1.0,1.0,TST,100,10,128,64,300,1,0.0,3,5.0,MAE,1,basis,pca,T,1,0,0,0.3940545320510864,0.4026608467102051,/mnt/tidalfs-bdsz01/dataset/llm_dataset/plc_data/TransDF/results/meta_tune/Fredformer_ETTm1_336_0.0_1.0_0.0002_0.0002_0.1_TST_100_10_128_64_1.0_5.0_3_0.0_1_MAE_1_300_basis_pca_T_1_0_0
Fredformer,336,ETTm1,0.0002,0.0002,0.1,0.0,1.0,1.0,TST,100,10,128,64,300,1,0.0,3,5.0,MAE,1,basis,pca,T,1,0,1,0.40707075595855713,0.40087926387786865,/mnt/tidalfs-bdsz01/dataset/llm_dataset/plc_data/TransDF/results/meta_tune/Fredformer_ETTm1_336_0.0_1.0_0.0002_0.0002_0.1_TST_100_10_128_64_1.0_5.0_3_0.0_1_MAE_1_300_basis_pca_T_1_0_1
Fredformer,336,ETTm1,0.0002,0.0002,0.1,0.0,1.0,1.0,TST,100,10,128,64,500,1,0.0,3,5.0,MAE,1,basis,pca,T,1,0,0,0.3919965326786041,0.40106913447380066,/mnt/tidalfs-bdsz01/dataset/llm_dataset/plc_data/TransDF/results/meta_tune/Fredformer_ETTm1_336_0.0_1.0_0.0002_0.0002_0.1_TST_100_10_128_64_1.0_5.0_3_0.0_1_MAE_1_500_basis_pca_T_1_0_0
Fredformer,336,ETTm1,0.0002,0.0002,0.1,0.0,1.0,1.0,TST,100,10,128,64,500,1,0.0,3,5.0,MAE,1,basis,pca,T,1,0,1,0.4069162607192993,0.40075525641441345,/mnt/tidalfs-bdsz01/dataset/llm_dataset/plc_data/TransDF/results/meta_tune/Fredformer_ETTm1_336_0.0_1.0_0.0002_0.0002_0.1_TST_100_10_128_64_1.0_5.0_3_0.0_1_MAE_1_500_basis_pca_T_1_0_1
Fredformer,336,ETTm1,0.0002,0.0002,0.1,0.0,1.0,1.0,TST,100,10,128,64,700,1,0.0,3,5.0,MAE,1,basis,pca,T,1,0,0,0.3937036693096161,0.40298694372177124,/mnt/tidalfs-bdsz01/dataset/llm_dataset/plc_data/TransDF/results/meta_tune/Fredformer_ETTm1_336_0.0_1.0_0.0002_0.0002_0.1_TST_100_10_128_64_1.0_5.0_3_0.0_1_MAE_1_700_basis_pca_T_1_0_0
Fredformer,336,ETTm1,0.0002,0.0002,0.1,0.0,1.0,1.0,TST,100,10,128,64,700,1,0.0,3,5.0,MAE,1,basis,pca,T,1,0,1,0.3922008275985718,0.40171679854393005,/mnt/tidalfs-bdsz01/dataset/llm_dataset/plc_data/TransDF/results/meta_tune/Fredformer_ETTm1_336_0.0_1.0_0.0002_0.0002_0.1_TST_100_10_128_64_1.0_5.0_3_0.0_1_MAE_1_700_basis_pca_T_1_0_1
Fredformer,336,ETTm1,0.0005,0.0005,0.1,0.0,1.0,0.8,TST,100,10,128,64,300,1,0.0,3,5.0,MAE,1,basis,pca,T,1,0,0,0.40542399883270264,0.4017608165740967,/mnt/tidalfs-bdsz01/dataset/llm_dataset/plc_data/TransDF/results/meta_tune/Fredformer_ETTm1_336_0.0_1.0_0.0005_0.0005_0.1_TST_100_10_128_64_0.8_5.0_3_0.0_1_MAE_1_300_basis_pca_T_1_0_0
Fredformer,336,ETTm1,0.0005,0.0005,0.1,0.0,1.0,0.8,TST,100,10,128,64,300,1,0.0,3,5.0,MAE,1,basis,pca,T,1,0,1,0.390267550945282,0.4002552926540375,/mnt/tidalfs-bdsz01/dataset/llm_dataset/plc_data/TransDF/results/meta_tune/Fredformer_ETTm1_336_0.0_1.0_0.0005_0.0005_0.1_TST_100_10_128_64_0.8_5.0_3_0.0_1_MAE_1_300_basis_pca_T_1_0_1
Fredformer,336,ETTm1,0.0005,0.0005,0.1,0.0,1.0,0.8,TST,100,10,128,64,500,1,0.0,3,5.0,MAE,1,basis,pca,T,1,0,0,0.39061859250068665,0.4006064236164093,/mnt/tidalfs-bdsz01/dataset/llm_dataset/plc_data/TransDF/results/meta_tune/Fredformer_ETTm1_336_0.0_1.0_0.0005_0.0005_0.1_TST_100_10_128_64_0.8_5.0_3_0.0_1_MAE_1_500_basis_pca_T_1_0_0
Fredformer,336,ETTm1,0.0005,0.0005,0.1,0.0,1.0,0.8,TST,100,10,128,64,500,1,0.0,3,5.0,MAE,1,basis,pca,T,1,0,1,0.3907592296600342,0.40133827924728394,/mnt/tidalfs-bdsz01/dataset/llm_dataset/plc_data/TransDF/results/meta_tune/Fredformer_ETTm1_336_0.0_1.0_0.0005_0.0005_0.1_TST_100_10_128_64_0.8_5.0_3_0.0_1_MAE_1_500_basis_pca_T_1_0_1
Fredformer,336,ETTm1,0.0005,0.0005,0.1,0.0,1.0,0.8,TST,100,10,128,64,700,1,0.0,3,5.0,MAE,1,basis,pca,T,1,0,0,0.39524173736572266,0.4030602276325226,/mnt/tidalfs-bdsz01/dataset/llm_dataset/plc_data/TransDF/results/meta_tune/Fredformer_ETTm1_336_0.0_1.0_0.0005_0.0005_0.1_TST_100_10_128_64_0.8_5.0_3_0.0_1_MAE_1_700_basis_pca_T_1_0_0
Fredformer,336,ETTm1,0.0005,0.0005,0.1,0.0,1.0,0.8,TST,100,10,128,64,700,1,0.0,3,5.0,MAE,1,basis,pca,T,1,0,1,0.4064312279224396,0.40198832750320435,/mnt/tidalfs-bdsz01/dataset/llm_dataset/plc_data/TransDF/results/meta_tune/Fredformer_ETTm1_336_0.0_1.0_0.0005_0.0005_0.1_TST_100_10_128_64_0.8_5.0_3_0.0_1_MAE_1_700_basis_pca_T_1_0_1
Fredformer,336,ETTm1,0.0005,0.0005,0.1,0.0,1.0,1.0,TST,100,10,128,64,300,1,0.0,3,5.0,MAE,1,basis,pca,T,1,0,0,0.39522677659988403,0.4036916494369507,/mnt/tidalfs-bdsz01/dataset/llm_dataset/plc_data/TransDF/results/meta_tune/Fredformer_ETTm1_336_0.0_1.0_0.0005_0.0005_0.1_TST_100_10_128_64_1.0_5.0_3_0.0_1_MAE_1_300_basis_pca_T_1_0_0
Fredformer,336,ETTm1,0.0005,0.0005,0.1,0.0,1.0,1.0,TST,100,10,128,64,300,1,0.0,3,5.0,MAE,1,basis,pca,T,1,0,1,0.40105685591697693,0.40152209997177124,/mnt/tidalfs-bdsz01/dataset/llm_dataset/plc_data/TransDF/results/meta_tune/Fredformer_ETTm1_336_0.0_1.0_0.0005_0.0005_0.1_TST_100_10_128_64_1.0_5.0_3_0.0_1_MAE_1_300_basis_pca_T_1_0_1
Fredformer,336,ETTm1,0.0005,0.0005,0.1,0.0,1.0,1.0,TST,100,10,128,64,500,1,0.0,3,5.0,MAE,1,basis,pca,T,1,0,0,0.3952999413013458,0.40424272418022156,/mnt/tidalfs-bdsz01/dataset/llm_dataset/plc_data/TransDF/results/meta_tune/Fredformer_ETTm1_336_0.0_1.0_0.0005_0.0005_0.1_TST_100_10_128_64_1.0_5.0_3_0.0_1_MAE_1_500_basis_pca_T_1_0_0
Fredformer,336,ETTm1,0.0005,0.0005,0.1,0.0,1.0,1.0,TST,100,10,128,64,500,1,0.0,3,5.0,MAE,1,basis,pca,T,1,0,1,0.4015600085258484,0.40199676156044006,/mnt/tidalfs-bdsz01/dataset/llm_dataset/plc_data/TransDF/results/meta_tune/Fredformer_ETTm1_336_0.0_1.0_0.0005_0.0005_0.1_TST_100_10_128_64_1.0_5.0_3_0.0_1_MAE_1_500_basis_pca_T_1_0_1
Fredformer,336,ETTm1,0.0005,0.0005,0.1,0.0,1.0,1.0,TST,100,10,128,64,700,1,0.0,3,5.0,MAE,1,basis,pca,T,1,0,0,0.39153435826301575,0.40148380398750305,/mnt/tidalfs-bdsz01/dataset/llm_dataset/plc_data/TransDF/results/meta_tune/Fredformer_ETTm1_336_0.0_1.0_0.0005_0.0005_0.1_TST_100_10_128_64_1.0_5.0_3_0.0_1_MAE_1_700_basis_pca_T_1_0_0
Fredformer,336,ETTm1,0.0005,0.0005,0.1,0.0,1.0,1.0,TST,100,10,128,64,700,1,0.0,3,5.0,MAE,1,basis,pca,T,1,0,1,0.40053027868270874,0.40107670426368713,/mnt/tidalfs-bdsz01/dataset/llm_dataset/plc_data/TransDF/results/meta_tune/Fredformer_ETTm1_336_0.0_1.0_0.0005_0.0005_0.1_TST_100_10_128_64_1.0_5.0_3_0.0_1_MAE_1_700_basis_pca_T_1_0_1
Fredformer,336,ETTm1,0.0002,0.0002,0.1,0.2,0.8,0.8,TST,100,10,128,64,300,1,0.0,3,5.0,MAE,1,basis,pca,T,1,0,0,0.39116188883781433,0.40220126509666443,/mnt/tidalfs-bdsz01/dataset/llm_dataset/plc_data/TransDF/results/meta_tune/Fredformer_ETTm1_336_0.2_0.8_0.0002_0.0002_0.1_TST_100_10_128_64_0.8_5.0_3_0.0_1_MAE_1_300_basis_pca_T_1_0_0
Fredformer,336,ETTm1,0.0002,0.0002,0.1,0.2,0.8,0.8,TST,100,10,128,64,300,1,0.0,3,5.0,MAE,1,basis,pca,T,1,0,1,0.38975682854652405,0.40028730034828186,/mnt/tidalfs-bdsz01/dataset/llm_dataset/plc_data/TransDF/results/meta_tune/Fredformer_ETTm1_336_0.2_0.8_0.0002_0.0002_0.1_TST_100_10_128_64_0.8_5.0_3_0.0_1_MAE_1_300_basis_pca_T_1_0_1
Fredformer,336,ETTm1,0.0002,0.0002,0.1,0.2,0.8,0.8,TST,100,10,128,64,500,1,0.0,3,5.0,MAE,1,basis,pca,T,1,0,0,0.39097994565963745,0.40198811888694763,/mnt/tidalfs-bdsz01/dataset/llm_dataset/plc_data/TransDF/results/meta_tune/Fredformer_ETTm1_336_0.2_0.8_0.0002_0.0002_0.1_TST_100_10_128_64_0.8_5.0_3_0.0_1_MAE_1_500_basis_pca_T_1_0_0
Fredformer,336,ETTm1,0.0002,0.0002,0.1,0.2,0.8,0.8,TST,100,10,128,64,500,1,0.0,3,5.0,MAE,1,basis,pca,T,1,0,1,0.3903844356536865,0.40068140625953674,/mnt/tidalfs-bdsz01/dataset/llm_dataset/plc_data/TransDF/results/meta_tune/Fredformer_ETTm1_336_0.2_0.8_0.0002_0.0002_0.1_TST_100_10_128_64_0.8_5.0_3_0.0_1_MAE_1_500_basis_pca_T_1_0_1
Fredformer,336,ETTm1,0.0002,0.0002,0.1,0.2,0.8,0.8,TST,100,10,128,64,700,1,0.0,3,5.0,MAE,1,basis,pca,T,1,0,0,0.3930887281894684,0.40315407514572144,/mnt/tidalfs-bdsz01/dataset/llm_dataset/plc_data/TransDF/results/meta_tune/Fredformer_ETTm1_336_0.2_0.8_0.0002_0.0002_0.1_TST_100_10_128_64_0.8_5.0_3_0.0_1_MAE_1_700_basis_pca_T_1_0_0
Fredformer,336,ETTm1,0.0002,0.0002,0.1,0.2,0.8,0.8,TST,100,10,128,64,700,1,0.0,3,5.0,MAE,1,basis,pca,T,1,0,1,0.3901832699775696,0.40046584606170654,/mnt/tidalfs-bdsz01/dataset/llm_dataset/plc_data/TransDF/results/meta_tune/Fredformer_ETTm1_336_0.2_0.8_0.0002_0.0002_0.1_TST_100_10_128_64_0.8_5.0_3_0.0_1_MAE_1_700_basis_pca_T_1_0_1
Fredformer,336,ETTm1,0.0002,0.0002,0.1,0.2,0.8,1.0,TST,100,10,128,64,300,1,0.0,3,5.0,MAE,1,basis,pca,T,1,0,0,0.39609766006469727,0.40299561619758606,/mnt/tidalfs-bdsz01/dataset/llm_dataset/plc_data/TransDF/results/meta_tune/Fredformer_ETTm1_336_0.2_0.8_0.0002_0.0002_0.1_TST_100_10_128_64_1.0_5.0_3_0.0_1_MAE_1_300_basis_pca_T_1_0_0
Fredformer,336,ETTm1,0.0002,0.0002,0.1,0.2,0.8,1.0,TST,100,10,128,64,300,1,0.0,3,5.0,MAE,1,basis,pca,T,1,0,1,0.3945905566215515,0.40126681327819824,/mnt/tidalfs-bdsz01/dataset/llm_dataset/plc_data/TransDF/results/meta_tune/Fredformer_ETTm1_336_0.2_0.8_0.0002_0.0002_0.1_TST_100_10_128_64_1.0_5.0_3_0.0_1_MAE_1_300_basis_pca_T_1_0_1
Fredformer,336,ETTm1,0.0002,0.0002,0.1,0.2,0.8,1.0,TST,100,10,128,64,500,1,0.0,3,5.0,MAE,1,basis,pca,T,1,0,0,0.39553019404411316,0.402580589056015,/mnt/tidalfs-bdsz01/dataset/llm_dataset/plc_data/TransDF/results/meta_tune/Fredformer_ETTm1_336_0.2_0.8_0.0002_0.0002_0.1_TST_100_10_128_64_1.0_5.0_3_0.0_1_MAE_1_500_basis_pca_T_1_0_0
Fredformer,336,ETTm1,0.0002,0.0002,0.1,0.2,0.8,1.0,TST,100,10,128,64,500,1,0.0,3,5.0,MAE,1,basis,pca,T,1,0,1,0.3943498432636261,0.40111634135246277,/mnt/tidalfs-bdsz01/dataset/llm_dataset/plc_data/TransDF/results/meta_tune/Fredformer_ETTm1_336_0.2_0.8_0.0002_0.0002_0.1_TST_100_10_128_64_1.0_5.0_3_0.0_1_MAE_1_500_basis_pca_T_1_0_1
Fredformer,336,ETTm1,0.0002,0.0002,0.1,0.2,0.8,1.0,TST,100,10,128,64,700,1,0.0,3,5.0,MAE,1,basis,pca,T,1,0,0,0.39600953459739685,0.40301936864852905,/mnt/tidalfs-bdsz01/dataset/llm_dataset/plc_data/TransDF/results/meta_tune/Fredformer_ETTm1_336_0.2_0.8_0.0002_0.0002_0.1_TST_100_10_128_64_1.0_5.0_3_0.0_1_MAE_1_700_basis_pca_T_1_0_0
Fredformer,336,ETTm1,0.0002,0.0002,0.1,0.2,0.8,1.0,TST,100,10,128,64,700,1,0.0,3,5.0,MAE,1,basis,pca,T,1,0,1,0.3941427171230316,0.40084540843963623,/mnt/tidalfs-bdsz01/dataset/llm_dataset/plc_data/TransDF/results/meta_tune/Fredformer_ETTm1_336_0.2_0.8_0.0002_0.0002_0.1_TST_100_10_128_64_1.0_5.0_3_0.0_1_MAE_1_700_basis_pca_T_1_0_1
Fredformer,336,ETTm1,0.0005,0.0005,0.1,0.2,0.8,0.8,TST,100,10,128,64,300,1,0.0,3,5.0,MAE,1,basis,pca,T,1,0,0,0.39144131541252136,0.3994898200035095,/mnt/tidalfs-bdsz01/dataset/llm_dataset/plc_data/TransDF/results/meta_tune/Fredformer_ETTm1_336_0.2_0.8_0.0005_0.0005_0.1_TST_100_10_128_64_0.8_5.0_3_0.0_1_MAE_1_300_basis_pca_T_1_0_0
Fredformer,336,ETTm1,0.0005,0.0005,0.1,0.2,0.8,0.8,TST,100,10,128,64,300,1,0.0,3,5.0,MAE,1,basis,pca,T,1,0,1,0.39219552278518677,0.40358203649520874,/mnt/tidalfs-bdsz01/dataset/llm_dataset/plc_data/TransDF/results/meta_tune/Fredformer_ETTm1_336_0.2_0.8_0.0005_0.0005_0.1_TST_100_10_128_64_0.8_5.0_3_0.0_1_MAE_1_300_basis_pca_T_1_0_1
Fredformer,336,ETTm1,0.0005,0.0005,0.1,0.2,0.8,0.8,TST,100,10,128,64,500,1,0.0,3,5.0,MAE,1,basis,pca,T,1,0,0,0.39114993810653687,0.3992754817008972,/mnt/tidalfs-bdsz01/dataset/llm_dataset/plc_data/TransDF/results/meta_tune/Fredformer_ETTm1_336_0.2_0.8_0.0005_0.0005_0.1_TST_100_10_128_64_0.8_5.0_3_0.0_1_MAE_1_500_basis_pca_T_1_0_0
Fredformer,336,ETTm1,0.0005,0.0005,0.1,0.2,0.8,0.8,TST,100,10,128,64,500,1,0.0,3,5.0,MAE,1,basis,pca,T,1,0,1,0.3929162919521332,0.40420326590538025,/mnt/tidalfs-bdsz01/dataset/llm_dataset/plc_data/TransDF/results/meta_tune/Fredformer_ETTm1_336_0.2_0.8_0.0005_0.0005_0.1_TST_100_10_128_64_0.8_5.0_3_0.0_1_MAE_1_500_basis_pca_T_1_0_1
Fredformer,336,ETTm1,0.0005,0.0005,0.1,0.2,0.8,0.8,TST,100,10,128,64,700,1,0.0,3,5.0,MAE,1,basis,pca,T,1,0,0,0.39101848006248474,0.3991355895996094,/mnt/tidalfs-bdsz01/dataset/llm_dataset/plc_data/TransDF/results/meta_tune/Fredformer_ETTm1_336_0.2_0.8_0.0005_0.0005_0.1_TST_100_10_128_64_0.8_5.0_3_0.0_1_MAE_1_700_basis_pca_T_1_0_0
Fredformer,336,ETTm1,0.0005,0.0005,0.1,0.2,0.8,0.8,TST,100,10,128,64,700,1,0.0,3,5.0,MAE,1,basis,pca,T,1,0,1,0.3918415904045105,0.403145432472229,/mnt/tidalfs-bdsz01/dataset/llm_dataset/plc_data/TransDF/results/meta_tune/Fredformer_ETTm1_336_0.2_0.8_0.0005_0.0005_0.1_TST_100_10_128_64_0.8_5.0_3_0.0_1_MAE_1_700_basis_pca_T_1_0_1
Fredformer,336,ETTm1,0.0005,0.0005,0.1,0.2,0.8,1.0,TST,100,10,128,64,300,1,0.0,3,5.0,MAE,1,basis,pca,T,1,0,0,0.3900929391384125,0.40135475993156433,/mnt/tidalfs-bdsz01/dataset/llm_dataset/plc_data/TransDF/results/meta_tune/Fredformer_ETTm1_336_0.2_0.8_0.0005_0.0005_0.1_TST_100_10_128_64_1.0_5.0_3_0.0_1_MAE_1_300_basis_pca_T_1_0_0
Fredformer,336,ETTm1,0.0005,0.0005,0.1,0.2,0.8,1.0,TST,100,10,128,64,300,1,0.0,3,5.0,MAE,1,basis,pca,T,1,0,1,0.3963131010532379,0.4051935374736786,/mnt/tidalfs-bdsz01/dataset/llm_dataset/plc_data/TransDF/results/meta_tune/Fredformer_ETTm1_336_0.2_0.8_0.0005_0.0005_0.1_TST_100_10_128_64_1.0_5.0_3_0.0_1_MAE_1_300_basis_pca_T_1_0_1
Fredformer,336,ETTm1,0.0005,0.0005,0.1,0.2,0.8,1.0,TST,100,10,128,64,500,1,0.0,3,5.0,MAE,1,basis,pca,T,1,0,0,0.38991251587867737,0.4012018144130707,/mnt/tidalfs-bdsz01/dataset/llm_dataset/plc_data/TransDF/results/meta_tune/Fredformer_ETTm1_336_0.2_0.8_0.0005_0.0005_0.1_TST_100_10_128_64_1.0_5.0_3_0.0_1_MAE_1_500_basis_pca_T_1_0_0
Fredformer,336,ETTm1,0.0005,0.0005,0.1,0.2,0.8,1.0,TST,100,10,128,64,500,1,0.0,3,5.0,MAE,1,basis,pca,T,1,0,1,0.3954527974128723,0.40451645851135254,/mnt/tidalfs-bdsz01/dataset/llm_dataset/plc_data/TransDF/results/meta_tune/Fredformer_ETTm1_336_0.2_0.8_0.0005_0.0005_0.1_TST_100_10_128_64_1.0_5.0_3_0.0_1_MAE_1_500_basis_pca_T_1_0_1
Fredformer,336,ETTm1,0.0005,0.0005,0.1,0.2,0.8,1.0,TST,100,10,128,64,700,1,0.0,3,5.0,MAE,1,basis,pca,T,1,0,0,0.390290230512619,0.40168505907058716,/mnt/tidalfs-bdsz01/dataset/llm_dataset/plc_data/TransDF/results/meta_tune/Fredformer_ETTm1_336_0.2_0.8_0.0005_0.0005_0.1_TST_100_10_128_64_1.0_5.0_3_0.0_1_MAE_1_700_basis_pca_T_1_0_0
Fredformer,336,ETTm1,0.0005,0.0005,0.1,0.2,0.8,1.0,TST,100,10,128,64,700,1,0.0,3,5.0,MAE,1,basis,pca,T,1,0,1,0.39211583137512207,0.40281763672828674,/mnt/tidalfs-bdsz01/dataset/llm_dataset/plc_data/TransDF/results/meta_tune/Fredformer_ETTm1_336_0.2_0.8_0.0005_0.0005_0.1_TST_100_10_128_64_1.0_5.0_3_0.0_1_MAE_1_700_basis_pca_T_1_0_1
Fredformer,336,ETTm1,0.0002,0.0002,0.1,0.6,0.4,0.8,TST,100,10,128,64,300,1,0.0,3,5.0,MAE,1,basis,pca,T,1,0,0,0.4045575261116028,0.4059663414955139,/mnt/tidalfs-bdsz01/dataset/llm_dataset/plc_data/TransDF/results/meta_tune/Fredformer_ETTm1_336_0.6_0.4_0.0002_0.0002_0.1_TST_100_10_128_64_0.8_5.0_3_0.0_1_MAE_1_300_basis_pca_T_1_0_0
Fredformer,336,ETTm1,0.0002,0.0002,0.1,0.6,0.4,0.8,TST,100,10,128,64,300,1,0.0,3,5.0,MAE,1,basis,pca,T,1,0,1,0.3929721415042877,0.4041752517223358,/mnt/tidalfs-bdsz01/dataset/llm_dataset/plc_data/TransDF/results/meta_tune/Fredformer_ETTm1_336_0.6_0.4_0.0002_0.0002_0.1_TST_100_10_128_64_0.8_5.0_3_0.0_1_MAE_1_300_basis_pca_T_1_0_1
Fredformer,336,ETTm1,0.0002,0.0002,0.1,0.6,0.4,0.8,TST,100,10,128,64,500,1,0.0,3,5.0,MAE,1,basis,pca,T,1,0,0,0.40472590923309326,0.40613171458244324,/mnt/tidalfs-bdsz01/dataset/llm_dataset/plc_data/TransDF/results/meta_tune/Fredformer_ETTm1_336_0.6_0.4_0.0002_0.0002_0.1_TST_100_10_128_64_0.8_5.0_3_0.0_1_MAE_1_500_basis_pca_T_1_0_0
Fredformer,336,ETTm1,0.0002,0.0002,0.1,0.6,0.4,0.8,TST,100,10,128,64,500,1,0.0,3,5.0,MAE,1,basis,pca,T,1,0,1,0.3932510316371918,0.40443509817123413,/mnt/tidalfs-bdsz01/dataset/llm_dataset/plc_data/TransDF/results/meta_tune/Fredformer_ETTm1_336_0.6_0.4_0.0002_0.0002_0.1_TST_100_10_128_64_0.8_5.0_3_0.0_1_MAE_1_500_basis_pca_T_1_0_1
Fredformer,336,ETTm1,0.0002,0.0002,0.1,0.6,0.4,0.8,TST,100,10,128,64,700,1,0.0,3,5.0,MAE,1,basis,pca,T,1,0,0,0.4046778082847595,0.406048059463501,/mnt/tidalfs-bdsz01/dataset/llm_dataset/plc_data/TransDF/results/meta_tune/Fredformer_ETTm1_336_0.6_0.4_0.0002_0.0002_0.1_TST_100_10_128_64_0.8_5.0_3_0.0_1_MAE_1_700_basis_pca_T_1_0_0
Fredformer,336,ETTm1,0.0002,0.0002,0.1,0.6,0.4,0.8,TST,100,10,128,64,700,1,0.0,3,5.0,MAE,1,basis,pca,T,1,0,1,0.3932549059391022,0.4045228362083435,/mnt/tidalfs-bdsz01/dataset/llm_dataset/plc_data/TransDF/results/meta_tune/Fredformer_ETTm1_336_0.6_0.4_0.0002_0.0002_0.1_TST_100_10_128_64_0.8_5.0_3_0.0_1_MAE_1_700_basis_pca_T_1_0_1
Fredformer,336,ETTm1,0.0002,0.0002,0.1,0.6,0.4,1.0,TST,100,10,128,64,300,1,0.0,3,5.0,MAE,1,basis,pca,T,1,0,0,0.3983376622200012,0.4062466025352478,/mnt/tidalfs-bdsz01/dataset/llm_dataset/plc_data/TransDF/results/meta_tune/Fredformer_ETTm1_336_0.6_0.4_0.0002_0.0002_0.1_TST_100_10_128_64_1.0_5.0_3_0.0_1_MAE_1_300_basis_pca_T_1_0_0
Fredformer,336,ETTm1,0.0002,0.0002,0.1,0.6,0.4,1.0,TST,100,10,128,64,300,1,0.0,3,5.0,MAE,1,basis,pca,T,1,0,1,0.39413389563560486,0.40284326672554016,/mnt/tidalfs-bdsz01/dataset/llm_dataset/plc_data/TransDF/results/meta_tune/Fredformer_ETTm1_336_0.6_0.4_0.0002_0.0002_0.1_TST_100_10_128_64_1.0_5.0_3_0.0_1_MAE_1_300_basis_pca_T_1_0_1
Fredformer,336,ETTm1,0.0002,0.0002,0.1,0.6,0.4,1.0,TST,100,10,128,64,500,1,0.0,3,5.0,MAE,1,basis,pca,T,1,0,0,0.3979065418243408,0.40590447187423706,/mnt/tidalfs-bdsz01/dataset/llm_dataset/plc_data/TransDF/results/meta_tune/Fredformer_ETTm1_336_0.6_0.4_0.0002_0.0002_0.1_TST_100_10_128_64_1.0_5.0_3_0.0_1_MAE_1_500_basis_pca_T_1_0_0
Fredformer,336,ETTm1,0.0002,0.0002,0.1,0.6,0.4,1.0,TST,100,10,128,64,500,1,0.0,3,5.0,MAE,1,basis,pca,T,1,0,1,0.39414846897125244,0.40279239416122437,/mnt/tidalfs-bdsz01/dataset/llm_dataset/plc_data/TransDF/results/meta_tune/Fredformer_ETTm1_336_0.6_0.4_0.0002_0.0002_0.1_TST_100_10_128_64_1.0_5.0_3_0.0_1_MAE_1_500_basis_pca_T_1_0_1
Fredformer,336,ETTm1,0.0002,0.0002,0.1,0.6,0.4,1.0,TST,100,10,128,64,700,1,0.0,3,5.0,MAE,1,basis,pca,T,1,0,0,0.3977510929107666,0.40599194169044495,/mnt/tidalfs-bdsz01/dataset/llm_dataset/plc_data/TransDF/results/meta_tune/Fredformer_ETTm1_336_0.6_0.4_0.0002_0.0002_0.1_TST_100_10_128_64_1.0_5.0_3_0.0_1_MAE_1_700_basis_pca_T_1_0_0
Fredformer,336,ETTm1,0.0002,0.0002,0.1,0.6,0.4,1.0,TST,100,10,128,64,700,1,0.0,3,5.0,MAE,1,basis,pca,T,1,0,1,0.3939414620399475,0.40262407064437866,/mnt/tidalfs-bdsz01/dataset/llm_dataset/plc_data/TransDF/results/meta_tune/Fredformer_ETTm1_336_0.6_0.4_0.0002_0.0002_0.1_TST_100_10_128_64_1.0_5.0_3_0.0_1_MAE_1_700_basis_pca_T_1_0_1
Fredformer,336,ETTm1,0.0005,0.0005,0.1,0.6,0.4,0.8,TST,100,10,128,64,300,1,0.0,3,5.0,MAE,1,basis,pca,T,1,0,0,0.39612242579460144,0.4031575918197632,/mnt/tidalfs-bdsz01/dataset/llm_dataset/plc_data/TransDF/results/meta_tune/Fredformer_ETTm1_336_0.6_0.4_0.0005_0.0005_0.1_TST_100_10_128_64_0.8_5.0_3_0.0_1_MAE_1_300_basis_pca_T_1_0_0
Fredformer,336,ETTm1,0.0005,0.0005,0.1,0.6,0.4,0.8,TST,100,10,128,64,300,1,0.0,3,5.0,MAE,1,basis,pca,T,1,0,1,0.3948679566383362,0.4045751988887787,/mnt/tidalfs-bdsz01/dataset/llm_dataset/plc_data/TransDF/results/meta_tune/Fredformer_ETTm1_336_0.6_0.4_0.0005_0.0005_0.1_TST_100_10_128_64_0.8_5.0_3_0.0_1_MAE_1_300_basis_pca_T_1_0_1
Fredformer,336,ETTm1,0.0005,0.0005,0.1,0.6,0.4,0.8,TST,100,10,128,64,500,1,0.0,3,5.0,MAE,1,basis,pca,T,1,0,0,0.39675480127334595,0.4034726321697235,/mnt/tidalfs-bdsz01/dataset/llm_dataset/plc_data/TransDF/results/meta_tune/Fredformer_ETTm1_336_0.6_0.4_0.0005_0.0005_0.1_TST_100_10_128_64_0.8_5.0_3_0.0_1_MAE_1_500_basis_pca_T_1_0_0
Fredformer,336,ETTm1,0.0005,0.0005,0.1,0.6,0.4,0.8,TST,100,10,128,64,500,1,0.0,3,5.0,MAE,1,basis,pca,T,1,0,1,0.3950119912624359,0.4046727418899536,/mnt/tidalfs-bdsz01/dataset/llm_dataset/plc_data/TransDF/results/meta_tune/Fredformer_ETTm1_336_0.6_0.4_0.0005_0.0005_0.1_TST_100_10_128_64_0.8_5.0_3_0.0_1_MAE_1_500_basis_pca_T_1_0_1
Fredformer,336,ETTm1,0.0005,0.0005,0.1,0.6,0.4,0.8,TST,100,10,128,64,700,1,0.0,3,5.0,MAE,1,basis,pca,T,1,0,0,0.3966054320335388,0.4033404588699341,/mnt/tidalfs-bdsz01/dataset/llm_dataset/plc_data/TransDF/results/meta_tune/Fredformer_ETTm1_336_0.6_0.4_0.0005_0.0005_0.1_TST_100_10_128_64_0.8_5.0_3_0.0_1_MAE_1_700_basis_pca_T_1_0_0
Fredformer,336,ETTm1,0.0005,0.0005,0.1,0.6,0.4,0.8,TST,100,10,128,64,700,1,0.0,3,5.0,MAE,1,basis,pca,T,1,0,1,0.3952433466911316,0.40453219413757324,/mnt/tidalfs-bdsz01/dataset/llm_dataset/plc_data/TransDF/results/meta_tune/Fredformer_ETTm1_336_0.6_0.4_0.0005_0.0005_0.1_TST_100_10_128_64_0.8_5.0_3_0.0_1_MAE_1_700_basis_pca_T_1_0_1
Fredformer,336,ETTm1,0.0005,0.0005,0.1,0.6,0.4,1.0,TST,100,10,128,64,300,1,0.0,3,5.0,MAE,1,basis,pca,T,1,0,0,0.393453985452652,0.4048420488834381,/mnt/tidalfs-bdsz01/dataset/llm_dataset/plc_data/TransDF/results/meta_tune/Fredformer_ETTm1_336_0.6_0.4_0.0005_0.0005_0.1_TST_100_10_128_64_1.0_5.0_3_0.0_1_MAE_1_300_basis_pca_T_1_0_0
Fredformer,336,ETTm1,0.0005,0.0005,0.1,0.6,0.4,1.0,TST,100,10,128,64,300,1,0.0,3,5.0,MAE,1,basis,pca,T,1,0,1,0.395769864320755,0.4060980975627899,/mnt/tidalfs-bdsz01/dataset/llm_dataset/plc_data/TransDF/results/meta_tune/Fredformer_ETTm1_336_0.6_0.4_0.0005_0.0005_0.1_TST_100_10_128_64_1.0_5.0_3_0.0_1_MAE_1_300_basis_pca_T_1_0_1
Fredformer,336,ETTm1,0.0005,0.0005,0.1,0.6,0.4,1.0,TST,100,10,128,64,500,1,0.0,3,5.0,MAE,1,basis,pca,T,1,0,0,0.3931776285171509,0.40476593375205994,/mnt/tidalfs-bdsz01/dataset/llm_dataset/plc_data/TransDF/results/meta_tune/Fredformer_ETTm1_336_0.6_0.4_0.0005_0.0005_0.1_TST_100_10_128_64_1.0_5.0_3_0.0_1_MAE_1_500_basis_pca_T_1_0_0
Fredformer,336,ETTm1,0.0005,0.0005,0.1,0.6,0.4,1.0,TST,100,10,128,64,500,1,0.0,3,5.0,MAE,1,basis,pca,T,1,0,1,0.3953556716442108,0.40552666783332825,/mnt/tidalfs-bdsz01/dataset/llm_dataset/plc_data/TransDF/results/meta_tune/Fredformer_ETTm1_336_0.6_0.4_0.0005_0.0005_0.1_TST_100_10_128_64_1.0_5.0_3_0.0_1_MAE_1_500_basis_pca_T_1_0_1
Fredformer,336,ETTm1,0.0005,0.0005,0.1,0.6,0.4,1.0,TST,100,10,128,64,700,1,0.0,3,5.0,MAE,1,basis,pca,T,1,0,0,0.39357706904411316,0.4051053822040558,/mnt/tidalfs-bdsz01/dataset/llm_dataset/plc_data/TransDF/results/meta_tune/Fredformer_ETTm1_336_0.6_0.4_0.0005_0.0005_0.1_TST_100_10_128_64_1.0_5.0_3_0.0_1_MAE_1_700_basis_pca_T_1_0_0
Fredformer,336,ETTm1,0.0005,0.0005,0.1,0.6,0.4,1.0,TST,100,10,128,64,700,1,0.0,3,5.0,MAE,1,basis,pca,T,1,0,1,0.3959771990776062,0.4061807692050934,/mnt/tidalfs-bdsz01/dataset/llm_dataset/plc_data/TransDF/results/meta_tune/Fredformer_ETTm1_336_0.6_0.4_0.0005_0.0005_0.1_TST_100_10_128_64_1.0_5.0_3_0.0_1_MAE_1_700_basis_pca_T_1_0_1
Fredformer,720,ETTm1,0.0002,0.0002,0.1,0.0,1.0,0.8,TST,100,10,128,64,300,1,0.0,3,5.0,MAE,1,basis,pca,T,1,0,0,0.45293256640434265,0.43792495131492615,/mnt/tidalfs-bdsz01/dataset/llm_dataset/plc_data/TransDF/results/meta_tune/Fredformer_ETTm1_720_0.0_1.0_0.0002_0.0002_0.1_TST_100_10_128_64_0.8_5.0_3_0.0_1_MAE_1_300_basis_pca_T_1_0_0
Fredformer,720,ETTm1,0.0002,0.0002,0.1,0.0,1.0,0.8,TST,100,10,128,64,300,1,0.0,3,5.0,MAE,1,basis,pca,T,1,0,1,0.4505296051502228,0.4361659586429596,/mnt/tidalfs-bdsz01/dataset/llm_dataset/plc_data/TransDF/results/meta_tune/Fredformer_ETTm1_720_0.0_1.0_0.0002_0.0002_0.1_TST_100_10_128_64_0.8_5.0_3_0.0_1_MAE_1_300_basis_pca_T_1_0_1
Fredformer,720,ETTm1,0.0002,0.0002,0.1,0.0,1.0,0.8,TST,100,10,128,64,500,1,0.0,3,5.0,MAE,1,basis,pca,T,1,0,0,0.4561772644519806,0.4399581551551819,/mnt/tidalfs-bdsz01/dataset/llm_dataset/plc_data/TransDF/results/meta_tune/Fredformer_ETTm1_720_0.0_1.0_0.0002_0.0002_0.1_TST_100_10_128_64_0.8_5.0_3_0.0_1_MAE_1_500_basis_pca_T_1_0_0
Fredformer,720,ETTm1,0.0002,0.0002,0.1,0.0,1.0,0.8,TST,100,10,128,64,500,1,0.0,3,5.0,MAE,1,basis,pca,T,1,0,1,0.45635920763015747,0.43996933102607727,/mnt/tidalfs-bdsz01/dataset/llm_dataset/plc_data/TransDF/results/meta_tune/Fredformer_ETTm1_720_0.0_1.0_0.0002_0.0002_0.1_TST_100_10_128_64_0.8_5.0_3_0.0_1_MAE_1_500_basis_pca_T_1_0_1
Fredformer,720,ETTm1,0.0002,0.0002,0.1,0.0,1.0,0.8,TST,100,10,128,64,700,1,0.0,3,5.0,MAE,1,basis,pca,T,1,0,0,0.4540507197380066,0.4384230673313141,/mnt/tidalfs-bdsz01/dataset/llm_dataset/plc_data/TransDF/results/meta_tune/Fredformer_ETTm1_720_0.0_1.0_0.0002_0.0002_0.1_TST_100_10_128_64_0.8_5.0_3_0.0_1_MAE_1_700_basis_pca_T_1_0_0
Fredformer,720,ETTm1,0.0002,0.0002,0.1,0.0,1.0,0.8,TST,100,10,128,64,700,1,0.0,3,5.0,MAE,1,basis,pca,T,1,0,1,0.4500797688961029,0.43605485558509827,/mnt/tidalfs-bdsz01/dataset/llm_dataset/plc_data/TransDF/results/meta_tune/Fredformer_ETTm1_720_0.0_1.0_0.0002_0.0002_0.1_TST_100_10_128_64_0.8_5.0_3_0.0_1_MAE_1_700_basis_pca_T_1_0_1
Fredformer,720,ETTm1,0.0002,0.0002,0.1,0.0,1.0,1.0,TST,100,10,128,64,300,1,0.0,3,5.0,MAE,1,basis,pca,T,1,0,0,0.45216721296310425,0.43751218914985657,/mnt/tidalfs-bdsz01/dataset/llm_dataset/plc_data/TransDF/results/meta_tune/Fredformer_ETTm1_720_0.0_1.0_0.0002_0.0002_0.1_TST_100_10_128_64_1.0_5.0_3_0.0_1_MAE_1_300_basis_pca_T_1_0_0
Fredformer,720,ETTm1,0.0002,0.0002,0.1,0.0,1.0,1.0,TST,100,10,128,64,300,1,0.0,3,5.0,MAE,1,basis,pca,T,1,0,1,0.4512868821620941,0.43637117743492126,/mnt/tidalfs-bdsz01/dataset/llm_dataset/plc_data/TransDF/results/meta_tune/Fredformer_ETTm1_720_0.0_1.0_0.0002_0.0002_0.1_TST_100_10_128_64_1.0_5.0_3_0.0_1_MAE_1_300_basis_pca_T_1_0_1
Fredformer,720,ETTm1,0.0002,0.0002,0.1,0.0,1.0,1.0,TST,100,10,128,64,500,1,0.0,3,5.0,MAE,1,basis,pca,T,1,0,0,0.45125722885131836,0.4370954632759094,/mnt/tidalfs-bdsz01/dataset/llm_dataset/plc_data/TransDF/results/meta_tune/Fredformer_ETTm1_720_0.0_1.0_0.0002_0.0002_0.1_TST_100_10_128_64_1.0_5.0_3_0.0_1_MAE_1_500_basis_pca_T_1_0_0
Fredformer,720,ETTm1,0.0002,0.0002,0.1,0.0,1.0,1.0,TST,100,10,128,64,500,1,0.0,3,5.0,MAE,1,basis,pca,T,1,0,1,0.44968995451927185,0.4353572726249695,/mnt/tidalfs-bdsz01/dataset/llm_dataset/plc_data/TransDF/results/meta_tune/Fredformer_ETTm1_720_0.0_1.0_0.0002_0.0002_0.1_TST_100_10_128_64_1.0_5.0_3_0.0_1_MAE_1_500_basis_pca_T_1_0_1
Fredformer,720,ETTm1,0.0002,0.0002,0.1,0.0,1.0,1.0,TST,100,10,128,64,700,1,0.0,3,5.0,MAE,1,basis,pca,T,1,0,0,0.45200586318969727,0.4376651644706726,/mnt/tidalfs-bdsz01/dataset/llm_dataset/plc_data/TransDF/results/meta_tune/Fredformer_ETTm1_720_0.0_1.0_0.0002_0.0002_0.1_TST_100_10_128_64_1.0_5.0_3_0.0_1_MAE_1_700_basis_pca_T_1_0_0
Fredformer,720,ETTm1,0.0002,0.0002,0.1,0.0,1.0,1.0,TST,100,10,128,64,700,1,0.0,3,5.0,MAE,1,basis,pca,T,1,0,1,0.45237454771995544,0.43682777881622314,/mnt/tidalfs-bdsz01/dataset/llm_dataset/plc_data/TransDF/results/meta_tune/Fredformer_ETTm1_720_0.0_1.0_0.0002_0.0002_0.1_TST_100_10_128_64_1.0_5.0_3_0.0_1_MAE_1_700_basis_pca_T_1_0_1
Fredformer,720,ETTm1,0.0005,0.0005,0.1,0.0,1.0,0.8,TST,100,10,128,64,300,1,0.0,3,5.0,MAE,1,basis,pca,T,1,0,0,0.44934630393981934,0.4354301393032074,/mnt/tidalfs-bdsz01/dataset/llm_dataset/plc_data/TransDF/results/meta_tune/Fredformer_ETTm1_720_0.0_1.0_0.0005_0.0005_0.1_TST_100_10_128_64_0.8_5.0_3_0.0_1_MAE_1_300_basis_pca_T_1_0_0
Fredformer,720,ETTm1,0.0005,0.0005,0.1,0.0,1.0,0.8,TST,100,10,128,64,300,1,0.0,3,5.0,MAE,1,basis,pca,T,1,0,1,0.4490267038345337,0.4349215030670166,/mnt/tidalfs-bdsz01/dataset/llm_dataset/plc_data/TransDF/results/meta_tune/Fredformer_ETTm1_720_0.0_1.0_0.0005_0.0005_0.1_TST_100_10_128_64_0.8_5.0_3_0.0_1_MAE_1_300_basis_pca_T_1_0_1
Fredformer,720,ETTm1,0.0005,0.0005,0.1,0.0,1.0,0.8,TST,100,10,128,64,500,1,0.0,3,5.0,MAE,1,basis,pca,T,1,0,0,0.4483726918697357,0.43526068329811096,/mnt/tidalfs-bdsz01/dataset/llm_dataset/plc_data/TransDF/results/meta_tune/Fredformer_ETTm1_720_0.0_1.0_0.0005_0.0005_0.1_TST_100_10_128_64_0.8_5.0_3_0.0_1_MAE_1_500_basis_pca_T_1_0_0
Fredformer,720,ETTm1,0.0005,0.0005,0.1,0.0,1.0,0.8,TST,100,10,128,64,500,1,0.0,3,5.0,MAE,1,basis,pca,T,1,0,1,0.44893234968185425,0.43484169244766235,/mnt/tidalfs-bdsz01/dataset/llm_dataset/plc_data/TransDF/results/meta_tune/Fredformer_ETTm1_720_0.0_1.0_0.0005_0.0005_0.1_TST_100_10_128_64_0.8_5.0_3_0.0_1_MAE_1_500_basis_pca_T_1_0_1
Fredformer,720,ETTm1,0.0005,0.0005,0.1,0.0,1.0,0.8,TST,100,10,128,64,700,1,0.0,3,5.0,MAE,1,basis,pca,T,1,0,0,0.44781211018562317,0.4347839653491974,/mnt/tidalfs-bdsz01/dataset/llm_dataset/plc_data/TransDF/results/meta_tune/Fredformer_ETTm1_720_0.0_1.0_0.0005_0.0005_0.1_TST_100_10_128_64_0.8_5.0_3_0.0_1_MAE_1_700_basis_pca_T_1_0_0
Fredformer,720,ETTm1,0.0005,0.0005,0.1,0.0,1.0,0.8,TST,100,10,128,64,700,1,0.0,3,5.0,MAE,1,basis,pca,T,1,0,1,0.4494585692882538,0.43514904379844666,/mnt/tidalfs-bdsz01/dataset/llm_dataset/plc_data/TransDF/results/meta_tune/Fredformer_ETTm1_720_0.0_1.0_0.0005_0.0005_0.1_TST_100_10_128_64_0.8_5.0_3_0.0_1_MAE_1_700_basis_pca_T_1_0_1
Fredformer,720,ETTm1,0.0005,0.0005,0.1,0.0,1.0,1.0,TST,100,10,128,64,300,1,0.0,3,5.0,MAE,1,basis,pca,T,1,0,0,0.45379436016082764,0.43782973289489746,/mnt/tidalfs-bdsz01/dataset/llm_dataset/plc_data/TransDF/results/meta_tune/Fredformer_ETTm1_720_0.0_1.0_0.0005_0.0005_0.1_TST_100_10_128_64_1.0_5.0_3_0.0_1_MAE_1_300_basis_pca_T_1_0_0
Fredformer,720,ETTm1,0.0005,0.0005,0.1,0.0,1.0,1.0,TST,100,10,128,64,300,1,0.0,3,5.0,MAE,1,basis,pca,T,1,0,1,0.449102520942688,0.43545156717300415,/mnt/tidalfs-bdsz01/dataset/llm_dataset/plc_data/TransDF/results/meta_tune/Fredformer_ETTm1_720_0.0_1.0_0.0005_0.0005_0.1_TST_100_10_128_64_1.0_5.0_3_0.0_1_MAE_1_300_basis_pca_T_1_0_1
Fredformer,720,ETTm1,0.0005,0.0005,0.1,0.0,1.0,1.0,TST,100,10,128,64,500,1,0.0,3,5.0,MAE,1,basis,pca,T,1,0,0,0.4516800343990326,0.4365720748901367,/mnt/tidalfs-bdsz01/dataset/llm_dataset/plc_data/TransDF/results/meta_tune/Fredformer_ETTm1_720_0.0_1.0_0.0005_0.0005_0.1_TST_100_10_128_64_1.0_5.0_3_0.0_1_MAE_1_500_basis_pca_T_1_0_0
Fredformer,720,ETTm1,0.0005,0.0005,0.1,0.0,1.0,1.0,TST,100,10,128,64,500,1,0.0,3,5.0,MAE,1,basis,pca,T,1,0,1,0.4489775002002716,0.43521174788475037,/mnt/tidalfs-bdsz01/dataset/llm_dataset/plc_data/TransDF/results/meta_tune/Fredformer_ETTm1_720_0.0_1.0_0.0005_0.0005_0.1_TST_100_10_128_64_1.0_5.0_3_0.0_1_MAE_1_500_basis_pca_T_1_0_1
Fredformer,720,ETTm1,0.0005,0.0005,0.1,0.0,1.0,1.0,TST,100,10,128,64,700,1,0.0,3,5.0,MAE,1,basis,pca,T,1,0,0,0.4494156837463379,0.4351637661457062,/mnt/tidalfs-bdsz01/dataset/llm_dataset/plc_data/TransDF/results/meta_tune/Fredformer_ETTm1_720_0.0_1.0_0.0005_0.0005_0.1_TST_100_10_128_64_1.0_5.0_3_0.0_1_MAE_1_700_basis_pca_T_1_0_0
Fredformer,720,ETTm1,0.0005,0.0005,0.1,0.0,1.0,1.0,TST,100,10,128,64,700,1,0.0,3,5.0,MAE,1,basis,pca,T,1,0,1,0.4494951665401459,0.43552225828170776,/mnt/tidalfs-bdsz01/dataset/llm_dataset/plc_data/TransDF/results/meta_tune/Fredformer_ETTm1_720_0.0_1.0_0.0005_0.0005_0.1_TST_100_10_128_64_1.0_5.0_3_0.0_1_MAE_1_700_basis_pca_T_1_0_1
Fredformer,720,ETTm1,0.0002,0.0002,0.1,0.2,0.8,0.8,TST,100,10,128,64,300,1,0.0,3,5.0,MAE,1,basis,pca,T,1,0,0,0.4551612138748169,0.44008299708366394,/mnt/tidalfs-bdsz01/dataset/llm_dataset/plc_data/TransDF/results/meta_tune/Fredformer_ETTm1_720_0.2_0.8_0.0002_0.0002_0.1_TST_100_10_128_64_0.8_5.0_3_0.0_1_MAE_1_300_basis_pca_T_1_0_0
Fredformer,720,ETTm1,0.0002,0.0002,0.1,0.2,0.8,0.8,TST,100,10,128,64,300,1,0.0,3,5.0,MAE,1,basis,pca,T,1,0,1,0.4542834162712097,0.4413067698478699,/mnt/tidalfs-bdsz01/dataset/llm_dataset/plc_data/TransDF/results/meta_tune/Fredformer_ETTm1_720_0.2_0.8_0.0002_0.0002_0.1_TST_100_10_128_64_0.8_5.0_3_0.0_1_MAE_1_300_basis_pca_T_1_0_1
Fredformer,720,ETTm1,0.0002,0.0002,0.1,0.2,0.8,0.8,TST,100,10,128,64,500,1,0.0,3,5.0,MAE,1,basis,pca,T,1,0,0,0.4544086158275604,0.439794659614563,/mnt/tidalfs-bdsz01/dataset/llm_dataset/plc_data/TransDF/results/meta_tune/Fredformer_ETTm1_720_0.2_0.8_0.0002_0.0002_0.1_TST_100_10_128_64_0.8_5.0_3_0.0_1_MAE_1_500_basis_pca_T_1_0_0
Fredformer,720,ETTm1,0.0002,0.0002,0.1,0.2,0.8,0.8,TST,100,10,128,64,500,1,0.0,3,5.0,MAE,1,basis,pca,T,1,0,1,0.4538174271583557,0.44054511189460754,/mnt/tidalfs-bdsz01/dataset/llm_dataset/plc_data/TransDF/results/meta_tune/Fredformer_ETTm1_720_0.2_0.8_0.0002_0.0002_0.1_TST_100_10_128_64_0.8_5.0_3_0.0_1_MAE_1_500_basis_pca_T_1_0_1
Fredformer,720,ETTm1,0.0002,0.0002,0.1,0.2,0.8,0.8,TST,100,10,128,64,700,1,0.0,3,5.0,MAE,1,basis,pca,T,1,0,0,0.45539626479148865,0.440148264169693,/mnt/tidalfs-bdsz01/dataset/llm_dataset/plc_data/TransDF/results/meta_tune/Fredformer_ETTm1_720_0.2_0.8_0.0002_0.0002_0.1_TST_100_10_128_64_0.8_5.0_3_0.0_1_MAE_1_700_basis_pca_T_1_0_0
Fredformer,720,ETTm1,0.0002,0.0002,0.1,0.2,0.8,0.8,TST,100,10,128,64,700,1,0.0,3,5.0,MAE,1,basis,pca,T,1,0,1,0.45365116000175476,0.440581351518631,/mnt/tidalfs-bdsz01/dataset/llm_dataset/plc_data/TransDF/results/meta_tune/Fredformer_ETTm1_720_0.2_0.8_0.0002_0.0002_0.1_TST_100_10_128_64_0.8_5.0_3_0.0_1_MAE_1_700_basis_pca_T_1_0_1
Fredformer,720,ETTm1,0.0002,0.0002,0.1,0.2,0.8,1.0,TST,100,10,128,64,300,1,0.0,3,5.0,MAE,1,basis,pca,T,1,0,0,0.452946275472641,0.43937355279922485,/mnt/tidalfs-bdsz01/dataset/llm_dataset/plc_data/TransDF/results/meta_tune/Fredformer_ETTm1_720_0.2_0.8_0.0002_0.0002_0.1_TST_100_10_128_64_1.0_5.0_3_0.0_1_MAE_1_300_basis_pca_T_1_0_0
Fredformer,720,ETTm1,0.0002,0.0002,0.1,0.2,0.8,1.0,TST,100,10,128,64,300,1,0.0,3,5.0,MAE,1,basis,pca,T,1,0,1,0.45602947473526,0.44248107075691223,/mnt/tidalfs-bdsz01/dataset/llm_dataset/plc_data/TransDF/results/meta_tune/Fredformer_ETTm1_720_0.2_0.8_0.0002_0.0002_0.1_TST_100_10_128_64_1.0_5.0_3_0.0_1_MAE_1_300_basis_pca_T_1_0_1
Fredformer,720,ETTm1,0.0002,0.0002,0.1,0.2,0.8,1.0,TST,100,10,128,64,500,1,0.0,3,5.0,MAE,1,basis,pca,T,1,0,0,0.45258647203445435,0.43909499049186707,/mnt/tidalfs-bdsz01/dataset/llm_dataset/plc_data/TransDF/results/meta_tune/Fredformer_ETTm1_720_0.2_0.8_0.0002_0.0002_0.1_TST_100_10_128_64_1.0_5.0_3_0.0_1_MAE_1_500_basis_pca_T_1_0_0
Fredformer,720,ETTm1,0.0002,0.0002,0.1,0.2,0.8,1.0,TST,100,10,128,64,500,1,0.0,3,5.0,MAE,1,basis,pca,T,1,0,1,0.45862874388694763,0.44346389174461365,/mnt/tidalfs-bdsz01/dataset/llm_dataset/plc_data/TransDF/results/meta_tune/Fredformer_ETTm1_720_0.2_0.8_0.0002_0.0002_0.1_TST_100_10_128_64_1.0_5.0_3_0.0_1_MAE_1_500_basis_pca_T_1_0_1
Fredformer,720,ETTm1,0.0002,0.0002,0.1,0.2,0.8,1.0,TST,100,10,128,64,700,1,0.0,3,5.0,MAE,1,basis,pca,T,1,0,0,0.45299002528190613,0.4378761351108551,/mnt/tidalfs-bdsz01/dataset/llm_dataset/plc_data/TransDF/results/meta_tune/Fredformer_ETTm1_720_0.2_0.8_0.0002_0.0002_0.1_TST_100_10_128_64_1.0_5.0_3_0.0_1_MAE_1_700_basis_pca_T_1_0_0
Fredformer,720,ETTm1,0.0002,0.0002,0.1,0.2,0.8,1.0,TST,100,10,128,64,700,1,0.0,3,5.0,MAE,1,basis,pca,T,1,0,1,0.4565025568008423,0.44247835874557495,/mnt/tidalfs-bdsz01/dataset/llm_dataset/plc_data/TransDF/results/meta_tune/Fredformer_ETTm1_720_0.2_0.8_0.0002_0.0002_0.1_TST_100_10_128_64_1.0_5.0_3_0.0_1_MAE_1_700_basis_pca_T_1_0_1
Fredformer,720,ETTm1,0.0005,0.0005,0.1,0.2,0.8,0.8,TST,100,10,128,64,300,1,0.0,3,5.0,MAE,1,basis,pca,T,1,0,0,0.45174920558929443,0.43810519576072693,/mnt/tidalfs-bdsz01/dataset/llm_dataset/plc_data/TransDF/results/meta_tune/Fredformer_ETTm1_720_0.2_0.8_0.0005_0.0005_0.1_TST_100_10_128_64_0.8_5.0_3_0.0_1_MAE_1_300_basis_pca_T_1_0_0
Fredformer,720,ETTm1,0.0005,0.0005,0.1,0.2,0.8,0.8,TST,100,10,128,64,300,1,0.0,3,5.0,MAE,1,basis,pca,T,1,0,1,0.45240116119384766,0.4372691810131073,/mnt/tidalfs-bdsz01/dataset/llm_dataset/plc_data/TransDF/results/meta_tune/Fredformer_ETTm1_720_0.2_0.8_0.0005_0.0005_0.1_TST_100_10_128_64_0.8_5.0_3_0.0_1_MAE_1_300_basis_pca_T_1_0_1
Fredformer,720,ETTm1,0.0005,0.0005,0.1,0.2,0.8,0.8,TST,100,10,128,64,500,1,0.0,3,5.0,MAE,1,basis,pca,T,1,0,0,0.4514487087726593,0.4380667507648468,/mnt/tidalfs-bdsz01/dataset/llm_dataset/plc_data/TransDF/results/meta_tune/Fredformer_ETTm1_720_0.2_0.8_0.0005_0.0005_0.1_TST_100_10_128_64_0.8_5.0_3_0.0_1_MAE_1_500_basis_pca_T_1_0_0
Fredformer,720,ETTm1,0.0005,0.0005,0.1,0.2,0.8,0.8,TST,100,10,128,64,500,1,0.0,3,5.0,MAE,1,basis,pca,T,1,0,1,0.4520826041698456,0.43709519505500793,/mnt/tidalfs-bdsz01/dataset/llm_dataset/plc_data/TransDF/results/meta_tune/Fredformer_ETTm1_720_0.2_0.8_0.0005_0.0005_0.1_TST_100_10_128_64_0.8_5.0_3_0.0_1_MAE_1_500_basis_pca_T_1_0_1
Fredformer,720,ETTm1,0.0005,0.0005,0.1,0.2,0.8,0.8,TST,100,10,128,64,700,1,0.0,3,5.0,MAE,1,basis,pca,T,1,0,0,0.45183223485946655,0.4381888508796692,/mnt/tidalfs-bdsz01/dataset/llm_dataset/plc_data/TransDF/results/meta_tune/Fredformer_ETTm1_720_0.2_0.8_0.0005_0.0005_0.1_TST_100_10_128_64_0.8_5.0_3_0.0_1_MAE_1_700_basis_pca_T_1_0_0
Fredformer,720,ETTm1,0.0005,0.0005,0.1,0.2,0.8,0.8,TST,100,10,128,64,700,1,0.0,3,5.0,MAE,1,basis,pca,T,1,0,1,0.4513527452945709,0.43868914246559143,/mnt/tidalfs-bdsz01/dataset/llm_dataset/plc_data/TransDF/results/meta_tune/Fredformer_ETTm1_720_0.2_0.8_0.0005_0.0005_0.1_TST_100_10_128_64_0.8_5.0_3_0.0_1_MAE_1_700_basis_pca_T_1_0_1
Fredformer,720,ETTm1,0.0005,0.0005,0.1,0.2,0.8,1.0,TST,100,10,128,64,300,1,0.0,3,5.0,MAE,1,basis,pca,T,1,0,0,0.4542284309864044,0.4404523968696594,/mnt/tidalfs-bdsz01/dataset/llm_dataset/plc_data/TransDF/results/meta_tune/Fredformer_ETTm1_720_0.2_0.8_0.0005_0.0005_0.1_TST_100_10_128_64_1.0_5.0_3_0.0_1_MAE_1_300_basis_pca_T_1_0_0
Fredformer,720,ETTm1,0.0005,0.0005,0.1,0.2,0.8,1.0,TST,100,10,128,64,300,1,0.0,3,5.0,MAE,1,basis,pca,T,1,0,1,0.45695850253105164,0.44232869148254395,/mnt/tidalfs-bdsz01/dataset/llm_dataset/plc_data/TransDF/results/meta_tune/Fredformer_ETTm1_720_0.2_0.8_0.0005_0.0005_0.1_TST_100_10_128_64_1.0_5.0_3_0.0_1_MAE_1_300_basis_pca_T_1_0_1
Fredformer,720,ETTm1,0.0005,0.0005,0.1,0.2,0.8,1.0,TST,100,10,128,64,500,1,0.0,3,5.0,MAE,1,basis,pca,T,1,0,0,0.4557498097419739,0.441379189491272,/mnt/tidalfs-bdsz01/dataset/llm_dataset/plc_data/TransDF/results/meta_tune/Fredformer_ETTm1_720_0.2_0.8_0.0005_0.0005_0.1_TST_100_10_128_64_1.0_5.0_3_0.0_1_MAE_1_500_basis_pca_T_1_0_0
Fredformer,720,ETTm1,0.0005,0.0005,0.1,0.2,0.8,1.0,TST,100,10,128,64,500,1,0.0,3,5.0,MAE,1,basis,pca,T,1,0,1,0.4576281011104584,0.44255560636520386,/mnt/tidalfs-bdsz01/dataset/llm_dataset/plc_data/TransDF/results/meta_tune/Fredformer_ETTm1_720_0.2_0.8_0.0005_0.0005_0.1_TST_100_10_128_64_1.0_5.0_3_0.0_1_MAE_1_500_basis_pca_T_1_0_1
Fredformer,720,ETTm1,0.0005,0.0005,0.1,0.2,0.8,1.0,TST,100,10,128,64,700,1,0.0,3,5.0,MAE,1,basis,pca,T,1,0,0,0.4551783800125122,0.4411279261112213,/mnt/tidalfs-bdsz01/dataset/llm_dataset/plc_data/TransDF/results/meta_tune/Fredformer_ETTm1_720_0.2_0.8_0.0005_0.0005_0.1_TST_100_10_128_64_1.0_5.0_3_0.0_1_MAE_1_700_basis_pca_T_1_0_0
Fredformer,720,ETTm1,0.0005,0.0005,0.1,0.2,0.8,1.0,TST,100,10,128,64,700,1,0.0,3,5.0,MAE,1,basis,pca,T,1,0,1,0.458134263753891,0.4428371489048004,/mnt/tidalfs-bdsz01/dataset/llm_dataset/plc_data/TransDF/results/meta_tune/Fredformer_ETTm1_720_0.2_0.8_0.0005_0.0005_0.1_TST_100_10_128_64_1.0_5.0_3_0.0_1_MAE_1_700_basis_pca_T_1_0_1
Fredformer,720,ETTm1,0.0002,0.0002,0.1,0.6,0.4,0.8,TST,100,10,128,64,300,1,0.0,3,5.0,MAE,1,basis,pca,T,1,0,0,0.45837467908859253,0.44302889704704285,/mnt/tidalfs-bdsz01/dataset/llm_dataset/plc_data/TransDF/results/meta_tune/Fredformer_ETTm1_720_0.6_0.4_0.0002_0.0002_0.1_TST_100_10_128_64_0.8_5.0_3_0.0_1_MAE_1_300_basis_pca_T_1_0_0
Fredformer,720,ETTm1,0.0002,0.0002,0.1,0.6,0.4,0.8,TST,100,10,128,64,300,1,0.0,3,5.0,MAE,1,basis,pca,T,1,0,1,0.457057386636734,0.44208455085754395,/mnt/tidalfs-bdsz01/dataset/llm_dataset/plc_data/TransDF/results/meta_tune/Fredformer_ETTm1_720_0.6_0.4_0.0002_0.0002_0.1_TST_100_10_128_64_0.8_5.0_3_0.0_1_MAE_1_300_basis_pca_T_1_0_1
Fredformer,720,ETTm1,0.0002,0.0002,0.1,0.6,0.4,0.8,TST,100,10,128,64,500,1,0.0,3,5.0,MAE,1,basis,pca,T,1,0,0,0.45760783553123474,0.44276225566864014,/mnt/tidalfs-bdsz01/dataset/llm_dataset/plc_data/TransDF/results/meta_tune/Fredformer_ETTm1_720_0.6_0.4_0.0002_0.0002_0.1_TST_100_10_128_64_0.8_5.0_3_0.0_1_MAE_1_500_basis_pca_T_1_0_0
Fredformer,720,ETTm1,0.0002,0.0002,0.1,0.6,0.4,0.8,TST,100,10,128,64,500,1,0.0,3,5.0,MAE,1,basis,pca,T,1,0,1,0.45632994174957275,0.4416526257991791,/mnt/tidalfs-bdsz01/dataset/llm_dataset/plc_data/TransDF/results/meta_tune/Fredformer_ETTm1_720_0.6_0.4_0.0002_0.0002_0.1_TST_100_10_128_64_0.8_5.0_3_0.0_1_MAE_1_500_basis_pca_T_1_0_1
Fredformer,720,ETTm1,0.0002,0.0002,0.1,0.6,0.4,0.8,TST,100,10,128,64,700,1,0.0,3,5.0,MAE,1,basis,pca,T,1,0,0,0.4572698771953583,0.44223305583000183,/mnt/tidalfs-bdsz01/dataset/llm_dataset/plc_data/TransDF/results/meta_tune/Fredformer_ETTm1_720_0.6_0.4_0.0002_0.0002_0.1_TST_100_10_128_64_0.8_5.0_3_0.0_1_MAE_1_700_basis_pca_T_1_0_0
Fredformer,720,ETTm1,0.0002,0.0002,0.1,0.6,0.4,0.8,TST,100,10,128,64,700,1,0.0,3,5.0,MAE,1,basis,pca,T,1,0,1,0.4564589858055115,0.44178786873817444,/mnt/tidalfs-bdsz01/dataset/llm_dataset/plc_data/TransDF/results/meta_tune/Fredformer_ETTm1_720_0.6_0.4_0.0002_0.0002_0.1_TST_100_10_128_64_0.8_5.0_3_0.0_1_MAE_1_700_basis_pca_T_1_0_1
Fredformer,720,ETTm1,0.0002,0.0002,0.1,0.6,0.4,1.0,TST,100,10,128,64,300,1,0.0,3,5.0,MAE,1,basis,pca,T,1,0,0,0.4553814232349396,0.4416734576225281,/mnt/tidalfs-bdsz01/dataset/llm_dataset/plc_data/TransDF/results/meta_tune/Fredformer_ETTm1_720_0.6_0.4_0.0002_0.0002_0.1_TST_100_10_128_64_1.0_5.0_3_0.0_1_MAE_1_300_basis_pca_T_1_0_0
Fredformer,720,ETTm1,0.0002,0.0002,0.1,0.6,0.4,1.0,TST,100,10,128,64,300,1,0.0,3,5.0,MAE,1,basis,pca,T,1,0,1,0.4536619484424591,0.4393974542617798,/mnt/tidalfs-bdsz01/dataset/llm_dataset/plc_data/TransDF/results/meta_tune/Fredformer_ETTm1_720_0.6_0.4_0.0002_0.0002_0.1_TST_100_10_128_64_1.0_5.0_3_0.0_1_MAE_1_300_basis_pca_T_1_0_1
Fredformer,720,ETTm1,0.0002,0.0002,0.1,0.6,0.4,1.0,TST,100,10,128,64,500,1,0.0,3,5.0,MAE,1,basis,pca,T,1,0,0,0.4553503692150116,0.44000282883644104,/mnt/tidalfs-bdsz01/dataset/llm_dataset/plc_data/TransDF/results/meta_tune/Fredformer_ETTm1_720_0.6_0.4_0.0002_0.0002_0.1_TST_100_10_128_64_1.0_5.0_3_0.0_1_MAE_1_500_basis_pca_T_1_0_0
Fredformer,720,ETTm1,0.0002,0.0002,0.1,0.6,0.4,1.0,TST,100,10,128,64,500,1,0.0,3,5.0,MAE,1,basis,pca,T,1,0,1,0.4535059332847595,0.439162015914917,/mnt/tidalfs-bdsz01/dataset/llm_dataset/plc_data/TransDF/results/meta_tune/Fredformer_ETTm1_720_0.6_0.4_0.0002_0.0002_0.1_TST_100_10_128_64_1.0_5.0_3_0.0_1_MAE_1_500_basis_pca_T_1_0_1
Fredformer,720,ETTm1,0.0002,0.0002,0.1,0.6,0.4,1.0,TST,100,10,128,64,700,1,0.0,3,5.0,MAE,1,basis,pca,T,1,0,0,0.45578333735466003,0.4403807520866394,/mnt/tidalfs-bdsz01/dataset/llm_dataset/plc_data/TransDF/results/meta_tune/Fredformer_ETTm1_720_0.6_0.4_0.0002_0.0002_0.1_TST_100_10_128_64_1.0_5.0_3_0.0_1_MAE_1_700_basis_pca_T_1_0_0
Fredformer,720,ETTm1,0.0002,0.0002,0.1,0.6,0.4,1.0,TST,100,10,128,64,700,1,0.0,3,5.0,MAE,1,basis,pca,T,1,0,1,0.4540286958217621,0.4396332800388336,/mnt/tidalfs-bdsz01/dataset/llm_dataset/plc_data/TransDF/results/meta_tune/Fredformer_ETTm1_720_0.6_0.4_0.0002_0.0002_0.1_TST_100_10_128_64_1.0_5.0_3_0.0_1_MAE_1_700_basis_pca_T_1_0_1
Fredformer,720,ETTm1,0.0005,0.0005,0.1,0.6,0.4,0.8,TST,100,10,128,64,300,1,0.0,3,5.0,MAE,1,basis,pca,T,1,0,0,0.4546266198158264,0.44023096561431885,/mnt/tidalfs-bdsz01/dataset/llm_dataset/plc_data/TransDF/results/meta_tune/Fredformer_ETTm1_720_0.6_0.4_0.0005_0.0005_0.1_TST_100_10_128_64_0.8_5.0_3_0.0_1_MAE_1_300_basis_pca_T_1_0_0
Fredformer,720,ETTm1,0.0005,0.0005,0.1,0.6,0.4,0.8,TST,100,10,128,64,300,1,0.0,3,5.0,MAE,1,basis,pca,T,1,0,1,0.4559122323989868,0.4404628872871399,/mnt/tidalfs-bdsz01/dataset/llm_dataset/plc_data/TransDF/results/meta_tune/Fredformer_ETTm1_720_0.6_0.4_0.0005_0.0005_0.1_TST_100_10_128_64_0.8_5.0_3_0.0_1_MAE_1_300_basis_pca_T_1_0_1
Fredformer,720,ETTm1,0.0005,0.0005,0.1,0.6,0.4,0.8,TST,100,10,128,64,500,1,0.0,3,5.0,MAE,1,basis,pca,T,1,0,0,0.4544927477836609,0.4402995705604553,/mnt/tidalfs-bdsz01/dataset/llm_dataset/plc_data/TransDF/results/meta_tune/Fredformer_ETTm1_720_0.6_0.4_0.0005_0.0005_0.1_TST_100_10_128_64_0.8_5.0_3_0.0_1_MAE_1_500_basis_pca_T_1_0_0
Fredformer,720,ETTm1,0.0005,0.0005,0.1,0.6,0.4,0.8,TST,100,10,128,64,500,1,0.0,3,5.0,MAE,1,basis,pca,T,1,0,1,0.45590561628341675,0.44067439436912537,/mnt/tidalfs-bdsz01/dataset/llm_dataset/plc_data/TransDF/results/meta_tune/Fredformer_ETTm1_720_0.6_0.4_0.0005_0.0005_0.1_TST_100_10_128_64_0.8_5.0_3_0.0_1_MAE_1_500_basis_pca_T_1_0_1
Fredformer,720,ETTm1,0.0005,0.0005,0.1,0.6,0.4,0.8,TST,100,10,128,64,700,1,0.0,3,5.0,MAE,1,basis,pca,T,1,0,0,0.4551214277744293,0.44041454792022705,/mnt/tidalfs-bdsz01/dataset/llm_dataset/plc_data/TransDF/results/meta_tune/Fredformer_ETTm1_720_0.6_0.4_0.0005_0.0005_0.1_TST_100_10_128_64_0.8_5.0_3_0.0_1_MAE_1_700_basis_pca_T_1_0_0
Fredformer,720,ETTm1,0.0005,0.0005,0.1,0.6,0.4,0.8,TST,100,10,128,64,700,1,0.0,3,5.0,MAE,1,basis,pca,T,1,0,1,0.4558469355106354,0.4404013454914093,/mnt/tidalfs-bdsz01/dataset/llm_dataset/plc_data/TransDF/results/meta_tune/Fredformer_ETTm1_720_0.6_0.4_0.0005_0.0005_0.1_TST_100_10_128_64_0.8_5.0_3_0.0_1_MAE_1_700_basis_pca_T_1_0_1
Fredformer,720,ETTm1,0.0005,0.0005,0.1,0.6,0.4,1.0,TST,100,10,128,64,300,1,0.0,3,5.0,MAE,1,basis,pca,T,1,0,0,0.4569907486438751,0.442452996969223,/mnt/tidalfs-bdsz01/dataset/llm_dataset/plc_data/TransDF/results/meta_tune/Fredformer_ETTm1_720_0.6_0.4_0.0005_0.0005_0.1_TST_100_10_128_64_1.0_5.0_3_0.0_1_MAE_1_300_basis_pca_T_1_0_0
Fredformer,720,ETTm1,0.0005,0.0005,0.1,0.6,0.4,1.0,TST,100,10,128,64,300,1,0.0,3,5.0,MAE,1,basis,pca,T,1,0,1,0.4602690637111664,0.4447309374809265,/mnt/tidalfs-bdsz01/dataset/llm_dataset/plc_data/TransDF/results/meta_tune/Fredformer_ETTm1_720_0.6_0.4_0.0005_0.0005_0.1_TST_100_10_128_64_1.0_5.0_3_0.0_1_MAE_1_300_basis_pca_T_1_0_1
Fredformer,720,ETTm1,0.0005,0.0005,0.1,0.6,0.4,1.0,TST,100,10,128,64,500,1,0.0,3,5.0,MAE,1,basis,pca,T,1,0,0,0.45726829767227173,0.44250866770744324,/mnt/tidalfs-bdsz01/dataset/llm_dataset/plc_data/TransDF/results/meta_tune/Fredformer_ETTm1_720_0.6_0.4_0.0005_0.0005_0.1_TST_100_10_128_64_1.0_5.0_3_0.0_1_MAE_1_500_basis_pca_T_1_0_0
Fredformer,720,ETTm1,0.0005,0.0005,0.1,0.6,0.4,1.0,TST,100,10,128,64,500,1,0.0,3,5.0,MAE,1,basis,pca,T,1,0,1,0.46024781465530396,0.4445304274559021,/mnt/tidalfs-bdsz01/dataset/llm_dataset/plc_data/TransDF/results/meta_tune/Fredformer_ETTm1_720_0.6_0.4_0.0005_0.0005_0.1_TST_100_10_128_64_1.0_5.0_3_0.0_1_MAE_1_500_basis_pca_T_1_0_1
Fredformer,720,ETTm1,0.0005,0.0005,0.1,0.6,0.4,1.0,TST,100,10,128,64,700,1,0.0,3,5.0,MAE,1,basis,pca,T,1,0,0,0.4565633237361908,0.44202181696891785,/mnt/tidalfs-bdsz01/dataset/llm_dataset/plc_data/TransDF/results/meta_tune/Fredformer_ETTm1_720_0.6_0.4_0.0005_0.0005_0.1_TST_100_10_128_64_1.0_5.0_3_0.0_1_MAE_1_700_basis_pca_T_1_0_0
Fredformer,720,ETTm1,0.0005,0.0005,0.1,0.6,0.4,1.0,TST,100,10,128,64,700,1,0.0,3,5.0,MAE,1,basis,pca,T,1,0,1,0.4594452381134033,0.4441872537136078,/mnt/tidalfs-bdsz01/dataset/llm_dataset/plc_data/TransDF/results/meta_tune/Fredformer_ETTm1_720_0.6_0.4_0.0005_0.0005_0.1_TST_100_10_128_64_1.0_5.0_3_0.0_1_MAE_1_700_basis_pca_T_1_0_1
Fredformer,96,ETTm2,5e-05,5e-05,0.2,0.0,1.0,0.9,TST,100,10,128,64,300,1,0.0,3,5.0,MAE,1,basis,pca,T,1,0,0,0.17231406271457672,0.25099143385887146,/mnt/tidalfs-bdsz01/dataset/llm_dataset/plc_data/TransDF/results/meta_tune/Fredformer_ETTm2_96_0.0_1.0_0.00005_0.00005_0.2_TST_100_10_128_64_0.9_5.0_3_0.0_1_MAE_1_300_basis_pca_T_1_0_0
Fredformer,96,ETTm2,5e-05,5e-05,0.2,0.0,1.0,0.9,TST,100,10,128,64,300,1,0.0,3,5.0,MAE,1,basis,pca,T,1,0,1,0.17444659769535065,0.25235286355018616,/mnt/tidalfs-bdsz01/dataset/llm_dataset/plc_data/TransDF/results/meta_tune/Fredformer_ETTm2_96_0.0_1.0_0.00005_0.00005_0.2_TST_100_10_128_64_0.9_5.0_3_0.0_1_MAE_1_300_basis_pca_T_1_0_1
Fredformer,96,ETTm2,5e-05,5e-05,0.2,0.0,1.0,0.9,TST,100,10,128,64,500,1,0.0,3,5.0,MAE,1,basis,pca,T,1,0,0,0.17233584821224213,0.25112196803092957,/mnt/tidalfs-bdsz01/dataset/llm_dataset/plc_data/TransDF/results/meta_tune/Fredformer_ETTm2_96_0.0_1.0_0.00005_0.00005_0.2_TST_100_10_128_64_0.9_5.0_3_0.0_1_MAE_1_500_basis_pca_T_1_0_0
Fredformer,96,ETTm2,5e-05,5e-05,0.2,0.0,1.0,0.9,TST,100,10,128,64,500,1,0.0,3,5.0,MAE,1,basis,pca,T,1,0,1,0.1743774265050888,0.25232890248298645,/mnt/tidalfs-bdsz01/dataset/llm_dataset/plc_data/TransDF/results/meta_tune/Fredformer_ETTm2_96_0.0_1.0_0.00005_0.00005_0.2_TST_100_10_128_64_0.9_5.0_3_0.0_1_MAE_1_500_basis_pca_T_1_0_1
Fredformer,96,ETTm2,5e-05,5e-05,0.2,0.0,1.0,0.9,TST,100,10,128,64,700,1,0.0,3,5.0,MAE,1,basis,pca,T,1,0,0,0.17235291004180908,0.25113072991371155,/mnt/tidalfs-bdsz01/dataset/llm_dataset/plc_data/TransDF/results/meta_tune/Fredformer_ETTm2_96_0.0_1.0_0.00005_0.00005_0.2_TST_100_10_128_64_0.9_5.0_3_0.0_1_MAE_1_700_basis_pca_T_1_0_0
Fredformer,96,ETTm2,5e-05,5e-05,0.2,0.0,1.0,0.9,TST,100,10,128,64,700,1,0.0,3,5.0,MAE,1,basis,pca,T,1,0,1,0.1743951290845871,0.2523552179336548,/mnt/tidalfs-bdsz01/dataset/llm_dataset/plc_data/TransDF/results/meta_tune/Fredformer_ETTm2_96_0.0_1.0_0.00005_0.00005_0.2_TST_100_10_128_64_0.9_5.0_3_0.0_1_MAE_1_700_basis_pca_T_1_0_1
Fredformer,96,ETTm2,5e-05,5e-05,0.2,0.0,1.0,1.0,TST,100,10,128,64,300,1,0.0,3,5.0,MAE,1,basis,pca,T,1,0,0,0.17494754493236542,0.2532871663570404,/mnt/tidalfs-bdsz01/dataset/llm_dataset/plc_data/TransDF/results/meta_tune/Fredformer_ETTm2_96_0.0_1.0_0.00005_0.00005_0.2_TST_100_10_128_64_1.0_5.0_3_0.0_1_MAE_1_300_basis_pca_T_1_0_0
Fredformer,96,ETTm2,5e-05,5e-05,0.2,0.0,1.0,1.0,TST,100,10,128,64,300,1,0.0,3,5.0,MAE,1,basis,pca,T,1,0,1,0.17323775589466095,0.25162845849990845,/mnt/tidalfs-bdsz01/dataset/llm_dataset/plc_data/TransDF/results/meta_tune/Fredformer_ETTm2_96_0.0_1.0_0.00005_0.00005_0.2_TST_100_10_128_64_1.0_5.0_3_0.0_1_MAE_1_300_basis_pca_T_1_0_1
Fredformer,96,ETTm2,5e-05,5e-05,0.2,0.0,1.0,1.0,TST,100,10,128,64,500,1,0.0,3,5.0,MAE,1,basis,pca,T,1,0,0,0.17499813437461853,0.253307044506073,/mnt/tidalfs-bdsz01/dataset/llm_dataset/plc_data/TransDF/results/meta_tune/Fredformer_ETTm2_96_0.0_1.0_0.00005_0.00005_0.2_TST_100_10_128_64_1.0_5.0_3_0.0_1_MAE_1_500_basis_pca_T_1_0_0
Fredformer,96,ETTm2,5e-05,5e-05,0.2,0.0,1.0,1.0,TST,100,10,128,64,500,1,0.0,3,5.0,MAE,1,basis,pca,T,1,0,1,0.17318961024284363,0.2516160011291504,/mnt/tidalfs-bdsz01/dataset/llm_dataset/plc_data/TransDF/results/meta_tune/Fredformer_ETTm2_96_0.0_1.0_0.00005_0.00005_0.2_TST_100_10_128_64_1.0_5.0_3_0.0_1_MAE_1_500_basis_pca_T_1_0_1
Fredformer,96,ETTm2,5e-05,5e-05,0.2,0.0,1.0,1.0,TST,100,10,128,64,700,1,0.0,3,5.0,MAE,1,basis,pca,T,1,0,0,0.17506149411201477,0.25332993268966675,/mnt/tidalfs-bdsz01/dataset/llm_dataset/plc_data/TransDF/results/meta_tune/Fredformer_ETTm2_96_0.0_1.0_0.00005_0.00005_0.2_TST_100_10_128_64_1.0_5.0_3_0.0_1_MAE_1_700_basis_pca_T_1_0_0
Fredformer,96,ETTm2,5e-05,5e-05,0.2,0.0,1.0,1.0,TST,100,10,128,64,700,1,0.0,3,5.0,MAE,1,basis,pca,T,1,0,1,0.17323005199432373,0.25161293148994446,/mnt/tidalfs-bdsz01/dataset/llm_dataset/plc_data/TransDF/results/meta_tune/Fredformer_ETTm2_96_0.0_1.0_0.00005_0.00005_0.2_TST_100_10_128_64_1.0_5.0_3_0.0_1_MAE_1_700_basis_pca_T_1_0_1
Fredformer,96,ETTm2,0.0005,0.0005,0.2,0.0,1.0,0.9,TST,100,10,128,64,300,1,0.0,3,5.0,MAE,1,basis,pca,T,1,0,0,0.1722213476896286,0.2514028549194336,/mnt/tidalfs-bdsz01/dataset/llm_dataset/plc_data/TransDF/results/meta_tune/Fredformer_ETTm2_96_0.0_1.0_0.0005_0.0005_0.2_TST_100_10_128_64_0.9_5.0_3_0.0_1_MAE_1_300_basis_pca_T_1_0_0
Fredformer,96,ETTm2,0.0005,0.0005,0.2,0.0,1.0,0.9,TST,100,10,128,64,300,1,0.0,3,5.0,MAE,1,basis,pca,T,1,0,1,0.17386038601398468,0.2524479627609253,/mnt/tidalfs-bdsz01/dataset/llm_dataset/plc_data/TransDF/results/meta_tune/Fredformer_ETTm2_96_0.0_1.0_0.0005_0.0005_0.2_TST_100_10_128_64_0.9_5.0_3_0.0_1_MAE_1_300_basis_pca_T_1_0_1
Fredformer,96,ETTm2,0.0005,0.0005,0.2,0.0,1.0,0.9,TST,100,10,128,64,500,1,0.0,3,5.0,MAE,1,basis,pca,T,1,0,0,0.17227041721343994,0.2514151334762573,/mnt/tidalfs-bdsz01/dataset/llm_dataset/plc_data/TransDF/results/meta_tune/Fredformer_ETTm2_96_0.0_1.0_0.0005_0.0005_0.2_TST_100_10_128_64_0.9_5.0_3_0.0_1_MAE_1_500_basis_pca_T_1_0_0
Fredformer,96,ETTm2,0.0005,0.0005,0.2,0.0,1.0,0.9,TST,100,10,128,64,500,1,0.0,3,5.0,MAE,1,basis,pca,T,1,0,1,0.17383338510990143,0.2524740993976593,/mnt/tidalfs-bdsz01/dataset/llm_dataset/plc_data/TransDF/results/meta_tune/Fredformer_ETTm2_96_0.0_1.0_0.0005_0.0005_0.2_TST_100_10_128_64_0.9_5.0_3_0.0_1_MAE_1_500_basis_pca_T_1_0_1
Fredformer,96,ETTm2,0.0005,0.0005,0.2,0.0,1.0,0.9,TST,100,10,128,64,700,1,0.0,3,5.0,MAE,1,basis,pca,T,1,0,0,0.1724703311920166,0.2516630291938782,/mnt/tidalfs-bdsz01/dataset/llm_dataset/plc_data/TransDF/results/meta_tune/Fredformer_ETTm2_96_0.0_1.0_0.0005_0.0005_0.2_TST_100_10_128_64_0.9_5.0_3_0.0_1_MAE_1_700_basis_pca_T_1_0_0
Fredformer,96,ETTm2,0.0005,0.0005,0.2,0.0,1.0,0.9,TST,100,10,128,64,700,1,0.0,3,5.0,MAE,1,basis,pca,T,1,0,1,0.17381735146045685,0.25246405601501465,/mnt/tidalfs-bdsz01/dataset/llm_dataset/plc_data/TransDF/results/meta_tune/Fredformer_ETTm2_96_0.0_1.0_0.0005_0.0005_0.2_TST_100_10_128_64_0.9_5.0_3_0.0_1_MAE_1_700_basis_pca_T_1_0_1
Fredformer,96,ETTm2,0.0005,0.0005,0.2,0.0,1.0,1.0,TST,100,10,128,64,300,1,0.0,3,5.0,MAE,1,basis,pca,T,1,0,0,0.17306557297706604,0.2521553635597229,/mnt/tidalfs-bdsz01/dataset/llm_dataset/plc_data/TransDF/results/meta_tune/Fredformer_ETTm2_96_0.0_1.0_0.0005_0.0005_0.2_TST_100_10_128_64_1.0_5.0_3_0.0_1_MAE_1_300_basis_pca_T_1_0_0
Fredformer,96,ETTm2,0.0005,0.0005,0.2,0.0,1.0,1.0,TST,100,10,128,64,300,1,0.0,3,5.0,MAE,1,basis,pca,T,1,0,1,0.17430537939071655,0.25280457735061646,/mnt/tidalfs-bdsz01/dataset/llm_dataset/plc_data/TransDF/results/meta_tune/Fredformer_ETTm2_96_0.0_1.0_0.0005_0.0005_0.2_TST_100_10_128_64_1.0_5.0_3_0.0_1_MAE_1_300_basis_pca_T_1_0_1
Fredformer,96,ETTm2,0.0005,0.0005,0.2,0.0,1.0,1.0,TST,100,10,128,64,500,1,0.0,3,5.0,MAE,1,basis,pca,T,1,0,0,0.17351625859737396,0.25245288014411926,/mnt/tidalfs-bdsz01/dataset/llm_dataset/plc_data/TransDF/results/meta_tune/Fredformer_ETTm2_96_0.0_1.0_0.0005_0.0005_0.2_TST_100_10_128_64_1.0_5.0_3_0.0_1_MAE_1_500_basis_pca_T_1_0_0
Fredformer,96,ETTm2,0.0005,0.0005,0.2,0.0,1.0,1.0,TST,100,10,128,64,500,1,0.0,3,5.0,MAE,1,basis,pca,T,1,0,1,0.17432695627212524,0.2528320252895355,/mnt/tidalfs-bdsz01/dataset/llm_dataset/plc_data/TransDF/results/meta_tune/Fredformer_ETTm2_96_0.0_1.0_0.0005_0.0005_0.2_TST_100_10_128_64_1.0_5.0_3_0.0_1_MAE_1_500_basis_pca_T_1_0_1
Fredformer,96,ETTm2,0.0005,0.0005,0.2,0.0,1.0,1.0,TST,100,10,128,64,700,1,0.0,3,5.0,MAE,1,basis,pca,T,1,0,0,0.17385108768939972,0.25267553329467773,/mnt/tidalfs-bdsz01/dataset/llm_dataset/plc_data/TransDF/results/meta_tune/Fredformer_ETTm2_96_0.0_1.0_0.0005_0.0005_0.2_TST_100_10_128_64_1.0_5.0_3_0.0_1_MAE_1_700_basis_pca_T_1_0_0
Fredformer,96,ETTm2,0.0005,0.0005,0.2,0.0,1.0,1.0,TST,100,10,128,64,700,1,0.0,3,5.0,MAE,1,basis,pca,T,1,0,1,0.17438633739948273,0.2529093325138092,/mnt/tidalfs-bdsz01/dataset/llm_dataset/plc_data/TransDF/results/meta_tune/Fredformer_ETTm2_96_0.0_1.0_0.0005_0.0005_0.2_TST_100_10_128_64_1.0_5.0_3_0.0_1_MAE_1_700_basis_pca_T_1_0_1
Fredformer,192,ETTm2,5e-05,5e-05,0.2,0.0,1.0,0.9,TST,100,10,128,64,300,1,0.0,3,5.0,MAE,1,basis,pca,T,1,0,0,0.23571518063545227,0.2938036024570465,/mnt/tidalfs-bdsz01/dataset/llm_dataset/plc_data/TransDF/results/meta_tune/Fredformer_ETTm2_192_0.0_1.0_0.00005_0.00005_0.2_TST_100_10_128_64_0.9_5.0_3_0.0_1_MAE_1_300_basis_pca_T_1_0_0
Fredformer,192,ETTm2,5e-05,5e-05,0.2,0.0,1.0,0.9,TST,100,10,128,64,300,1,0.0,3,5.0,MAE,1,basis,pca,T,1,0,1,0.23546229302883148,0.2940290570259094,/mnt/tidalfs-bdsz01/dataset/llm_dataset/plc_data/TransDF/results/meta_tune/Fredformer_ETTm2_192_0.0_1.0_0.00005_0.00005_0.2_TST_100_10_128_64_0.9_5.0_3_0.0_1_MAE_1_300_basis_pca_T_1_0_1
Fredformer,192,ETTm2,5e-05,5e-05,0.2,0.0,1.0,0.9,TST,100,10,128,64,500,1,0.0,3,5.0,MAE,1,basis,pca,T,1,0,0,0.23562851548194885,0.2935945391654968,/mnt/tidalfs-bdsz01/dataset/llm_dataset/plc_data/TransDF/results/meta_tune/Fredformer_ETTm2_192_0.0_1.0_0.00005_0.00005_0.2_TST_100_10_128_64_0.9_5.0_3_0.0_1_MAE_1_500_basis_pca_T_1_0_0
Fredformer,192,ETTm2,5e-05,5e-05,0.2,0.0,1.0,0.9,TST,100,10,128,64,500,1,0.0,3,5.0,MAE,1,basis,pca,T,1,0,1,0.23543119430541992,0.29389435052871704,/mnt/tidalfs-bdsz01/dataset/llm_dataset/plc_data/TransDF/results/meta_tune/Fredformer_ETTm2_192_0.0_1.0_0.00005_0.00005_0.2_TST_100_10_128_64_0.9_5.0_3_0.0_1_MAE_1_500_basis_pca_T_1_0_1
Fredformer,192,ETTm2,5e-05,5e-05,0.2,0.0,1.0,0.9,TST,100,10,128,64,700,1,0.0,3,5.0,MAE,1,basis,pca,T,1,0,0,0.2354944795370102,0.2936057150363922,/mnt/tidalfs-bdsz01/dataset/llm_dataset/plc_data/TransDF/results/meta_tune/Fredformer_ETTm2_192_0.0_1.0_0.00005_0.00005_0.2_TST_100_10_128_64_0.9_5.0_3_0.0_1_MAE_1_700_basis_pca_T_1_0_0
Fredformer,192,ETTm2,5e-05,5e-05,0.2,0.0,1.0,0.9,TST,100,10,128,64,700,1,0.0,3,5.0,MAE,1,basis,pca,T,1,0,1,0.2354670614004135,0.2940349876880646,/mnt/tidalfs-bdsz01/dataset/llm_dataset/plc_data/TransDF/results/meta_tune/Fredformer_ETTm2_192_0.0_1.0_0.00005_0.00005_0.2_TST_100_10_128_64_0.9_5.0_3_0.0_1_MAE_1_700_basis_pca_T_1_0_1
Fredformer,192,ETTm2,5e-05,5e-05,0.2,0.0,1.0,1.0,TST,100,10,128,64,300,1,0.0,3,5.0,MAE,1,basis,pca,T,1,0,0,0.23789840936660767,0.29522451758384705,/mnt/tidalfs-bdsz01/dataset/llm_dataset/plc_data/TransDF/results/meta_tune/Fredformer_ETTm2_192_0.0_1.0_0.00005_0.00005_0.2_TST_100_10_128_64_1.0_5.0_3_0.0_1_MAE_1_300_basis_pca_T_1_0_0
Fredformer,192,ETTm2,5e-05,5e-05,0.2,0.0,1.0,1.0,TST,100,10,128,64,300,1,0.0,3,5.0,MAE,1,basis,pca,T,1,0,1,0.23675279319286346,0.29438626766204834,/mnt/tidalfs-bdsz01/dataset/llm_dataset/plc_data/TransDF/results/meta_tune/Fredformer_ETTm2_192_0.0_1.0_0.00005_0.00005_0.2_TST_100_10_128_64_1.0_5.0_3_0.0_1_MAE_1_300_basis_pca_T_1_0_1
Fredformer,192,ETTm2,5e-05,5e-05,0.2,0.0,1.0,1.0,TST,100,10,128,64,500,1,0.0,3,5.0,MAE,1,basis,pca,T,1,0,0,0.23797398805618286,0.295190691947937,/mnt/tidalfs-bdsz01/dataset/llm_dataset/plc_data/TransDF/results/meta_tune/Fredformer_ETTm2_192_0.0_1.0_0.00005_0.00005_0.2_TST_100_10_128_64_1.0_5.0_3_0.0_1_MAE_1_500_basis_pca_T_1_0_0
Fredformer,192,ETTm2,5e-05,5e-05,0.2,0.0,1.0,1.0,TST,100,10,128,64,500,1,0.0,3,5.0,MAE,1,basis,pca,T,1,0,1,0.23668277263641357,0.2942962646484375,/mnt/tidalfs-bdsz01/dataset/llm_dataset/plc_data/TransDF/results/meta_tune/Fredformer_ETTm2_192_0.0_1.0_0.00005_0.00005_0.2_TST_100_10_128_64_1.0_5.0_3_0.0_1_MAE_1_500_basis_pca_T_1_0_1
Fredformer,192,ETTm2,5e-05,5e-05,0.2,0.0,1.0,1.0,TST,100,10,128,64,700,1,0.0,3,5.0,MAE,1,basis,pca,T,1,0,0,0.23798562586307526,0.2952613830566406,/mnt/tidalfs-bdsz01/dataset/llm_dataset/plc_data/TransDF/results/meta_tune/Fredformer_ETTm2_192_0.0_1.0_0.00005_0.00005_0.2_TST_100_10_128_64_1.0_5.0_3_0.0_1_MAE_1_700_basis_pca_T_1_0_0
Fredformer,192,ETTm2,5e-05,5e-05,0.2,0.0,1.0,1.0,TST,100,10,128,64,700,1,0.0,3,5.0,MAE,1,basis,pca,T,1,0,1,0.23662254214286804,0.2942742109298706,/mnt/tidalfs-bdsz01/dataset/llm_dataset/plc_data/TransDF/results/meta_tune/Fredformer_ETTm2_192_0.0_1.0_0.00005_0.00005_0.2_TST_100_10_128_64_1.0_5.0_3_0.0_1_MAE_1_700_basis_pca_T_1_0_1
Fredformer,192,ETTm2,0.0005,0.0005,0.2,0.0,1.0,0.9,TST,100,10,128,64,300,1,0.0,3,5.0,MAE,1,basis,pca,T,1,0,0,0.23778048157691956,0.29522085189819336,/mnt/tidalfs-bdsz01/dataset/llm_dataset/plc_data/TransDF/results/meta_tune/Fredformer_ETTm2_192_0.0_1.0_0.0005_0.0005_0.2_TST_100_10_128_64_0.9_5.0_3_0.0_1_MAE_1_300_basis_pca_T_1_0_0
Fredformer,192,ETTm2,0.0005,0.0005,0.2,0.0,1.0,0.9,TST,100,10,128,64,300,1,0.0,3,5.0,MAE,1,basis,pca,T,1,0,1,0.23908549547195435,0.2956713140010834,/mnt/tidalfs-bdsz01/dataset/llm_dataset/plc_data/TransDF/results/meta_tune/Fredformer_ETTm2_192_0.0_1.0_0.0005_0.0005_0.2_TST_100_10_128_64_0.9_5.0_3_0.0_1_MAE_1_300_basis_pca_T_1_0_1
Fredformer,192,ETTm2,0.0005,0.0005,0.2,0.0,1.0,0.9,TST,100,10,128,64,500,1,0.0,3,5.0,MAE,1,basis,pca,T,1,0,0,0.23806506395339966,0.2955009639263153,/mnt/tidalfs-bdsz01/dataset/llm_dataset/plc_data/TransDF/results/meta_tune/Fredformer_ETTm2_192_0.0_1.0_0.0005_0.0005_0.2_TST_100_10_128_64_0.9_5.0_3_0.0_1_MAE_1_500_basis_pca_T_1_0_0
Fredformer,192,ETTm2,0.0005,0.0005,0.2,0.0,1.0,0.9,TST,100,10,128,64,500,1,0.0,3,5.0,MAE,1,basis,pca,T,1,0,1,0.23910146951675415,0.29571542143821716,/mnt/tidalfs-bdsz01/dataset/llm_dataset/plc_data/TransDF/results/meta_tune/Fredformer_ETTm2_192_0.0_1.0_0.0005_0.0005_0.2_TST_100_10_128_64_0.9_5.0_3_0.0_1_MAE_1_500_basis_pca_T_1_0_1
Fredformer,192,ETTm2,0.0005,0.0005,0.2,0.0,1.0,0.9,TST,100,10,128,64,700,1,0.0,3,5.0,MAE,1,basis,pca,T,1,0,0,0.2384282946586609,0.29567328095436096,/mnt/tidalfs-bdsz01/dataset/llm_dataset/plc_data/TransDF/results/meta_tune/Fredformer_ETTm2_192_0.0_1.0_0.0005_0.0005_0.2_TST_100_10_128_64_0.9_5.0_3_0.0_1_MAE_1_700_basis_pca_T_1_0_0
Fredformer,192,ETTm2,0.0005,0.0005,0.2,0.0,1.0,0.9,TST,100,10,128,64,700,1,0.0,3,5.0,MAE,1,basis,pca,T,1,0,1,0.23912055790424347,0.2956467866897583,/mnt/tidalfs-bdsz01/dataset/llm_dataset/plc_data/TransDF/results/meta_tune/Fredformer_ETTm2_192_0.0_1.0_0.0005_0.0005_0.2_TST_100_10_128_64_0.9_5.0_3_0.0_1_MAE_1_700_basis_pca_T_1_0_1
Fredformer,192,ETTm2,0.0005,0.0005,0.2,0.0,1.0,1.0,TST,100,10,128,64,300,1,0.0,3,5.0,MAE,1,basis,pca,T,1,0,0,0.23701117932796478,0.29482293128967285,/mnt/tidalfs-bdsz01/dataset/llm_dataset/plc_data/TransDF/results/meta_tune/Fredformer_ETTm2_192_0.0_1.0_0.0005_0.0005_0.2_TST_100_10_128_64_1.0_5.0_3_0.0_1_MAE_1_300_basis_pca_T_1_0_0
Fredformer,192,ETTm2,0.0005,0.0005,0.2,0.0,1.0,1.0,TST,100,10,128,64,300,1,0.0,3,5.0,MAE,1,basis,pca,T,1,0,1,0.23532021045684814,0.29434141516685486,/mnt/tidalfs-bdsz01/dataset/llm_dataset/plc_data/TransDF/results/meta_tune/Fredformer_ETTm2_192_0.0_1.0_0.0005_0.0005_0.2_TST_100_10_128_64_1.0_5.0_3_0.0_1_MAE_1_300_basis_pca_T_1_0_1
Fredformer,192,ETTm2,0.0005,0.0005,0.2,0.0,1.0,1.0,TST,100,10,128,64,500,1,0.0,3,5.0,MAE,1,basis,pca,T,1,0,0,0.23672844469547272,0.294709175825119,/mnt/tidalfs-bdsz01/dataset/llm_dataset/plc_data/TransDF/results/meta_tune/Fredformer_ETTm2_192_0.0_1.0_0.0005_0.0005_0.2_TST_100_10_128_64_1.0_5.0_3_0.0_1_MAE_1_500_basis_pca_T_1_0_0
Fredformer,192,ETTm2,0.0005,0.0005,0.2,0.0,1.0,1.0,TST,100,10,128,64,500,1,0.0,3,5.0,MAE,1,basis,pca,T,1,0,1,0.23519892990589142,0.2941615879535675,/mnt/tidalfs-bdsz01/dataset/llm_dataset/plc_data/TransDF/results/meta_tune/Fredformer_ETTm2_192_0.0_1.0_0.0005_0.0005_0.2_TST_100_10_128_64_1.0_5.0_3_0.0_1_MAE_1_500_basis_pca_T_1_0_1
Fredformer,192,ETTm2,0.0005,0.0005,0.2,0.0,1.0,1.0,TST,100,10,128,64,700,1,0.0,3,5.0,MAE,1,basis,pca,T,1,0,0,0.2364846020936966,0.2947998642921448,/mnt/tidalfs-bdsz01/dataset/llm_dataset/plc_data/TransDF/results/meta_tune/Fredformer_ETTm2_192_0.0_1.0_0.0005_0.0005_0.2_TST_100_10_128_64_1.0_5.0_3_0.0_1_MAE_1_700_basis_pca_T_1_0_0
Fredformer,192,ETTm2,0.0005,0.0005,0.2,0.0,1.0,1.0,TST,100,10,128,64,700,1,0.0,3,5.0,MAE,1,basis,pca,T,1,0,1,0.23536835610866547,0.29435569047927856,/mnt/tidalfs-bdsz01/dataset/llm_dataset/plc_data/TransDF/results/meta_tune/Fredformer_ETTm2_192_0.0_1.0_0.0005_0.0005_0.2_TST_100_10_128_64_1.0_5.0_3_0.0_1_MAE_1_700_basis_pca_T_1_0_1
Fredformer,336,ETTm2,5e-05,5e-05,0.2,0.0,1.0,0.9,TST,100,10,128,64,300,1,0.0,3,5.0,MAE,1,basis,pca,T,1,0,0,0.2951003313064575,0.3342033624649048,/mnt/tidalfs-bdsz01/dataset/llm_dataset/plc_data/TransDF/results/meta_tune/Fredformer_ETTm2_336_0.0_1.0_0.00005_0.00005_0.2_TST_100_10_128_64_0.9_5.0_3_0.0_1_MAE_1_300_basis_pca_T_1_0_0
Fredformer,336,ETTm2,5e-05,5e-05,0.2,0.0,1.0,0.9,TST,100,10,128,64,300,1,0.0,3,5.0,MAE,1,basis,pca,T,1,0,1,0.2939007878303528,0.3327622711658478,/mnt/tidalfs-bdsz01/dataset/llm_dataset/plc_data/TransDF/results/meta_tune/Fredformer_ETTm2_336_0.0_1.0_0.00005_0.00005_0.2_TST_100_10_128_64_0.9_5.0_3_0.0_1_MAE_1_300_basis_pca_T_1_0_1
Fredformer,336,ETTm2,5e-05,5e-05,0.2,0.0,1.0,0.9,TST,100,10,128,64,500,1,0.0,3,5.0,MAE,1,basis,pca,T,1,0,0,0.29547765851020813,0.3345161974430084,/mnt/tidalfs-bdsz01/dataset/llm_dataset/plc_data/TransDF/results/meta_tune/Fredformer_ETTm2_336_0.0_1.0_0.00005_0.00005_0.2_TST_100_10_128_64_0.9_5.0_3_0.0_1_MAE_1_500_basis_pca_T_1_0_0
Fredformer,336,ETTm2,5e-05,5e-05,0.2,0.0,1.0,0.9,TST,100,10,128,64,500,1,0.0,3,5.0,MAE,1,basis,pca,T,1,0,1,0.2938140332698822,0.33263370394706726,/mnt/tidalfs-bdsz01/dataset/llm_dataset/plc_data/TransDF/results/meta_tune/Fredformer_ETTm2_336_0.0_1.0_0.00005_0.00005_0.2_TST_100_10_128_64_0.9_5.0_3_0.0_1_MAE_1_500_basis_pca_T_1_0_1
Fredformer,336,ETTm2,5e-05,5e-05,0.2,0.0,1.0,0.9,TST,100,10,128,64,700,1,0.0,3,5.0,MAE,1,basis,pca,T,1,0,0,0.29740822315216064,0.33364951610565186,/mnt/tidalfs-bdsz01/dataset/llm_dataset/plc_data/TransDF/results/meta_tune/Fredformer_ETTm2_336_0.0_1.0_0.00005_0.00005_0.2_TST_100_10_128_64_0.9_5.0_3_0.0_1_MAE_1_700_basis_pca_T_1_0_0
Fredformer,336,ETTm2,5e-05,5e-05,0.2,0.0,1.0,0.9,TST,100,10,128,64,700,1,0.0,3,5.0,MAE,1,basis,pca,T,1,0,1,0.2938975691795349,0.33277827501296997,/mnt/tidalfs-bdsz01/dataset/llm_dataset/plc_data/TransDF/results/meta_tune/Fredformer_ETTm2_336_0.0_1.0_0.00005_0.00005_0.2_TST_100_10_128_64_0.9_5.0_3_0.0_1_MAE_1_700_basis_pca_T_1_0_1
Fredformer,336,ETTm2,5e-05,5e-05,0.2,0.0,1.0,1.0,TST,100,10,128,64,300,1,0.0,3,5.0,MAE,1,basis,pca,T,1,0,0,0.2943768799304962,0.3333214223384857,/mnt/tidalfs-bdsz01/dataset/llm_dataset/plc_data/TransDF/results/meta_tune/Fredformer_ETTm2_336_0.0_1.0_0.00005_0.00005_0.2_TST_100_10_128_64_1.0_5.0_3_0.0_1_MAE_1_300_basis_pca_T_1_0_0
Fredformer,336,ETTm2,5e-05,5e-05,0.2,0.0,1.0,1.0,TST,100,10,128,64,300,1,0.0,3,5.0,MAE,1,basis,pca,T,1,0,1,0.29427197575569153,0.333827942609787,/mnt/tidalfs-bdsz01/dataset/llm_dataset/plc_data/TransDF/results/meta_tune/Fredformer_ETTm2_336_0.0_1.0_0.00005_0.00005_0.2_TST_100_10_128_64_1.0_5.0_3_0.0_1_MAE_1_300_basis_pca_T_1_0_1
Fredformer,336,ETTm2,5e-05,5e-05,0.2,0.0,1.0,1.0,TST,100,10,128,64,500,1,0.0,3,5.0,MAE,1,basis,pca,T,1,0,0,0.2941480576992035,0.33332040905952454,/mnt/tidalfs-bdsz01/dataset/llm_dataset/plc_data/TransDF/results/meta_tune/Fredformer_ETTm2_336_0.0_1.0_0.00005_0.00005_0.2_TST_100_10_128_64_1.0_5.0_3_0.0_1_MAE_1_500_basis_pca_T_1_0_0
Fredformer,336,ETTm2,5e-05,5e-05,0.2,0.0,1.0,1.0,TST,100,10,128,64,500,1,0.0,3,5.0,MAE,1,basis,pca,T,1,0,1,0.29377296566963196,0.3334067761898041,/mnt/tidalfs-bdsz01/dataset/llm_dataset/plc_data/TransDF/results/meta_tune/Fredformer_ETTm2_336_0.0_1.0_0.00005_0.00005_0.2_TST_100_10_128_64_1.0_5.0_3_0.0_1_MAE_1_500_basis_pca_T_1_0_1
Fredformer,336,ETTm2,5e-05,5e-05,0.2,0.0,1.0,1.0,TST,100,10,128,64,700,1,0.0,3,5.0,MAE,1,basis,pca,T,1,0,0,0.29410138726234436,0.33327075839042664,/mnt/tidalfs-bdsz01/dataset/llm_dataset/plc_data/TransDF/results/meta_tune/Fredformer_ETTm2_336_0.0_1.0_0.00005_0.00005_0.2_TST_100_10_128_64_1.0_5.0_3_0.0_1_MAE_1_700_basis_pca_T_1_0_0
Fredformer,336,ETTm2,5e-05,5e-05,0.2,0.0,1.0,1.0,TST,100,10,128,64,700,1,0.0,3,5.0,MAE,1,basis,pca,T,1,0,1,0.29417532682418823,0.3336770832538605,/mnt/tidalfs-bdsz01/dataset/llm_dataset/plc_data/TransDF/results/meta_tune/Fredformer_ETTm2_336_0.0_1.0_0.00005_0.00005_0.2_TST_100_10_128_64_1.0_5.0_3_0.0_1_MAE_1_700_basis_pca_T_1_0_1
Fredformer,336,ETTm2,0.0005,0.0005,0.2,0.0,1.0,0.9,TST,100,10,128,64,300,1,0.0,3,5.0,MAE,1,basis,pca,T,1,0,0,0.2936020493507385,0.3329579830169678,/mnt/tidalfs-bdsz01/dataset/llm_dataset/plc_data/TransDF/results/meta_tune/Fredformer_ETTm2_336_0.0_1.0_0.0005_0.0005_0.2_TST_100_10_128_64_0.9_5.0_3_0.0_1_MAE_1_300_basis_pca_T_1_0_0
Fredformer,336,ETTm2,0.0005,0.0005,0.2,0.0,1.0,0.9,TST,100,10,128,64,300,1,0.0,3,5.0,MAE,1,basis,pca,T,1,0,1,0.29211145639419556,0.33198070526123047,/mnt/tidalfs-bdsz01/dataset/llm_dataset/plc_data/TransDF/results/meta_tune/Fredformer_ETTm2_336_0.0_1.0_0.0005_0.0005_0.2_TST_100_10_128_64_0.9_5.0_3_0.0_1_MAE_1_300_basis_pca_T_1_0_1
Fredformer,336,ETTm2,0.0005,0.0005,0.2,0.0,1.0,0.9,TST,100,10,128,64,500,1,0.0,3,5.0,MAE,1,basis,pca,T,1,0,0,0.2940429151058197,0.3328741788864136,/mnt/tidalfs-bdsz01/dataset/llm_dataset/plc_data/TransDF/results/meta_tune/Fredformer_ETTm2_336_0.0_1.0_0.0005_0.0005_0.2_TST_100_10_128_64_0.9_5.0_3_0.0_1_MAE_1_500_basis_pca_T_1_0_0
Fredformer,336,ETTm2,0.0005,0.0005,0.2,0.0,1.0,0.9,TST,100,10,128,64,500,1,0.0,3,5.0,MAE,1,basis,pca,T,1,0,1,0.29221224784851074,0.3320641815662384,/mnt/tidalfs-bdsz01/dataset/llm_dataset/plc_data/TransDF/results/meta_tune/Fredformer_ETTm2_336_0.0_1.0_0.0005_0.0005_0.2_TST_100_10_128_64_0.9_5.0_3_0.0_1_MAE_1_500_basis_pca_T_1_0_1
Fredformer,336,ETTm2,0.0005,0.0005,0.2,0.0,1.0,0.9,TST,100,10,128,64,700,1,0.0,3,5.0,MAE,1,basis,pca,T,1,0,0,0.2960827946662903,0.335062175989151,/mnt/tidalfs-bdsz01/dataset/llm_dataset/plc_data/TransDF/results/meta_tune/Fredformer_ETTm2_336_0.0_1.0_0.0005_0.0005_0.2_TST_100_10_128_64_0.9_5.0_3_0.0_1_MAE_1_700_basis_pca_T_1_0_0
Fredformer,336,ETTm2,0.0005,0.0005,0.2,0.0,1.0,0.9,TST,100,10,128,64,700,1,0.0,3,5.0,MAE,1,basis,pca,T,1,0,1,0.29246434569358826,0.3322482705116272,/mnt/tidalfs-bdsz01/dataset/llm_dataset/plc_data/TransDF/results/meta_tune/Fredformer_ETTm2_336_0.0_1.0_0.0005_0.0005_0.2_TST_100_10_128_64_0.9_5.0_3_0.0_1_MAE_1_700_basis_pca_T_1_0_1
Fredformer,336,ETTm2,0.0005,0.0005,0.2,0.0,1.0,1.0,TST,100,10,128,64,300,1,0.0,3,5.0,MAE,1,basis,pca,T,1,0,0,0.29434633255004883,0.33361998200416565,/mnt/tidalfs-bdsz01/dataset/llm_dataset/plc_data/TransDF/results/meta_tune/Fredformer_ETTm2_336_0.0_1.0_0.0005_0.0005_0.2_TST_100_10_128_64_1.0_5.0_3_0.0_1_MAE_1_300_basis_pca_T_1_0_0
Fredformer,336,ETTm2,0.0005,0.0005,0.2,0.0,1.0,1.0,TST,100,10,128,64,300,1,0.0,3,5.0,MAE,1,basis,pca,T,1,0,1,0.29341378808021545,0.33272626996040344,/mnt/tidalfs-bdsz01/dataset/llm_dataset/plc_data/TransDF/results/meta_tune/Fredformer_ETTm2_336_0.0_1.0_0.0005_0.0005_0.2_TST_100_10_128_64_1.0_5.0_3_0.0_1_MAE_1_300_basis_pca_T_1_0_1
Fredformer,336,ETTm2,0.0005,0.0005,0.2,0.0,1.0,1.0,TST,100,10,128,64,500,1,0.0,3,5.0,MAE,1,basis,pca,T,1,0,0,0.2944915294647217,0.33374378085136414,/mnt/tidalfs-bdsz01/dataset/llm_dataset/plc_data/TransDF/results/meta_tune/Fredformer_ETTm2_336_0.0_1.0_0.0005_0.0005_0.2_TST_100_10_128_64_1.0_5.0_3_0.0_1_MAE_1_500_basis_pca_T_1_0_0
Fredformer,336,ETTm2,0.0005,0.0005,0.2,0.0,1.0,1.0,TST,100,10,128,64,500,1,0.0,3,5.0,MAE,1,basis,pca,T,1,0,1,0.29304569959640503,0.33238470554351807,/mnt/tidalfs-bdsz01/dataset/llm_dataset/plc_data/TransDF/results/meta_tune/Fredformer_ETTm2_336_0.0_1.0_0.0005_0.0005_0.2_TST_100_10_128_64_1.0_5.0_3_0.0_1_MAE_1_500_basis_pca_T_1_0_1
Fredformer,336,ETTm2,0.0005,0.0005,0.2,0.0,1.0,1.0,TST,100,10,128,64,700,1,0.0,3,5.0,MAE,1,basis,pca,T,1,0,0,0.2947711944580078,0.3336006700992584,/mnt/tidalfs-bdsz01/dataset/llm_dataset/plc_data/TransDF/results/meta_tune/Fredformer_ETTm2_336_0.0_1.0_0.0005_0.0005_0.2_TST_100_10_128_64_1.0_5.0_3_0.0_1_MAE_1_700_basis_pca_T_1_0_0
Fredformer,336,ETTm2,0.0005,0.0005,0.2,0.0,1.0,1.0,TST,100,10,128,64,700,1,0.0,3,5.0,MAE,1,basis,pca,T,1,0,1,0.2932400703430176,0.3324171304702759,/mnt/tidalfs-bdsz01/dataset/llm_dataset/plc_data/TransDF/results/meta_tune/Fredformer_ETTm2_336_0.0_1.0_0.0005_0.0005_0.2_TST_100_10_128_64_1.0_5.0_3_0.0_1_MAE_1_700_basis_pca_T_1_0_1
Fredformer,720,ETTm2,5e-05,5e-05,0.2,0.0,1.0,0.9,TST,100,10,128,64,300,1,0.0,3,5.0,MAE,1,basis,pca,T,1,0,0,0.3917308449745178,0.39162299036979675,/mnt/tidalfs-bdsz01/dataset/llm_dataset/plc_data/TransDF/results/meta_tune/Fredformer_ETTm2_720_0.0_1.0_0.00005_0.00005_0.2_TST_100_10_128_64_0.9_5.0_3_0.0_1_MAE_1_300_basis_pca_T_1_0_0
Fredformer,720,ETTm2,5e-05,5e-05,0.2,0.0,1.0,0.9,TST,100,10,128,64,300,1,0.0,3,5.0,MAE,1,basis,pca,T,1,0,1,0.3875548839569092,0.3900153636932373,/mnt/tidalfs-bdsz01/dataset/llm_dataset/plc_data/TransDF/results/meta_tune/Fredformer_ETTm2_720_0.0_1.0_0.00005_0.00005_0.2_TST_100_10_128_64_0.9_5.0_3_0.0_1_MAE_1_300_basis_pca_T_1_0_1
Fredformer,720,ETTm2,5e-05,5e-05,0.2,0.0,1.0,0.9,TST,100,10,128,64,500,1,0.0,3,5.0,MAE,1,basis,pca,T,1,0,0,0.3904733657836914,0.39135852456092834,/mnt/tidalfs-bdsz01/dataset/llm_dataset/plc_data/TransDF/results/meta_tune/Fredformer_ETTm2_720_0.0_1.0_0.00005_0.00005_0.2_TST_100_10_128_64_0.9_5.0_3_0.0_1_MAE_1_500_basis_pca_T_1_0_0
Fredformer,720,ETTm2,5e-05,5e-05,0.2,0.0,1.0,0.9,TST,100,10,128,64,500,1,0.0,3,5.0,MAE,1,basis,pca,T,1,0,1,0.38773027062416077,0.38996756076812744,/mnt/tidalfs-bdsz01/dataset/llm_dataset/plc_data/TransDF/results/meta_tune/Fredformer_ETTm2_720_0.0_1.0_0.00005_0.00005_0.2_TST_100_10_128_64_0.9_5.0_3_0.0_1_MAE_1_500_basis_pca_T_1_0_1
Fredformer,720,ETTm2,5e-05,5e-05,0.2,0.0,1.0,0.9,TST,100,10,128,64,700,1,0.0,3,5.0,MAE,1,basis,pca,T,1,0,0,0.39082223176956177,0.3911499083042145,/mnt/tidalfs-bdsz01/dataset/llm_dataset/plc_data/TransDF/results/meta_tune/Fredformer_ETTm2_720_0.0_1.0_0.00005_0.00005_0.2_TST_100_10_128_64_0.9_5.0_3_0.0_1_MAE_1_700_basis_pca_T_1_0_0
Fredformer,720,ETTm2,5e-05,5e-05,0.2,0.0,1.0,0.9,TST,100,10,128,64,700,1,0.0,3,5.0,MAE,1,basis,pca,T,1,0,1,0.3878747224807739,0.390165776014328,/mnt/tidalfs-bdsz01/dataset/llm_dataset/plc_data/TransDF/results/meta_tune/Fredformer_ETTm2_720_0.0_1.0_0.00005_0.00005_0.2_TST_100_10_128_64_0.9_5.0_3_0.0_1_MAE_1_700_basis_pca_T_1_0_1
Fredformer,720,ETTm2,5e-05,5e-05,0.2,0.0,1.0,1.0,TST,100,10,128,64,300,1,0.0,3,5.0,MAE,1,basis,pca,T,1,0,0,0.3882727026939392,0.38894304633140564,/mnt/tidalfs-bdsz01/dataset/llm_dataset/plc_data/TransDF/results/meta_tune/Fredformer_ETTm2_720_0.0_1.0_0.00005_0.00005_0.2_TST_100_10_128_64_1.0_5.0_3_0.0_1_MAE_1_300_basis_pca_T_1_0_0
Fredformer,720,ETTm2,5e-05,5e-05,0.2,0.0,1.0,1.0,TST,100,10,128,64,300,1,0.0,3,5.0,MAE,1,basis,pca,T,1,0,1,0.387861967086792,0.38939040899276733,/mnt/tidalfs-bdsz01/dataset/llm_dataset/plc_data/TransDF/results/meta_tune/Fredformer_ETTm2_720_0.0_1.0_0.00005_0.00005_0.2_TST_100_10_128_64_1.0_5.0_3_0.0_1_MAE_1_300_basis_pca_T_1_0_1
Fredformer,720,ETTm2,5e-05,5e-05,0.2,0.0,1.0,1.0,TST,100,10,128,64,500,1,0.0,3,5.0,MAE,1,basis,pca,T,1,0,0,0.38853660225868225,0.3889899253845215,/mnt/tidalfs-bdsz01/dataset/llm_dataset/plc_data/TransDF/results/meta_tune/Fredformer_ETTm2_720_0.0_1.0_0.00005_0.00005_0.2_TST_100_10_128_64_1.0_5.0_3_0.0_1_MAE_1_500_basis_pca_T_1_0_0
Fredformer,720,ETTm2,5e-05,5e-05,0.2,0.0,1.0,1.0,TST,100,10,128,64,500,1,0.0,3,5.0,MAE,1,basis,pca,T,1,0,1,0.38817262649536133,0.38961338996887207,/mnt/tidalfs-bdsz01/dataset/llm_dataset/plc_data/TransDF/results/meta_tune/Fredformer_ETTm2_720_0.0_1.0_0.00005_0.00005_0.2_TST_100_10_128_64_1.0_5.0_3_0.0_1_MAE_1_500_basis_pca_T_1_0_1
Fredformer,720,ETTm2,5e-05,5e-05,0.2,0.0,1.0,1.0,TST,100,10,128,64,700,1,0.0,3,5.0,MAE,1,basis,pca,T,1,0,0,0.3884400427341461,0.3888649344444275,/mnt/tidalfs-bdsz01/dataset/llm_dataset/plc_data/TransDF/results/meta_tune/Fredformer_ETTm2_720_0.0_1.0_0.00005_0.00005_0.2_TST_100_10_128_64_1.0_5.0_3_0.0_1_MAE_1_700_basis_pca_T_1_0_0
Fredformer,720,ETTm2,5e-05,5e-05,0.2,0.0,1.0,1.0,TST,100,10,128,64,700,1,0.0,3,5.0,MAE,1,basis,pca,T,1,0,1,0.38794466853141785,0.38963425159454346,/mnt/tidalfs-bdsz01/dataset/llm_dataset/plc_data/TransDF/results/meta_tune/Fredformer_ETTm2_720_0.0_1.0_0.00005_0.00005_0.2_TST_100_10_128_64_1.0_5.0_3_0.0_1_MAE_1_700_basis_pca_T_1_0_1
Fredformer,720,ETTm2,0.0005,0.0005,0.2,0.0,1.0,0.9,TST,100,10,128,64,300,1,0.0,3,5.0,MAE,1,basis,pca,T,1,0,0,0.39339756965637207,0.3893791437149048,/mnt/tidalfs-bdsz01/dataset/llm_dataset/plc_data/TransDF/results/meta_tune/Fredformer_ETTm2_720_0.0_1.0_0.0005_0.0005_0.2_TST_100_10_128_64_0.9_5.0_3_0.0_1_MAE_1_300_basis_pca_T_1_0_0
Fredformer,720,ETTm2,0.0005,0.0005,0.2,0.0,1.0,0.9,TST,100,10,128,64,300,1,0.0,3,5.0,MAE,1,basis,pca,T,1,0,1,0.3883395791053772,0.38883525133132935,/mnt/tidalfs-bdsz01/dataset/llm_dataset/plc_data/TransDF/results/meta_tune/Fredformer_ETTm2_720_0.0_1.0_0.0005_0.0005_0.2_TST_100_10_128_64_0.9_5.0_3_0.0_1_MAE_1_300_basis_pca_T_1_0_1
Fredformer,720,ETTm2,0.0005,0.0005,0.2,0.0,1.0,0.9,TST,100,10,128,64,500,1,0.0,3,5.0,MAE,1,basis,pca,T,1,0,0,0.3944598138332367,0.38973069190979004,/mnt/tidalfs-bdsz01/dataset/llm_dataset/plc_data/TransDF/results/meta_tune/Fredformer_ETTm2_720_0.0_1.0_0.0005_0.0005_0.2_TST_100_10_128_64_0.9_5.0_3_0.0_1_MAE_1_500_basis_pca_T_1_0_0
Fredformer,720,ETTm2,0.0005,0.0005,0.2,0.0,1.0,0.9,TST,100,10,128,64,500,1,0.0,3,5.0,MAE,1,basis,pca,T,1,0,1,0.3881724178791046,0.3886907994747162,/mnt/tidalfs-bdsz01/dataset/llm_dataset/plc_data/TransDF/results/meta_tune/Fredformer_ETTm2_720_0.0_1.0_0.0005_0.0005_0.2_TST_100_10_128_64_0.9_5.0_3_0.0_1_MAE_1_500_basis_pca_T_1_0_1
Fredformer,720,ETTm2,0.0005,0.0005,0.2,0.0,1.0,0.9,TST,100,10,128,64,700,1,0.0,3,5.0,MAE,1,basis,pca,T,1,0,0,0.395332396030426,0.3899822235107422,/mnt/tidalfs-bdsz01/dataset/llm_dataset/plc_data/TransDF/results/meta_tune/Fredformer_ETTm2_720_0.0_1.0_0.0005_0.0005_0.2_TST_100_10_128_64_0.9_5.0_3_0.0_1_MAE_1_700_basis_pca_T_1_0_0
Fredformer,720,ETTm2,0.0005,0.0005,0.2,0.0,1.0,0.9,TST,100,10,128,64,700,1,0.0,3,5.0,MAE,1,basis,pca,T,1,0,1,0.38858601450920105,0.3889516294002533,/mnt/tidalfs-bdsz01/dataset/llm_dataset/plc_data/TransDF/results/meta_tune/Fredformer_ETTm2_720_0.0_1.0_0.0005_0.0005_0.2_TST_100_10_128_64_0.9_5.0_3_0.0_1_MAE_1_700_basis_pca_T_1_0_1
Fredformer,720,ETTm2,0.0005,0.0005,0.2,0.0,1.0,1.0,TST,100,10,128,64,300,1,0.0,3,5.0,MAE,1,basis,pca,T,1,0,0,0.39053037762641907,0.38865330815315247,/mnt/tidalfs-bdsz01/dataset/llm_dataset/plc_data/TransDF/results/meta_tune/Fredformer_ETTm2_720_0.0_1.0_0.0005_0.0005_0.2_TST_100_10_128_64_1.0_5.0_3_0.0_1_MAE_1_300_basis_pca_T_1_0_0
Fredformer,720,ETTm2,0.0005,0.0005,0.2,0.0,1.0,1.0,TST,100,10,128,64,300,1,0.0,3,5.0,MAE,1,basis,pca,T,1,0,1,0.39921990036964417,0.39157217741012573,/mnt/tidalfs-bdsz01/dataset/llm_dataset/plc_data/TransDF/results/meta_tune/Fredformer_ETTm2_720_0.0_1.0_0.0005_0.0005_0.2_TST_100_10_128_64_1.0_5.0_3_0.0_1_MAE_1_300_basis_pca_T_1_0_1
Fredformer,720,ETTm2,0.0005,0.0005,0.2,0.0,1.0,1.0,TST,100,10,128,64,500,1,0.0,3,5.0,MAE,1,basis,pca,T,1,0,0,0.39168205857276917,0.3888418674468994,/mnt/tidalfs-bdsz01/dataset/llm_dataset/plc_data/TransDF/results/meta_tune/Fredformer_ETTm2_720_0.0_1.0_0.0005_0.0005_0.2_TST_100_10_128_64_1.0_5.0_3_0.0_1_MAE_1_500_basis_pca_T_1_0_0
Fredformer,720,ETTm2,0.0005,0.0005,0.2,0.0,1.0,1.0,TST,100,10,128,64,500,1,0.0,3,5.0,MAE,1,basis,pca,T,1,0,1,0.3955666124820709,0.39015886187553406,/mnt/tidalfs-bdsz01/dataset/llm_dataset/plc_data/TransDF/results/meta_tune/Fredformer_ETTm2_720_0.0_1.0_0.0005_0.0005_0.2_TST_100_10_128_64_1.0_5.0_3_0.0_1_MAE_1_500_basis_pca_T_1_0_1
Fredformer,720,ETTm2,0.0005,0.0005,0.2,0.0,1.0,1.0,TST,100,10,128,64,700,1,0.0,3,5.0,MAE,1,basis,pca,T,1,0,0,0.39255598187446594,0.389024943113327,/mnt/tidalfs-bdsz01/dataset/llm_dataset/plc_data/TransDF/results/meta_tune/Fredformer_ETTm2_720_0.0_1.0_0.0005_0.0005_0.2_TST_100_10_128_64_1.0_5.0_3_0.0_1_MAE_1_700_basis_pca_T_1_0_0
Fredformer,720,ETTm2,0.0005,0.0005,0.2,0.0,1.0,1.0,TST,100,10,128,64,700,1,0.0,3,5.0,MAE,1,basis,pca,T,1,0,1,0.3954925537109375,0.3901188373565674,/mnt/tidalfs-bdsz01/dataset/llm_dataset/plc_data/TransDF/results/meta_tune/Fredformer_ETTm2_720_0.0_1.0_0.0005_0.0005_0.2_TST_100_10_128_64_1.0_5.0_3_0.0_1_MAE_1_700_basis_pca_T_1_0_1
Fredformer,96,PEMS03,0.0005,0.0005,0.05,0.0,1.0,0.2,TST,100,5,32,64,300,1,0.0,3,5.0,MAE,1,basis,pca,T,1,0,0,0.4718828797340393,0.5156309604644775,/mnt/tidalfs-bdsz01/dataset/llm_dataset/plc_data/TransDF/results/meta_tune/Fredformer_PEMS03_96_0.0_1.0_0.0005_0.0005_0.05_TST_100_5_32_64_0.2_5.0_3_0.0_1_MAE_1_300_basis_pca_T_1_0_0
Fredformer,96,PEMS03,0.0005,0.0005,0.05,0.0,1.0,0.2,TST,100,5,32,64,300,1,0.0,3,5.0,MAE,1,basis,pca,T,1,0,1,0.3676718771457672,0.43708914518356323,/mnt/tidalfs-bdsz01/dataset/llm_dataset/plc_data/TransDF/results/meta_tune/Fredformer_PEMS03_96_0.0_1.0_0.0005_0.0005_0.05_TST_100_5_32_64_0.2_5.0_3_0.0_1_MAE_1_300_basis_pca_T_1_0_1
Fredformer,96,PEMS03,0.0005,0.0005,0.05,0.0,1.0,0.2,TST,100,5,32,64,500,1,0.0,3,5.0,MAE,1,basis,pca,T,1,0,0,0.4959799349308014,0.5335678458213806,/mnt/tidalfs-bdsz01/dataset/llm_dataset/plc_data/TransDF/results/meta_tune/Fredformer_PEMS03_96_0.0_1.0_0.0005_0.0005_0.05_TST_100_5_32_64_0.2_5.0_3_0.0_1_MAE_1_500_basis_pca_T_1_0_0
Fredformer,96,PEMS03,0.0005,0.0005,0.05,0.0,1.0,0.2,TST,100,5,32,64,500,1,0.0,3,5.0,MAE,1,basis,pca,T,1,0,1,0.3424455225467682,0.42082297801971436,/mnt/tidalfs-bdsz01/dataset/llm_dataset/plc_data/TransDF/results/meta_tune/Fredformer_PEMS03_96_0.0_1.0_0.0005_0.0005_0.05_TST_100_5_32_64_0.2_5.0_3_0.0_1_MAE_1_500_basis_pca_T_1_0_1
Fredformer,96,PEMS03,0.0005,0.0005,0.05,0.0,1.0,0.2,TST,100,5,32,64,700,1,0.0,3,5.0,MAE,1,basis,pca,T,1,0,0,0.5125604271888733,0.5432160496711731,/mnt/tidalfs-bdsz01/dataset/llm_dataset/plc_data/TransDF/results/meta_tune/Fredformer_PEMS03_96_0.0_1.0_0.0005_0.0005_0.05_TST_100_5_32_64_0.2_5.0_3_0.0_1_MAE_1_700_basis_pca_T_1_0_0
Fredformer,96,PEMS03,0.0005,0.0005,0.05,0.0,1.0,0.2,TST,100,5,32,64,700,1,0.0,3,5.0,MAE,1,basis,pca,T,1,0,1,0.3757169842720032,0.4424721300601959,/mnt/tidalfs-bdsz01/dataset/llm_dataset/plc_data/TransDF/results/meta_tune/Fredformer_PEMS03_96_0.0_1.0_0.0005_0.0005_0.05_TST_100_5_32_64_0.2_5.0_3_0.0_1_MAE_1_700_basis_pca_T_1_0_1
Fredformer,96,PEMS03,0.0005,0.0005,0.05,0.0,1.0,0.6,TST,100,5,32,64,300,1,0.0,3,5.0,MAE,1,basis,pca,T,1,0,0,0.40910178422927856,0.46887046098709106,/mnt/tidalfs-bdsz01/dataset/llm_dataset/plc_data/TransDF/results/meta_tune/Fredformer_PEMS03_96_0.0_1.0_0.0005_0.0005_0.05_TST_100_5_32_64_0.6_5.0_3_0.0_1_MAE_1_300_basis_pca_T_1_0_0
Fredformer,96,PEMS03,0.0005,0.0005,0.05,0.0,1.0,0.6,TST,100,5,32,64,300,1,0.0,3,5.0,MAE,1,basis,pca,T,1,0,1,0.3421136736869812,0.41720443964004517,/mnt/tidalfs-bdsz01/dataset/llm_dataset/plc_data/TransDF/results/meta_tune/Fredformer_PEMS03_96_0.0_1.0_0.0005_0.0005_0.05_TST_100_5_32_64_0.6_5.0_3_0.0_1_MAE_1_300_basis_pca_T_1_0_1
Fredformer,96,PEMS03,0.0005,0.0005,0.05,0.0,1.0,0.6,TST,100,5,32,64,500,1,0.0,3,5.0,MAE,1,basis,pca,T,1,0,0,0.43574631214141846,0.4863503873348236,/mnt/tidalfs-bdsz01/dataset/llm_dataset/plc_data/TransDF/results/meta_tune/Fredformer_PEMS03_96_0.0_1.0_0.0005_0.0005_0.05_TST_100_5_32_64_0.6_5.0_3_0.0_1_MAE_1_500_basis_pca_T_1_0_0
Fredformer,96,PEMS03,0.0005,0.0005,0.05,0.0,1.0,0.6,TST,100,5,32,64,500,1,0.0,3,5.0,MAE,1,basis,pca,T,1,0,1,0.37069907784461975,0.43702349066734314,/mnt/tidalfs-bdsz01/dataset/llm_dataset/plc_data/TransDF/results/meta_tune/Fredformer_PEMS03_96_0.0_1.0_0.0005_0.0005_0.05_TST_100_5_32_64_0.6_5.0_3_0.0_1_MAE_1_500_basis_pca_T_1_0_1
Fredformer,96,PEMS03,0.0005,0.0005,0.05,0.0,1.0,0.6,TST,100,5,32,64,700,1,0.0,3,5.0,MAE,1,basis,pca,T,1,0,0,0.44101482629776,0.4924358129501343,/mnt/tidalfs-bdsz01/dataset/llm_dataset/plc_data/TransDF/results/meta_tune/Fredformer_PEMS03_96_0.0_1.0_0.0005_0.0005_0.05_TST_100_5_32_64_0.6_5.0_3_0.0_1_MAE_1_700_basis_pca_T_1_0_0
Fredformer,96,PEMS03,0.0005,0.0005,0.05,0.0,1.0,0.6,TST,100,5,32,64,700,1,0.0,3,5.0,MAE,1,basis,pca,T,1,0,1,0.3668424189090729,0.4351702928543091,/mnt/tidalfs-bdsz01/dataset/llm_dataset/plc_data/TransDF/results/meta_tune/Fredformer_PEMS03_96_0.0_1.0_0.0005_0.0005_0.05_TST_100_5_32_64_0.6_5.0_3_0.0_1_MAE_1_700_basis_pca_T_1_0_1
Fredformer,96,PEMS03,0.01,0.01,0.05,0.0,1.0,0.2,TST,100,5,32,64,300,1,0.0,3,5.0,MAE,1,basis,pca,T,1,0,0,1.9780240058898926,1.2170740365982056,/mnt/tidalfs-bdsz01/dataset/llm_dataset/plc_data/TransDF/results/meta_tune/Fredformer_PEMS03_96_0.0_1.0_0.01_0.01_0.05_TST_100_5_32_64_0.2_5.0_3_0.0_1_MAE_1_300_basis_pca_T_1_0_0
Fredformer,96,PEMS03,0.01,0.01,0.05,0.0,1.0,0.2,TST,100,5,32,64,300,1,0.0,3,5.0,MAE,1,basis,pca,T,1,0,1,0.6031543612480164,0.5820630788803101,/mnt/tidalfs-bdsz01/dataset/llm_dataset/plc_data/TransDF/results/meta_tune/Fredformer_PEMS03_96_0.0_1.0_0.01_0.01_0.05_TST_100_5_32_64_0.2_5.0_3_0.0_1_MAE_1_300_basis_pca_T_1_0_1
Fredformer,96,PEMS03,0.01,0.01,0.05,0.0,1.0,0.2,TST,100,5,32,64,500,1,0.0,3,5.0,MAE,1,basis,pca,T,1,0,0,1.9777518510818481,1.2167117595672607,/mnt/tidalfs-bdsz01/dataset/llm_dataset/plc_data/TransDF/results/meta_tune/Fredformer_PEMS03_96_0.0_1.0_0.01_0.01_0.05_TST_100_5_32_64_0.2_5.0_3_0.0_1_MAE_1_500_basis_pca_T_1_0_0
Fredformer,96,PEMS03,0.01,0.01,0.05,0.0,1.0,0.2,TST,100,5,32,64,500,1,0.0,3,5.0,MAE,1,basis,pca,T,1,0,1,1.8709726333618164,1.1795275211334229,/mnt/tidalfs-bdsz01/dataset/llm_dataset/plc_data/TransDF/results/meta_tune/Fredformer_PEMS03_96_0.0_1.0_0.01_0.01_0.05_TST_100_5_32_64_0.2_5.0_3_0.0_1_MAE_1_500_basis_pca_T_1_0_1
Fredformer,96,PEMS03,0.01,0.01,0.05,0.0,1.0,0.2,TST,100,5,32,64,700,1,0.0,3,5.0,MAE,1,basis,pca,T,1,0,0,1.9779407978057861,1.217092752456665,/mnt/tidalfs-bdsz01/dataset/llm_dataset/plc_data/TransDF/results/meta_tune/Fredformer_PEMS03_96_0.0_1.0_0.01_0.01_0.05_TST_100_5_32_64_0.2_5.0_3_0.0_1_MAE_1_700_basis_pca_T_1_0_0
Fredformer,96,PEMS03,0.01,0.01,0.05,0.0,1.0,0.2,TST,100,5,32,64,700,1,0.0,3,5.0,MAE,1,basis,pca,T,1,0,1,1.9271966218948364,1.20045006275177,/mnt/tidalfs-bdsz01/dataset/llm_dataset/plc_data/TransDF/results/meta_tune/Fredformer_PEMS03_96_0.0_1.0_0.01_0.01_0.05_TST_100_5_32_64_0.2_5.0_3_0.0_1_MAE_1_700_basis_pca_T_1_0_1
Fredformer,96,PEMS03,0.01,0.01,0.05,0.0,1.0,0.6,TST,100,5,32,64,300,1,0.0,3,5.0,MAE,1,basis,pca,T,1,0,0,1.9774824380874634,1.2172268629074097,/mnt/tidalfs-bdsz01/dataset/llm_dataset/plc_data/TransDF/results/meta_tune/Fredformer_PEMS03_96_0.0_1.0_0.01_0.01_0.05_TST_100_5_32_64_0.6_5.0_3_0.0_1_MAE_1_300_basis_pca_T_1_0_0
Fredformer,96,PEMS03,0.01,0.01,0.05,0.0,1.0,0.6,TST,100,5,32,64,300,1,0.0,3,5.0,MAE,1,basis,pca,T,1,0,1,0.34655675292015076,0.41811424493789673,/mnt/tidalfs-bdsz01/dataset/llm_dataset/plc_data/TransDF/results/meta_tune/Fredformer_PEMS03_96_0.0_1.0_0.01_0.01_0.05_TST_100_5_32_64_0.6_5.0_3_0.0_1_MAE_1_300_basis_pca_T_1_0_1
Fredformer,96,PEMS03,0.01,0.01,0.05,0.0,1.0,0.6,TST,100,5,32,64,500,1,0.0,3,5.0,MAE,1,basis,pca,T,1,0,0,1.977495789527893,1.2172276973724365,/mnt/tidalfs-bdsz01/dataset/llm_dataset/plc_data/TransDF/results/meta_tune/Fredformer_PEMS03_96_0.0_1.0_0.01_0.01_0.05_TST_100_5_32_64_0.6_5.0_3_0.0_1_MAE_1_500_basis_pca_T_1_0_0
Fredformer,96,PEMS03,0.01,0.01,0.05,0.0,1.0,0.6,TST,100,5,32,64,500,1,0.0,3,5.0,MAE,1,basis,pca,T,1,0,1,0.39363935589790344,0.4655839502811432,/mnt/tidalfs-bdsz01/dataset/llm_dataset/plc_data/TransDF/results/meta_tune/Fredformer_PEMS03_96_0.0_1.0_0.01_0.01_0.05_TST_100_5_32_64_0.6_5.0_3_0.0_1_MAE_1_500_basis_pca_T_1_0_1
Fredformer,96,PEMS03,0.01,0.01,0.05,0.0,1.0,0.6,TST,100,5,32,64,700,1,0.0,3,5.0,MAE,1,basis,pca,T,1,0,0,1.9773876667022705,1.2171940803527832,/mnt/tidalfs-bdsz01/dataset/llm_dataset/plc_data/TransDF/results/meta_tune/Fredformer_PEMS03_96_0.0_1.0_0.01_0.01_0.05_TST_100_5_32_64_0.6_5.0_3_0.0_1_MAE_1_700_basis_pca_T_1_0_0
Fredformer,96,PEMS03,0.01,0.01,0.05,0.0,1.0,0.6,TST,100,5,32,64,700,1,0.0,3,5.0,MAE,1,basis,pca,T,1,0,1,0.41510698199272156,0.47933295369148254,/mnt/tidalfs-bdsz01/dataset/llm_dataset/plc_data/TransDF/results/meta_tune/Fredformer_PEMS03_96_0.0_1.0_0.01_0.01_0.05_TST_100_5_32_64_0.6_5.0_3_0.0_1_MAE_1_700_basis_pca_T_1_0_1
Fredformer,96,PEMS03,0.0005,0.0005,0.05,0.4,0.6,0.2,TST,100,5,32,64,300,1,0.0,3,5.0,MAE,1,basis,pca,T,1,0,0,0.4099355936050415,0.4679833650588989,/mnt/tidalfs-bdsz01/dataset/llm_dataset/plc_data/TransDF/results/meta_tune/Fredformer_PEMS03_96_0.4_0.6_0.0005_0.0005_0.05_TST_100_5_32_64_0.2_5.0_3_0.0_1_MAE_1_300_basis_pca_T_1_0_0
Fredformer,96,PEMS03,0.0005,0.0005,0.05,0.4,0.6,0.2,TST,100,5,32,64,300,1,0.0,3,5.0,MAE,1,basis,pca,T,1,0,1,0.43327596783638,0.48053038120269775,/mnt/tidalfs-bdsz01/dataset/llm_dataset/plc_data/TransDF/results/meta_tune/Fredformer_PEMS03_96_0.4_0.6_0.0005_0.0005_0.05_TST_100_5_32_64_0.2_5.0_3_0.0_1_MAE_1_300_basis_pca_T_1_0_1
Fredformer,96,PEMS03,0.0005,0.0005,0.05,0.4,0.6,0.2,TST,100,5,32,64,500,1,0.0,3,5.0,MAE,1,basis,pca,T,1,0,0,0.3993021249771118,0.4568784832954407,/mnt/tidalfs-bdsz01/dataset/llm_dataset/plc_data/TransDF/results/meta_tune/Fredformer_PEMS03_96_0.4_0.6_0.0005_0.0005_0.05_TST_100_5_32_64_0.2_5.0_3_0.0_1_MAE_1_500_basis_pca_T_1_0_0
Fredformer,96,PEMS03,0.0005,0.0005,0.05,0.4,0.6,0.2,TST,100,5,32,64,500,1,0.0,3,5.0,MAE,1,basis,pca,T,1,0,1,0.4222852289676666,0.4707297384738922,/mnt/tidalfs-bdsz01/dataset/llm_dataset/plc_data/TransDF/results/meta_tune/Fredformer_PEMS03_96_0.4_0.6_0.0005_0.0005_0.05_TST_100_5_32_64_0.2_5.0_3_0.0_1_MAE_1_500_basis_pca_T_1_0_1
Fredformer,96,PEMS03,0.0005,0.0005,0.05,0.4,0.6,0.2,TST,100,5,32,64,700,1,0.0,3,5.0,MAE,1,basis,pca,T,1,0,0,0.4276277720928192,0.47358280420303345,/mnt/tidalfs-bdsz01/dataset/llm_dataset/plc_data/TransDF/results/meta_tune/Fredformer_PEMS03_96_0.4_0.6_0.0005_0.0005_0.05_TST_100_5_32_64_0.2_5.0_3_0.0_1_MAE_1_700_basis_pca_T_1_0_0
Fredformer,96,PEMS03,0.0005,0.0005,0.05,0.4,0.6,0.2,TST,100,5,32,64,700,1,0.0,3,5.0,MAE,1,basis,pca,T,1,0,1,0.4276331961154938,0.4762263000011444,/mnt/tidalfs-bdsz01/dataset/llm_dataset/plc_data/TransDF/results/meta_tune/Fredformer_PEMS03_96_0.4_0.6_0.0005_0.0005_0.05_TST_100_5_32_64_0.2_5.0_3_0.0_1_MAE_1_700_basis_pca_T_1_0_1
Fredformer,96,PEMS03,0.0005,0.0005,0.05,0.4,0.6,0.6,TST,100,5,32,64,300,1,0.0,3,5.0,MAE,1,basis,pca,T,1,0,0,0.3922971785068512,0.4501098692417145,/mnt/tidalfs-bdsz01/dataset/llm_dataset/plc_data/TransDF/results/meta_tune/Fredformer_PEMS03_96_0.4_0.6_0.0005_0.0005_0.05_TST_100_5_32_64_0.6_5.0_3_0.0_1_MAE_1_300_basis_pca_T_1_0_0
Fredformer,96,PEMS03,0.0005,0.0005,0.05,0.4,0.6,0.6,TST,100,5,32,64,300,1,0.0,3,5.0,MAE,1,basis,pca,T,1,0,1,0.33307963609695435,0.4101845622062683,/mnt/tidalfs-bdsz01/dataset/llm_dataset/plc_data/TransDF/results/meta_tune/Fredformer_PEMS03_96_0.4_0.6_0.0005_0.0005_0.05_TST_100_5_32_64_0.6_5.0_3_0.0_1_MAE_1_300_basis_pca_T_1_0_1
Fredformer,96,PEMS03,0.0005,0.0005,0.05,0.4,0.6,0.6,TST,100,5,32,64,500,1,0.0,3,5.0,MAE,1,basis,pca,T,1,0,0,0.44544845819473267,0.48136863112449646,/mnt/tidalfs-bdsz01/dataset/llm_dataset/plc_data/TransDF/results/meta_tune/Fredformer_PEMS03_96_0.4_0.6_0.0005_0.0005_0.05_TST_100_5_32_64_0.6_5.0_3_0.0_1_MAE_1_500_basis_pca_T_1_0_0
Fredformer,96,PEMS03,0.0005,0.0005,0.05,0.4,0.6,0.6,TST,100,5,32,64,500,1,0.0,3,5.0,MAE,1,basis,pca,T,1,0,1,0.3335249423980713,0.4111175835132599,/mnt/tidalfs-bdsz01/dataset/llm_dataset/plc_data/TransDF/results/meta_tune/Fredformer_PEMS03_96_0.4_0.6_0.0005_0.0005_0.05_TST_100_5_32_64_0.6_5.0_3_0.0_1_MAE_1_500_basis_pca_T_1_0_1
Fredformer,96,PEMS03,0.0005,0.0005,0.05,0.4,0.6,0.6,TST,100,5,32,64,700,1,0.0,3,5.0,MAE,1,basis,pca,T,1,0,0,0.3737642467021942,0.4416644871234894,/mnt/tidalfs-bdsz01/dataset/llm_dataset/plc_data/TransDF/results/meta_tune/Fredformer_PEMS03_96_0.4_0.6_0.0005_0.0005_0.05_TST_100_5_32_64_0.6_5.0_3_0.0_1_MAE_1_700_basis_pca_T_1_0_0
Fredformer,96,PEMS03,0.0005,0.0005,0.05,0.4,0.6,0.6,TST,100,5,32,64,700,1,0.0,3,5.0,MAE,1,basis,pca,T,1,0,1,0.33201277256011963,0.4094579815864563,/mnt/tidalfs-bdsz01/dataset/llm_dataset/plc_data/TransDF/results/meta_tune/Fredformer_PEMS03_96_0.4_0.6_0.0005_0.0005_0.05_TST_100_5_32_64_0.6_5.0_3_0.0_1_MAE_1_700_basis_pca_T_1_0_1
Fredformer,96,PEMS03,0.01,0.01,0.05,0.4,0.6,0.2,TST,100,5,32,64,300,1,0.0,3,5.0,MAE,1,basis,pca,T,1,0,0,1.926398754119873,1.1857788562774658,/mnt/tidalfs-bdsz01/dataset/llm_dataset/plc_data/TransDF/results/meta_tune/Fredformer_PEMS03_96_0.4_0.6_0.01_0.01_0.05_TST_100_5_32_64_0.2_5.0_3_0.0_1_MAE_1_300_basis_pca_T_1_0_0
Fredformer,96,PEMS03,0.01,0.01,0.05,0.4,0.6,0.2,TST,100,5,32,64,300,1,0.0,3,5.0,MAE,1,basis,pca,T,1,0,1,0.32912200689315796,0.4089343547821045,/mnt/tidalfs-bdsz01/dataset/llm_dataset/plc_data/TransDF/results/meta_tune/Fredformer_PEMS03_96_0.4_0.6_0.01_0.01_0.05_TST_100_5_32_64_0.2_5.0_3_0.0_1_MAE_1_300_basis_pca_T_1_0_1
Fredformer,96,PEMS03,0.01,0.01,0.05,0.4,0.6,0.2,TST,100,5,32,64,500,1,0.0,3,5.0,MAE,1,basis,pca,T,1,0,0,1.9296525716781616,1.1873180866241455,/mnt/tidalfs-bdsz01/dataset/llm_dataset/plc_data/TransDF/results/meta_tune/Fredformer_PEMS03_96_0.4_0.6_0.01_0.01_0.05_TST_100_5_32_64_0.2_5.0_3_0.0_1_MAE_1_500_basis_pca_T_1_0_0
Fredformer,96,PEMS03,0.01,0.01,0.05,0.4,0.6,0.2,TST,100,5,32,64,500,1,0.0,3,5.0,MAE,1,basis,pca,T,1,0,1,0.40276041626930237,0.4566897749900818,/mnt/tidalfs-bdsz01/dataset/llm_dataset/plc_data/TransDF/results/meta_tune/Fredformer_PEMS03_96_0.4_0.6_0.01_0.01_0.05_TST_100_5_32_64_0.2_5.0_3_0.0_1_MAE_1_500_basis_pca_T_1_0_1
Fredformer,96,PEMS03,0.01,0.01,0.05,0.4,0.6,0.2,TST,100,5,32,64,700,1,0.0,3,5.0,MAE,1,basis,pca,T,1,0,0,1.9299805164337158,1.187005877494812,/mnt/tidalfs-bdsz01/dataset/llm_dataset/plc_data/TransDF/results/meta_tune/Fredformer_PEMS03_96_0.4_0.6_0.01_0.01_0.05_TST_100_5_32_64_0.2_5.0_3_0.0_1_MAE_1_700_basis_pca_T_1_0_0
Fredformer,96,PEMS03,0.01,0.01,0.05,0.4,0.6,0.2,TST,100,5,32,64,700,1,0.0,3,5.0,MAE,1,basis,pca,T,1,0,1,0.33821237087249756,0.4165175259113312,/mnt/tidalfs-bdsz01/dataset/llm_dataset/plc_data/TransDF/results/meta_tune/Fredformer_PEMS03_96_0.4_0.6_0.01_0.01_0.05_TST_100_5_32_64_0.2_5.0_3_0.0_1_MAE_1_700_basis_pca_T_1_0_1
Fredformer,96,PEMS03,0.01,0.01,0.05,0.4,0.6,0.6,TST,100,5,32,64,300,1,0.0,3,5.0,MAE,1,basis,pca,T,1,0,0,1.7511730194091797,1.0915179252624512,/mnt/tidalfs-bdsz01/dataset/llm_dataset/plc_data/TransDF/results/meta_tune/Fredformer_PEMS03_96_0.4_0.6_0.01_0.01_0.05_TST_100_5_32_64_0.6_5.0_3_0.0_1_MAE_1_300_basis_pca_T_1_0_0
Fredformer,96,PEMS03,0.01,0.01,0.05,0.4,0.6,0.6,TST,100,5,32,64,300,1,0.0,3,5.0,MAE,1,basis,pca,T,1,0,1,0.3333238959312439,0.41483935713768005,/mnt/tidalfs-bdsz01/dataset/llm_dataset/plc_data/TransDF/results/meta_tune/Fredformer_PEMS03_96_0.4_0.6_0.01_0.01_0.05_TST_100_5_32_64_0.6_5.0_3_0.0_1_MAE_1_300_basis_pca_T_1_0_1
Fredformer,96,PEMS03,0.01,0.01,0.05,0.4,0.6,0.6,TST,100,5,32,64,500,1,0.0,3,5.0,MAE,1,basis,pca,T,1,0,0,1.7941186428070068,1.114522933959961,/mnt/tidalfs-bdsz01/dataset/llm_dataset/plc_data/TransDF/results/meta_tune/Fredformer_PEMS03_96_0.4_0.6_0.01_0.01_0.05_TST_100_5_32_64_0.6_5.0_3_0.0_1_MAE_1_500_basis_pca_T_1_0_0
Fredformer,96,PEMS03,0.01,0.01,0.05,0.4,0.6,0.6,TST,100,5,32,64,500,1,0.0,3,5.0,MAE,1,basis,pca,T,1,0,1,0.34510016441345215,0.4190976321697235,/mnt/tidalfs-bdsz01/dataset/llm_dataset/plc_data/TransDF/results/meta_tune/Fredformer_PEMS03_96_0.4_0.6_0.01_0.01_0.05_TST_100_5_32_64_0.6_5.0_3_0.0_1_MAE_1_500_basis_pca_T_1_0_1
Fredformer,96,PEMS03,0.01,0.01,0.05,0.4,0.6,0.6,TST,100,5,32,64,700,1,0.0,3,5.0,MAE,1,basis,pca,T,1,0,0,1.8626114130020142,1.1500729322433472,/mnt/tidalfs-bdsz01/dataset/llm_dataset/plc_data/TransDF/results/meta_tune/Fredformer_PEMS03_96_0.4_0.6_0.01_0.01_0.05_TST_100_5_32_64_0.6_5.0_3_0.0_1_MAE_1_700_basis_pca_T_1_0_0
Fredformer,96,PEMS03,0.01,0.01,0.05,0.4,0.6,0.6,TST,100,5,32,64,700,1,0.0,3,5.0,MAE,1,basis,pca,T,1,0,1,0.3554903566837311,0.42675474286079407,/mnt/tidalfs-bdsz01/dataset/llm_dataset/plc_data/TransDF/results/meta_tune/Fredformer_PEMS03_96_0.4_0.6_0.01_0.01_0.05_TST_100_5_32_64_0.6_5.0_3_0.0_1_MAE_1_700_basis_pca_T_1_0_1
Fredformer,192,PEMS03,0.0005,0.0005,0.05,0.0,1.0,0.2,TST,100,5,32,64,300,1,0.0,3,5.0,MAE,1,basis,pca,T,1,0,0,0.5061536431312561,0.5277138352394104,/mnt/tidalfs-bdsz01/dataset/llm_dataset/plc_data/TransDF/results/meta_tune/Fredformer_PEMS03_192_0.0_1.0_0.0005_0.0005_0.05_TST_100_5_32_64_0.2_5.0_3_0.0_1_MAE_1_300_basis_pca_T_1_0_0
Fredformer,192,PEMS03,0.0005,0.0005,0.05,0.0,1.0,0.2,TST,100,5,32,64,300,1,0.0,3,5.0,MAE,1,basis,pca,T,1,0,1,0.4189515709877014,0.462656170129776,/mnt/tidalfs-bdsz01/dataset/llm_dataset/plc_data/TransDF/results/meta_tune/Fredformer_PEMS03_192_0.0_1.0_0.0005_0.0005_0.05_TST_100_5_32_64_0.2_5.0_3_0.0_1_MAE_1_300_basis_pca_T_1_0_1
Fredformer,192,PEMS03,0.0005,0.0005,0.05,0.0,1.0,0.2,TST,100,5,32,64,500,1,0.0,3,5.0,MAE,1,basis,pca,T,1,0,0,0.5019829273223877,0.5289208292961121,/mnt/tidalfs-bdsz01/dataset/llm_dataset/plc_data/TransDF/results/meta_tune/Fredformer_PEMS03_192_0.0_1.0_0.0005_0.0005_0.05_TST_100_5_32_64_0.2_5.0_3_0.0_1_MAE_1_500_basis_pca_T_1_0_0
Fredformer,192,PEMS03,0.0005,0.0005,0.05,0.0,1.0,0.2,TST,100,5,32,64,500,1,0.0,3,5.0,MAE,1,basis,pca,T,1,0,1,0.46015140414237976,0.49395471811294556,/mnt/tidalfs-bdsz01/dataset/llm_dataset/plc_data/TransDF/results/meta_tune/Fredformer_PEMS03_192_0.0_1.0_0.0005_0.0005_0.05_TST_100_5_32_64_0.2_5.0_3_0.0_1_MAE_1_500_basis_pca_T_1_0_1
Fredformer,192,PEMS03,0.0005,0.0005,0.05,0.0,1.0,0.2,TST,100,5,32,64,700,1,0.0,3,5.0,MAE,1,basis,pca,T,1,0,0,0.5645575523376465,0.5694897770881653,/mnt/tidalfs-bdsz01/dataset/llm_dataset/plc_data/TransDF/results/meta_tune/Fredformer_PEMS03_192_0.0_1.0_0.0005_0.0005_0.05_TST_100_5_32_64_0.2_5.0_3_0.0_1_MAE_1_700_basis_pca_T_1_0_0
Fredformer,192,PEMS03,0.0005,0.0005,0.05,0.0,1.0,0.2,TST,100,5,32,64,700,1,0.0,3,5.0,MAE,1,basis,pca,T,1,0,1,0.46225348114967346,0.49524834752082825,/mnt/tidalfs-bdsz01/dataset/llm_dataset/plc_data/TransDF/results/meta_tune/Fredformer_PEMS03_192_0.0_1.0_0.0005_0.0005_0.05_TST_100_5_32_64_0.2_5.0_3_0.0_1_MAE_1_700_basis_pca_T_1_0_1
Fredformer,192,PEMS03,0.0005,0.0005,0.05,0.0,1.0,0.6,TST,100,5,32,64,300,1,0.0,3,5.0,MAE,1,basis,pca,T,1,0,0,0.48902225494384766,0.510724663734436,/mnt/tidalfs-bdsz01/dataset/llm_dataset/plc_data/TransDF/results/meta_tune/Fredformer_PEMS03_192_0.0_1.0_0.0005_0.0005_0.05_TST_100_5_32_64_0.6_5.0_3_0.0_1_MAE_1_300_basis_pca_T_1_0_0
Fredformer,192,PEMS03,0.0005,0.0005,0.05,0.0,1.0,0.6,TST,100,5,32,64,300,1,0.0,3,5.0,MAE,1,basis,pca,T,1,0,1,0.42530742287635803,0.4675862193107605,/mnt/tidalfs-bdsz01/dataset/llm_dataset/plc_data/TransDF/results/meta_tune/Fredformer_PEMS03_192_0.0_1.0_0.0005_0.0005_0.05_TST_100_5_32_64_0.6_5.0_3_0.0_1_MAE_1_300_basis_pca_T_1_0_1
Fredformer,192,PEMS03,0.0005,0.0005,0.05,0.0,1.0,0.6,TST,100,5,32,64,500,1,0.0,3,5.0,MAE,1,basis,pca,T,1,0,0,0.4742349684238434,0.5052259564399719,/mnt/tidalfs-bdsz01/dataset/llm_dataset/plc_data/TransDF/results/meta_tune/Fredformer_PEMS03_192_0.0_1.0_0.0005_0.0005_0.05_TST_100_5_32_64_0.6_5.0_3_0.0_1_MAE_1_500_basis_pca_T_1_0_0
Fredformer,192,PEMS03,0.0005,0.0005,0.05,0.0,1.0,0.6,TST,100,5,32,64,500,1,0.0,3,5.0,MAE,1,basis,pca,T,1,0,1,0.4150005578994751,0.4633099138736725,/mnt/tidalfs-bdsz01/dataset/llm_dataset/plc_data/TransDF/results/meta_tune/Fredformer_PEMS03_192_0.0_1.0_0.0005_0.0005_0.05_TST_100_5_32_64_0.6_5.0_3_0.0_1_MAE_1_500_basis_pca_T_1_0_1
Fredformer,192,PEMS03,0.0005,0.0005,0.05,0.0,1.0,0.6,TST,100,5,32,64,700,1,0.0,3,5.0,MAE,1,basis,pca,T,1,0,0,0.46977561712265015,0.5038732290267944,/mnt/tidalfs-bdsz01/dataset/llm_dataset/plc_data/TransDF/results/meta_tune/Fredformer_PEMS03_192_0.0_1.0_0.0005_0.0005_0.05_TST_100_5_32_64_0.6_5.0_3_0.0_1_MAE_1_700_basis_pca_T_1_0_0
Fredformer,192,PEMS03,0.0005,0.0005,0.05,0.0,1.0,0.6,TST,100,5,32,64,700,1,0.0,3,5.0,MAE,1,basis,pca,T,1,0,1,0.4265034794807434,0.47027844190597534,/mnt/tidalfs-bdsz01/dataset/llm_dataset/plc_data/TransDF/results/meta_tune/Fredformer_PEMS03_192_0.0_1.0_0.0005_0.0005_0.05_TST_100_5_32_64_0.6_5.0_3_0.0_1_MAE_1_700_basis_pca_T_1_0_1
Fredformer,192,PEMS03,0.01,0.01,0.05,0.0,1.0,0.2,TST,100,5,32,64,300,1,0.0,3,5.0,MAE,1,basis,pca,T,1,0,0,2.0071146488189697,1.2148795127868652,/mnt/tidalfs-bdsz01/dataset/llm_dataset/plc_data/TransDF/results/meta_tune/Fredformer_PEMS03_192_0.0_1.0_0.01_0.01_0.05_TST_100_5_32_64_0.2_5.0_3_0.0_1_MAE_1_300_basis_pca_T_1_0_0
Fredformer,192,PEMS03,0.01,0.01,0.05,0.0,1.0,0.2,TST,100,5,32,64,300,1,0.0,3,5.0,MAE,1,basis,pca,T,1,0,1,0.4364742636680603,0.4775077700614929,/mnt/tidalfs-bdsz01/dataset/llm_dataset/plc_data/TransDF/results/meta_tune/Fredformer_PEMS03_192_0.0_1.0_0.01_0.01_0.05_TST_100_5_32_64_0.2_5.0_3_0.0_1_MAE_1_300_basis_pca_T_1_0_1
Fredformer,192,PEMS03,0.01,0.01,0.05,0.0,1.0,0.2,TST,100,5,32,64,500,1,0.0,3,5.0,MAE,1,basis,pca,T,1,0,0,2.0079493522644043,1.215166687965393,/mnt/tidalfs-bdsz01/dataset/llm_dataset/plc_data/TransDF/results/meta_tune/Fredformer_PEMS03_192_0.0_1.0_0.01_0.01_0.05_TST_100_5_32_64_0.2_5.0_3_0.0_1_MAE_1_500_basis_pca_T_1_0_0
Fredformer,192,PEMS03,0.01,0.01,0.05,0.0,1.0,0.2,TST,100,5,32,64,500,1,0.0,3,5.0,MAE,1,basis,pca,T,1,0,1,0.45507538318634033,0.4998597204685211,/mnt/tidalfs-bdsz01/dataset/llm_dataset/plc_data/TransDF/results/meta_tune/Fredformer_PEMS03_192_0.0_1.0_0.01_0.01_0.05_TST_100_5_32_64_0.2_5.0_3_0.0_1_MAE_1_500_basis_pca_T_1_0_1
Fredformer,192,PEMS03,0.01,0.01,0.05,0.0,1.0,0.2,TST,100,5,32,64,700,1,0.0,3,5.0,MAE,1,basis,pca,T,1,0,0,2.0077309608459473,1.2150843143463135,/mnt/tidalfs-bdsz01/dataset/llm_dataset/plc_data/TransDF/results/meta_tune/Fredformer_PEMS03_192_0.0_1.0_0.01_0.01_0.05_TST_100_5_32_64_0.2_5.0_3_0.0_1_MAE_1_700_basis_pca_T_1_0_0
Fredformer,192,PEMS03,0.01,0.01,0.05,0.0,1.0,0.2,TST,100,5,32,64,700,1,0.0,3,5.0,MAE,1,basis,pca,T,1,0,1,1.428585410118103,1.025336742401123,/mnt/tidalfs-bdsz01/dataset/llm_dataset/plc_data/TransDF/results/meta_tune/Fredformer_PEMS03_192_0.0_1.0_0.01_0.01_0.05_TST_100_5_32_64_0.2_5.0_3_0.0_1_MAE_1_700_basis_pca_T_1_0_1
Fredformer,192,PEMS03,0.01,0.01,0.05,0.0,1.0,0.6,TST,100,5,32,64,300,1,0.0,3,5.0,MAE,1,basis,pca,T,1,0,0,1.5569674968719482,1.0701429843902588,/mnt/tidalfs-bdsz01/dataset/llm_dataset/plc_data/TransDF/results/meta_tune/Fredformer_PEMS03_192_0.0_1.0_0.01_0.01_0.05_TST_100_5_32_64_0.6_5.0_3_0.0_1_MAE_1_300_basis_pca_T_1_0_0
Fredformer,192,PEMS03,0.01,0.01,0.05,0.0,1.0,0.6,TST,100,5,32,64,300,1,0.0,3,5.0,MAE,1,basis,pca,T,1,0,1,0.3782489001750946,0.43967851996421814,/mnt/tidalfs-bdsz01/dataset/llm_dataset/plc_data/TransDF/results/meta_tune/Fredformer_PEMS03_192_0.0_1.0_0.01_0.01_0.05_TST_100_5_32_64_0.6_5.0_3_0.0_1_MAE_1_300_basis_pca_T_1_0_1
Fredformer,192,PEMS03,0.01,0.01,0.05,0.0,1.0,0.6,TST,100,5,32,64,500,1,0.0,3,5.0,MAE,1,basis,pca,T,1,0,0,1.979230523109436,1.2067312002182007,/mnt/tidalfs-bdsz01/dataset/llm_dataset/plc_data/TransDF/results/meta_tune/Fredformer_PEMS03_192_0.0_1.0_0.01_0.01_0.05_TST_100_5_32_64_0.6_5.0_3_0.0_1_MAE_1_500_basis_pca_T_1_0_0
Fredformer,192,PEMS03,0.01,0.01,0.05,0.0,1.0,0.6,TST,100,5,32,64,500,1,0.0,3,5.0,MAE,1,basis,pca,T,1,0,1,0.3885253965854645,0.4496810734272003,/mnt/tidalfs-bdsz01/dataset/llm_dataset/plc_data/TransDF/results/meta_tune/Fredformer_PEMS03_192_0.0_1.0_0.01_0.01_0.05_TST_100_5_32_64_0.6_5.0_3_0.0_1_MAE_1_500_basis_pca_T_1_0_1
Fredformer,192,PEMS03,0.01,0.01,0.05,0.0,1.0,0.6,TST,100,5,32,64,700,1,0.0,3,5.0,MAE,1,basis,pca,T,1,0,0,2.0077037811279297,1.2151662111282349,/mnt/tidalfs-bdsz01/dataset/llm_dataset/plc_data/TransDF/results/meta_tune/Fredformer_PEMS03_192_0.0_1.0_0.01_0.01_0.05_TST_100_5_32_64_0.6_5.0_3_0.0_1_MAE_1_700_basis_pca_T_1_0_0
Fredformer,192,PEMS03,0.01,0.01,0.05,0.0,1.0,0.6,TST,100,5,32,64,700,1,0.0,3,5.0,MAE,1,basis,pca,T,1,0,1,0.41947707533836365,0.46435877680778503,/mnt/tidalfs-bdsz01/dataset/llm_dataset/plc_data/TransDF/results/meta_tune/Fredformer_PEMS03_192_0.0_1.0_0.01_0.01_0.05_TST_100_5_32_64_0.6_5.0_3_0.0_1_MAE_1_700_basis_pca_T_1_0_1
Fredformer,192,PEMS03,0.0005,0.0005,0.05,0.4,0.6,0.2,TST,100,5,32,64,300,1,0.0,3,5.0,MAE,1,basis,pca,T,1,0,0,0.4251931309700012,0.47404226660728455,/mnt/tidalfs-bdsz01/dataset/llm_dataset/plc_data/TransDF/results/meta_tune/Fredformer_PEMS03_192_0.4_0.6_0.0005_0.0005_0.05_TST_100_5_32_64_0.2_5.0_3_0.0_1_MAE_1_300_basis_pca_T_1_0_0
Fredformer,192,PEMS03,0.0005,0.0005,0.05,0.4,0.6,0.2,TST,100,5,32,64,300,1,0.0,3,5.0,MAE,1,basis,pca,T,1,0,1,0.4191618859767914,0.46535879373550415,/mnt/tidalfs-bdsz01/dataset/llm_dataset/plc_data/TransDF/results/meta_tune/Fredformer_PEMS03_192_0.4_0.6_0.0005_0.0005_0.05_TST_100_5_32_64_0.2_5.0_3_0.0_1_MAE_1_300_basis_pca_T_1_0_1
Fredformer,192,PEMS03,0.0005,0.0005,0.05,0.4,0.6,0.2,TST,100,5,32,64,500,1,0.0,3,5.0,MAE,1,basis,pca,T,1,0,0,0.429831326007843,0.47158393263816833,/mnt/tidalfs-bdsz01/dataset/llm_dataset/plc_data/TransDF/results/meta_tune/Fredformer_PEMS03_192_0.4_0.6_0.0005_0.0005_0.05_TST_100_5_32_64_0.2_5.0_3_0.0_1_MAE_1_500_basis_pca_T_1_0_0
Fredformer,192,PEMS03,0.0005,0.0005,0.05,0.4,0.6,0.2,TST,100,5,32,64,500,1,0.0,3,5.0,MAE,1,basis,pca,T,1,0,1,0.41552603244781494,0.46370482444763184,/mnt/tidalfs-bdsz01/dataset/llm_dataset/plc_data/TransDF/results/meta_tune/Fredformer_PEMS03_192_0.4_0.6_0.0005_0.0005_0.05_TST_100_5_32_64_0.2_5.0_3_0.0_1_MAE_1_500_basis_pca_T_1_0_1
Fredformer,192,PEMS03,0.0005,0.0005,0.05,0.4,0.6,0.2,TST,100,5,32,64,700,1,0.0,3,5.0,MAE,1,basis,pca,T,1,0,0,0.4349434971809387,0.47816765308380127,/mnt/tidalfs-bdsz01/dataset/llm_dataset/plc_data/TransDF/results/meta_tune/Fredformer_PEMS03_192_0.4_0.6_0.0005_0.0005_0.05_TST_100_5_32_64_0.2_5.0_3_0.0_1_MAE_1_700_basis_pca_T_1_0_0
Fredformer,192,PEMS03,0.0005,0.0005,0.05,0.4,0.6,0.2,TST,100,5,32,64,700,1,0.0,3,5.0,MAE,1,basis,pca,T,1,0,1,0.41880103945732117,0.4662514328956604,/mnt/tidalfs-bdsz01/dataset/llm_dataset/plc_data/TransDF/results/meta_tune/Fredformer_PEMS03_192_0.4_0.6_0.0005_0.0005_0.05_TST_100_5_32_64_0.2_5.0_3_0.0_1_MAE_1_700_basis_pca_T_1_0_1
Fredformer,192,PEMS03,0.0005,0.0005,0.05,0.4,0.6,0.6,TST,100,5,32,64,300,1,0.0,3,5.0,MAE,1,basis,pca,T,1,0,0,0.40696483850479126,0.4607640504837036,/mnt/tidalfs-bdsz01/dataset/llm_dataset/plc_data/TransDF/results/meta_tune/Fredformer_PEMS03_192_0.4_0.6_0.0005_0.0005_0.05_TST_100_5_32_64_0.6_5.0_3_0.0_1_MAE_1_300_basis_pca_T_1_0_0
Fredformer,192,PEMS03,0.0005,0.0005,0.05,0.4,0.6,0.6,TST,100,5,32,64,300,1,0.0,3,5.0,MAE,1,basis,pca,T,1,0,1,0.41333022713661194,0.46065887808799744,/mnt/tidalfs-bdsz01/dataset/llm_dataset/plc_data/TransDF/results/meta_tune/Fredformer_PEMS03_192_0.4_0.6_0.0005_0.0005_0.05_TST_100_5_32_64_0.6_5.0_3_0.0_1_MAE_1_300_basis_pca_T_1_0_1
Fredformer,192,PEMS03,0.0005,0.0005,0.05,0.4,0.6,0.6,TST,100,5,32,64,500,1,0.0,3,5.0,MAE,1,basis,pca,T,1,0,0,0.4118410050868988,0.45380163192749023,/mnt/tidalfs-bdsz01/dataset/llm_dataset/plc_data/TransDF/results/meta_tune/Fredformer_PEMS03_192_0.4_0.6_0.0005_0.0005_0.05_TST_100_5_32_64_0.6_5.0_3_0.0_1_MAE_1_500_basis_pca_T_1_0_0
Fredformer,192,PEMS03,0.0005,0.0005,0.05,0.4,0.6,0.6,TST,100,5,32,64,500,1,0.0,3,5.0,MAE,1,basis,pca,T,1,0,1,0.4206600487232208,0.4682963788509369,/mnt/tidalfs-bdsz01/dataset/llm_dataset/plc_data/TransDF/results/meta_tune/Fredformer_PEMS03_192_0.4_0.6_0.0005_0.0005_0.05_TST_100_5_32_64_0.6_5.0_3_0.0_1_MAE_1_500_basis_pca_T_1_0_1
Fredformer,192,PEMS03,0.0005,0.0005,0.05,0.4,0.6,0.6,TST,100,5,32,64,700,1,0.0,3,5.0,MAE,1,basis,pca,T,1,0,0,0.43750059604644775,0.478747695684433,/mnt/tidalfs-bdsz01/dataset/llm_dataset/plc_data/TransDF/results/meta_tune/Fredformer_PEMS03_192_0.4_0.6_0.0005_0.0005_0.05_TST_100_5_32_64_0.6_5.0_3_0.0_1_MAE_1_700_basis_pca_T_1_0_0
Fredformer,192,PEMS03,0.0005,0.0005,0.05,0.4,0.6,0.6,TST,100,5,32,64,700,1,0.0,3,5.0,MAE,1,basis,pca,T,1,0,1,0.4124501347541809,0.46036961674690247,/mnt/tidalfs-bdsz01/dataset/llm_dataset/plc_data/TransDF/results/meta_tune/Fredformer_PEMS03_192_0.4_0.6_0.0005_0.0005_0.05_TST_100_5_32_64_0.6_5.0_3_0.0_1_MAE_1_700_basis_pca_T_1_0_1
Fredformer,192,PEMS03,0.01,0.01,0.05,0.4,0.6,0.2,TST,100,5,32,64,300,1,0.0,3,5.0,MAE,1,basis,pca,T,1,0,0,1.9162225723266602,1.177438497543335,/mnt/tidalfs-bdsz01/dataset/llm_dataset/plc_data/TransDF/results/meta_tune/Fredformer_PEMS03_192_0.4_0.6_0.01_0.01_0.05_TST_100_5_32_64_0.2_5.0_3_0.0_1_MAE_1_300_basis_pca_T_1_0_0
Fredformer,192,PEMS03,0.01,0.01,0.05,0.4,0.6,0.2,TST,100,5,32,64,300,1,0.0,3,5.0,MAE,1,basis,pca,T,1,0,1,0.3985595703125,0.45460784435272217,/mnt/tidalfs-bdsz01/dataset/llm_dataset/plc_data/TransDF/results/meta_tune/Fredformer_PEMS03_192_0.4_0.6_0.01_0.01_0.05_TST_100_5_32_64_0.2_5.0_3_0.0_1_MAE_1_300_basis_pca_T_1_0_1
Fredformer,192,PEMS03,0.01,0.01,0.05,0.4,0.6,0.2,TST,100,5,32,64,500,1,0.0,3,5.0,MAE,1,basis,pca,T,1,0,0,1.9285691976547241,1.1835817098617554,/mnt/tidalfs-bdsz01/dataset/llm_dataset/plc_data/TransDF/results/meta_tune/Fredformer_PEMS03_192_0.4_0.6_0.01_0.01_0.05_TST_100_5_32_64_0.2_5.0_3_0.0_1_MAE_1_500_basis_pca_T_1_0_0
Fredformer,192,PEMS03,0.01,0.01,0.05,0.4,0.6,0.2,TST,100,5,32,64,500,1,0.0,3,5.0,MAE,1,basis,pca,T,1,0,1,0.40838441252708435,0.46263977885246277,/mnt/tidalfs-bdsz01/dataset/llm_dataset/plc_data/TransDF/results/meta_tune/Fredformer_PEMS03_192_0.4_0.6_0.01_0.01_0.05_TST_100_5_32_64_0.2_5.0_3_0.0_1_MAE_1_500_basis_pca_T_1_0_1
Fredformer,192,PEMS03,0.01,0.01,0.05,0.4,0.6,0.2,TST,100,5,32,64,700,1,0.0,3,5.0,MAE,1,basis,pca,T,1,0,0,1.8741657733917236,1.164405345916748,/mnt/tidalfs-bdsz01/dataset/llm_dataset/plc_data/TransDF/results/meta_tune/Fredformer_PEMS03_192_0.4_0.6_0.01_0.01_0.05_TST_100_5_32_64_0.2_5.0_3_0.0_1_MAE_1_700_basis_pca_T_1_0_0
Fredformer,192,PEMS03,0.01,0.01,0.05,0.4,0.6,0.2,TST,100,5,32,64,700,1,0.0,3,5.0,MAE,1,basis,pca,T,1,0,1,0.4055023193359375,0.4623410403728485,/mnt/tidalfs-bdsz01/dataset/llm_dataset/plc_data/TransDF/results/meta_tune/Fredformer_PEMS03_192_0.4_0.6_0.01_0.01_0.05_TST_100_5_32_64_0.2_5.0_3_0.0_1_MAE_1_700_basis_pca_T_1_0_1
Fredformer,192,PEMS03,0.01,0.01,0.05,0.4,0.6,0.6,TST,100,5,32,64,300,1,0.0,3,5.0,MAE,1,basis,pca,T,1,0,0,1.944181203842163,1.1796921491622925,/mnt/tidalfs-bdsz01/dataset/llm_dataset/plc_data/TransDF/results/meta_tune/Fredformer_PEMS03_192_0.4_0.6_0.01_0.01_0.05_TST_100_5_32_64_0.6_5.0_3_0.0_1_MAE_1_300_basis_pca_T_1_0_0
Fredformer,192,PEMS03,0.01,0.01,0.05,0.4,0.6,0.6,TST,100,5,32,64,300,1,0.0,3,5.0,MAE,1,basis,pca,T,1,0,1,0.37810930609703064,0.43994390964508057,/mnt/tidalfs-bdsz01/dataset/llm_dataset/plc_data/TransDF/results/meta_tune/Fredformer_PEMS03_192_0.4_0.6_0.01_0.01_0.05_TST_100_5_32_64_0.6_5.0_3_0.0_1_MAE_1_300_basis_pca_T_1_0_1
Fredformer,192,PEMS03,0.01,0.01,0.05,0.4,0.6,0.6,TST,100,5,32,64,500,1,0.0,3,5.0,MAE,1,basis,pca,T,1,0,0,1.969063639640808,1.1928430795669556,/mnt/tidalfs-bdsz01/dataset/llm_dataset/plc_data/TransDF/results/meta_tune/Fredformer_PEMS03_192_0.4_0.6_0.01_0.01_0.05_TST_100_5_32_64_0.6_5.0_3_0.0_1_MAE_1_500_basis_pca_T_1_0_0
Fredformer,192,PEMS03,0.01,0.01,0.05,0.4,0.6,0.6,TST,100,5,32,64,500,1,0.0,3,5.0,MAE,1,basis,pca,T,1,0,1,0.39306703209877014,0.44999995827674866,/mnt/tidalfs-bdsz01/dataset/llm_dataset/plc_data/TransDF/results/meta_tune/Fredformer_PEMS03_192_0.4_0.6_0.01_0.01_0.05_TST_100_5_32_64_0.6_5.0_3_0.0_1_MAE_1_500_basis_pca_T_1_0_1
Fredformer,192,PEMS03,0.01,0.01,0.05,0.4,0.6,0.6,TST,100,5,32,64,700,1,0.0,3,5.0,MAE,1,basis,pca,T,1,0,0,1.974212646484375,1.195774793624878,/mnt/tidalfs-bdsz01/dataset/llm_dataset/plc_data/TransDF/results/meta_tune/Fredformer_PEMS03_192_0.4_0.6_0.01_0.01_0.05_TST_100_5_32_64_0.6_5.0_3_0.0_1_MAE_1_700_basis_pca_T_1_0_0
Fredformer,192,PEMS03,0.01,0.01,0.05,0.4,0.6,0.6,TST,100,5,32,64,700,1,0.0,3,5.0,MAE,1,basis,pca,T,1,0,1,0.3924536108970642,0.4526368975639343,/mnt/tidalfs-bdsz01/dataset/llm_dataset/plc_data/TransDF/results/meta_tune/Fredformer_PEMS03_192_0.4_0.6_0.01_0.01_0.05_TST_100_5_32_64_0.6_5.0_3_0.0_1_MAE_1_700_basis_pca_T_1_0_1
Fredformer,336,PEMS03,0.0005,0.0005,0.05,0.0,1.0,0.2,TST,100,5,32,64,300,1,0.0,3,5.0,MAE,1,basis,pca,T,1,0,0,0.4098745584487915,0.4486960470676422,/mnt/tidalfs-bdsz01/dataset/llm_dataset/plc_data/TransDF/results/meta_tune/Fredformer_PEMS03_336_0.0_1.0_0.0005_0.0005_0.05_TST_100_5_32_64_0.2_5.0_3_0.0_1_MAE_1_300_basis_pca_T_1_0_0
Fredformer,336,PEMS03,0.0005,0.0005,0.05,0.0,1.0,0.2,TST,100,5,32,64,300,1,0.0,3,5.0,MAE,1,basis,pca,T,1,0,1,0.36168143153190613,0.41593894362449646,/mnt/tidalfs-bdsz01/dataset/llm_dataset/plc_data/TransDF/results/meta_tune/Fredformer_PEMS03_336_0.0_1.0_0.0005_0.0005_0.05_TST_100_5_32_64_0.2_5.0_3_0.0_1_MAE_1_300_basis_pca_T_1_0_1
Fredformer,336,PEMS03,0.0005,0.0005,0.05,0.0,1.0,0.2,TST,100,5,32,64,500,1,0.0,3,5.0,MAE,1,basis,pca,T,1,0,0,0.38860228657722473,0.44064489006996155,/mnt/tidalfs-bdsz01/dataset/llm_dataset/plc_data/TransDF/results/meta_tune/Fredformer_PEMS03_336_0.0_1.0_0.0005_0.0005_0.05_TST_100_5_32_64_0.2_5.0_3_0.0_1_MAE_1_500_basis_pca_T_1_0_0
Fredformer,336,PEMS03,0.0005,0.0005,0.05,0.0,1.0,0.2,TST,100,5,32,64,500,1,0.0,3,5.0,MAE,1,basis,pca,T,1,0,1,0.3595912754535675,0.4137952923774719,/mnt/tidalfs-bdsz01/dataset/llm_dataset/plc_data/TransDF/results/meta_tune/Fredformer_PEMS03_336_0.0_1.0_0.0005_0.0005_0.05_TST_100_5_32_64_0.2_5.0_3_0.0_1_MAE_1_500_basis_pca_T_1_0_1
Fredformer,336,PEMS03,0.0005,0.0005,0.05,0.0,1.0,0.2,TST,100,5,32,64,700,1,0.0,3,5.0,MAE,1,basis,pca,T,1,0,0,0.40164443850517273,0.44854095578193665,/mnt/tidalfs-bdsz01/dataset/llm_dataset/plc_data/TransDF/results/meta_tune/Fredformer_PEMS03_336_0.0_1.0_0.0005_0.0005_0.05_TST_100_5_32_64_0.2_5.0_3_0.0_1_MAE_1_700_basis_pca_T_1_0_0
Fredformer,336,PEMS03,0.0005,0.0005,0.05,0.0,1.0,0.2,TST,100,5,32,64,700,1,0.0,3,5.0,MAE,1,basis,pca,T,1,0,1,0.36054790019989014,0.4152168035507202,/mnt/tidalfs-bdsz01/dataset/llm_dataset/plc_data/TransDF/results/meta_tune/Fredformer_PEMS03_336_0.0_1.0_0.0005_0.0005_0.05_TST_100_5_32_64_0.2_5.0_3_0.0_1_MAE_1_700_basis_pca_T_1_0_1
Fredformer,336,PEMS03,0.0005,0.0005,0.05,0.0,1.0,0.6,TST,100,5,32,64,300,1,0.0,3,5.0,MAE,1,basis,pca,T,1,0,0,0.3790118992328644,0.42659854888916016,/mnt/tidalfs-bdsz01/dataset/llm_dataset/plc_data/TransDF/results/meta_tune/Fredformer_PEMS03_336_0.0_1.0_0.0005_0.0005_0.05_TST_100_5_32_64_0.6_5.0_3_0.0_1_MAE_1_300_basis_pca_T_1_0_0
Fredformer,336,PEMS03,0.0005,0.0005,0.05,0.0,1.0,0.6,TST,100,5,32,64,300,1,0.0,3,5.0,MAE,1,basis,pca,T,1,0,1,0.35422173142433167,0.41096028685569763,/mnt/tidalfs-bdsz01/dataset/llm_dataset/plc_data/TransDF/results/meta_tune/Fredformer_PEMS03_336_0.0_1.0_0.0005_0.0005_0.05_TST_100_5_32_64_0.6_5.0_3_0.0_1_MAE_1_300_basis_pca_T_1_0_1
Fredformer,336,PEMS03,0.0005,0.0005,0.05,0.0,1.0,0.6,TST,100,5,32,64,500,1,0.0,3,5.0,MAE,1,basis,pca,T,1,0,0,0.3824073374271393,0.43140384554862976,/mnt/tidalfs-bdsz01/dataset/llm_dataset/plc_data/TransDF/results/meta_tune/Fredformer_PEMS03_336_0.0_1.0_0.0005_0.0005_0.05_TST_100_5_32_64_0.6_5.0_3_0.0_1_MAE_1_500_basis_pca_T_1_0_0
Fredformer,336,PEMS03,0.0005,0.0005,0.05,0.0,1.0,0.6,TST,100,5,32,64,500,1,0.0,3,5.0,MAE,1,basis,pca,T,1,0,1,0.36547234654426575,0.41800370812416077,/mnt/tidalfs-bdsz01/dataset/llm_dataset/plc_data/TransDF/results/meta_tune/Fredformer_PEMS03_336_0.0_1.0_0.0005_0.0005_0.05_TST_100_5_32_64_0.6_5.0_3_0.0_1_MAE_1_500_basis_pca_T_1_0_1
Fredformer,336,PEMS03,0.0005,0.0005,0.05,0.0,1.0,0.6,TST,100,5,32,64,700,1,0.0,3,5.0,MAE,1,basis,pca,T,1,0,0,0.38731464743614197,0.43385279178619385,/mnt/tidalfs-bdsz01/dataset/llm_dataset/plc_data/TransDF/results/meta_tune/Fredformer_PEMS03_336_0.0_1.0_0.0005_0.0005_0.05_TST_100_5_32_64_0.6_5.0_3_0.0_1_MAE_1_700_basis_pca_T_1_0_0
Fredformer,336,PEMS03,0.0005,0.0005,0.05,0.0,1.0,0.6,TST,100,5,32,64,700,1,0.0,3,5.0,MAE,1,basis,pca,T,1,0,1,0.3573229908943176,0.41221311688423157,/mnt/tidalfs-bdsz01/dataset/llm_dataset/plc_data/TransDF/results/meta_tune/Fredformer_PEMS03_336_0.0_1.0_0.0005_0.0005_0.05_TST_100_5_32_64_0.6_5.0_3_0.0_1_MAE_1_700_basis_pca_T_1_0_1
Fredformer,336,PEMS03,0.01,0.01,0.05,0.0,1.0,0.2,TST,100,5,32,64,300,1,0.0,3,5.0,MAE,1,basis,pca,T,1,0,0,1.5102550983428955,0.9970031976699829,/mnt/tidalfs-bdsz01/dataset/llm_dataset/plc_data/TransDF/results/meta_tune/Fredformer_PEMS03_336_0.0_1.0_0.01_0.01_0.05_TST_100_5_32_64_0.2_5.0_3_0.0_1_MAE_1_300_basis_pca_T_1_0_0
Fredformer,336,PEMS03,0.01,0.01,0.05,0.0,1.0,0.2,TST,100,5,32,64,300,1,0.0,3,5.0,MAE,1,basis,pca,T,1,0,1,0.3670674264431,0.4228672683238983,/mnt/tidalfs-bdsz01/dataset/llm_dataset/plc_data/TransDF/results/meta_tune/Fredformer_PEMS03_336_0.0_1.0_0.01_0.01_0.05_TST_100_5_32_64_0.2_5.0_3_0.0_1_MAE_1_300_basis_pca_T_1_0_1
Fredformer,336,PEMS03,0.01,0.01,0.05,0.0,1.0,0.2,TST,100,5,32,64,500,1,0.0,3,5.0,MAE,1,basis,pca,T,1,0,0,1.5102306604385376,0.9969854950904846,/mnt/tidalfs-bdsz01/dataset/llm_dataset/plc_data/TransDF/results/meta_tune/Fredformer_PEMS03_336_0.0_1.0_0.01_0.01_0.05_TST_100_5_32_64_0.2_5.0_3_0.0_1_MAE_1_500_basis_pca_T_1_0_0
Fredformer,336,PEMS03,0.01,0.01,0.05,0.0,1.0,0.2,TST,100,5,32,64,500,1,0.0,3,5.0,MAE,1,basis,pca,T,1,0,1,0.43598470091819763,0.4799751043319702,/mnt/tidalfs-bdsz01/dataset/llm_dataset/plc_data/TransDF/results/meta_tune/Fredformer_PEMS03_336_0.0_1.0_0.01_0.01_0.05_TST_100_5_32_64_0.2_5.0_3_0.0_1_MAE_1_500_basis_pca_T_1_0_1
Fredformer,336,PEMS03,0.01,0.01,0.05,0.0,1.0,0.2,TST,100,5,32,64,700,1,0.0,3,5.0,MAE,1,basis,pca,T,1,0,0,1.5102486610412598,0.9969945549964905,/mnt/tidalfs-bdsz01/dataset/llm_dataset/plc_data/TransDF/results/meta_tune/Fredformer_PEMS03_336_0.0_1.0_0.01_0.01_0.05_TST_100_5_32_64_0.2_5.0_3_0.0_1_MAE_1_700_basis_pca_T_1_0_0
Fredformer,336,PEMS03,0.01,0.01,0.05,0.0,1.0,0.2,TST,100,5,32,64,700,1,0.0,3,5.0,MAE,1,basis,pca,T,1,0,1,0.7802873253822327,0.7172451019287109,/mnt/tidalfs-bdsz01/dataset/llm_dataset/plc_data/TransDF/results/meta_tune/Fredformer_PEMS03_336_0.0_1.0_0.01_0.01_0.05_TST_100_5_32_64_0.2_5.0_3_0.0_1_MAE_1_700_basis_pca_T_1_0_1
Fredformer,336,PEMS03,0.01,0.01,0.05,0.0,1.0,0.6,TST,100,5,32,64,300,1,0.0,3,5.0,MAE,1,basis,pca,T,1,0,0,0.8967727422714233,0.7831225991249084,/mnt/tidalfs-bdsz01/dataset/llm_dataset/plc_data/TransDF/results/meta_tune/Fredformer_PEMS03_336_0.0_1.0_0.01_0.01_0.05_TST_100_5_32_64_0.6_5.0_3_0.0_1_MAE_1_300_basis_pca_T_1_0_0
Fredformer,336,PEMS03,0.01,0.01,0.05,0.0,1.0,0.6,TST,100,5,32,64,300,1,0.0,3,5.0,MAE,1,basis,pca,T,1,0,1,0.3472936153411865,0.4065524637699127,/mnt/tidalfs-bdsz01/dataset/llm_dataset/plc_data/TransDF/results/meta_tune/Fredformer_PEMS03_336_0.0_1.0_0.01_0.01_0.05_TST_100_5_32_64_0.6_5.0_3_0.0_1_MAE_1_300_basis_pca_T_1_0_1
Fredformer,336,PEMS03,0.01,0.01,0.05,0.0,1.0,0.6,TST,100,5,32,64,500,1,0.0,3,5.0,MAE,1,basis,pca,T,1,0,0,0.9878551363945007,0.8285208940505981,/mnt/tidalfs-bdsz01/dataset/llm_dataset/plc_data/TransDF/results/meta_tune/Fredformer_PEMS03_336_0.0_1.0_0.01_0.01_0.05_TST_100_5_32_64_0.6_5.0_3_0.0_1_MAE_1_500_basis_pca_T_1_0_0
Fredformer,336,PEMS03,0.01,0.01,0.05,0.0,1.0,0.6,TST,100,5,32,64,500,1,0.0,3,5.0,MAE,1,basis,pca,T,1,0,1,0.3529226779937744,0.41465872526168823,/mnt/tidalfs-bdsz01/dataset/llm_dataset/plc_data/TransDF/results/meta_tune/Fredformer_PEMS03_336_0.0_1.0_0.01_0.01_0.05_TST_100_5_32_64_0.6_5.0_3_0.0_1_MAE_1_500_basis_pca_T_1_0_1
Fredformer,336,PEMS03,0.01,0.01,0.05,0.0,1.0,0.6,TST,100,5,32,64,700,1,0.0,3,5.0,MAE,1,basis,pca,T,1,0,0,1.5106910467147827,0.9971619844436646,/mnt/tidalfs-bdsz01/dataset/llm_dataset/plc_data/TransDF/results/meta_tune/Fredformer_PEMS03_336_0.0_1.0_0.01_0.01_0.05_TST_100_5_32_64_0.6_5.0_3_0.0_1_MAE_1_700_basis_pca_T_1_0_0
Fredformer,336,PEMS03,0.01,0.01,0.05,0.0,1.0,0.6,TST,100,5,32,64,700,1,0.0,3,5.0,MAE,1,basis,pca,T,1,0,1,0.35111290216445923,0.4103166162967682,/mnt/tidalfs-bdsz01/dataset/llm_dataset/plc_data/TransDF/results/meta_tune/Fredformer_PEMS03_336_0.0_1.0_0.01_0.01_0.05_TST_100_5_32_64_0.6_5.0_3_0.0_1_MAE_1_700_basis_pca_T_1_0_1
Fredformer,336,PEMS03,0.0005,0.0005,0.05,0.4,0.6,0.2,TST,100,5,32,64,300,1,0.0,3,5.0,MAE,1,basis,pca,T,1,0,0,0.37379178404808044,0.4254070222377777,/mnt/tidalfs-bdsz01/dataset/llm_dataset/plc_data/TransDF/results/meta_tune/Fredformer_PEMS03_336_0.4_0.6_0.0005_0.0005_0.05_TST_100_5_32_64_0.2_5.0_3_0.0_1_MAE_1_300_basis_pca_T_1_0_0
Fredformer,336,PEMS03,0.0005,0.0005,0.05,0.4,0.6,0.2,TST,100,5,32,64,300,1,0.0,3,5.0,MAE,1,basis,pca,T,1,0,1,0.3782205581665039,0.4287838339805603,/mnt/tidalfs-bdsz01/dataset/llm_dataset/plc_data/TransDF/results/meta_tune/Fredformer_PEMS03_336_0.4_0.6_0.0005_0.0005_0.05_TST_100_5_32_64_0.2_5.0_3_0.0_1_MAE_1_300_basis_pca_T_1_0_1
Fredformer,336,PEMS03,0.0005,0.0005,0.05,0.4,0.6,0.2,TST,100,5,32,64,500,1,0.0,3,5.0,MAE,1,basis,pca,T,1,0,0,0.37873226404190063,0.4291752576828003,/mnt/tidalfs-bdsz01/dataset/llm_dataset/plc_data/TransDF/results/meta_tune/Fredformer_PEMS03_336_0.4_0.6_0.0005_0.0005_0.05_TST_100_5_32_64_0.2_5.0_3_0.0_1_MAE_1_500_basis_pca_T_1_0_0
Fredformer,336,PEMS03,0.0005,0.0005,0.05,0.4,0.6,0.2,TST,100,5,32,64,500,1,0.0,3,5.0,MAE,1,basis,pca,T,1,0,1,0.3640204966068268,0.41971972584724426,/mnt/tidalfs-bdsz01/dataset/llm_dataset/plc_data/TransDF/results/meta_tune/Fredformer_PEMS03_336_0.4_0.6_0.0005_0.0005_0.05_TST_100_5_32_64_0.2_5.0_3_0.0_1_MAE_1_500_basis_pca_T_1_0_1
Fredformer,336,PEMS03,0.0005,0.0005,0.05,0.4,0.6,0.2,TST,100,5,32,64,700,1,0.0,3,5.0,MAE,1,basis,pca,T,1,0,0,0.4065972566604614,0.4457843601703644,/mnt/tidalfs-bdsz01/dataset/llm_dataset/plc_data/TransDF/results/meta_tune/Fredformer_PEMS03_336_0.4_0.6_0.0005_0.0005_0.05_TST_100_5_32_64_0.2_5.0_3_0.0_1_MAE_1_700_basis_pca_T_1_0_0
Fredformer,336,PEMS03,0.0005,0.0005,0.05,0.4,0.6,0.2,TST,100,5,32,64,700,1,0.0,3,5.0,MAE,1,basis,pca,T,1,0,1,0.3697018027305603,0.42200446128845215,/mnt/tidalfs-bdsz01/dataset/llm_dataset/plc_data/TransDF/results/meta_tune/Fredformer_PEMS03_336_0.4_0.6_0.0005_0.0005_0.05_TST_100_5_32_64_0.2_5.0_3_0.0_1_MAE_1_700_basis_pca_T_1_0_1
Fredformer,336,PEMS03,0.0005,0.0005,0.05,0.4,0.6,0.6,TST,100,5,32,64,300,1,0.0,3,5.0,MAE,1,basis,pca,T,1,0,0,0.40041738748550415,0.4407797157764435,/mnt/tidalfs-bdsz01/dataset/llm_dataset/plc_data/TransDF/results/meta_tune/Fredformer_PEMS03_336_0.4_0.6_0.0005_0.0005_0.05_TST_100_5_32_64_0.6_5.0_3_0.0_1_MAE_1_300_basis_pca_T_1_0_0
Fredformer,336,PEMS03,0.0005,0.0005,0.05,0.4,0.6,0.6,TST,100,5,32,64,300,1,0.0,3,5.0,MAE,1,basis,pca,T,1,0,1,0.39147600531578064,0.43603581190109253,/mnt/tidalfs-bdsz01/dataset/llm_dataset/plc_data/TransDF/results/meta_tune/Fredformer_PEMS03_336_0.4_0.6_0.0005_0.0005_0.05_TST_100_5_32_64_0.6_5.0_3_0.0_1_MAE_1_300_basis_pca_T_1_0_1
Fredformer,336,PEMS03,0.0005,0.0005,0.05,0.4,0.6,0.6,TST,100,5,32,64,500,1,0.0,3,5.0,MAE,1,basis,pca,T,1,0,0,0.3556809723377228,0.4148792326450348,/mnt/tidalfs-bdsz01/dataset/llm_dataset/plc_data/TransDF/results/meta_tune/Fredformer_PEMS03_336_0.4_0.6_0.0005_0.0005_0.05_TST_100_5_32_64_0.6_5.0_3_0.0_1_MAE_1_500_basis_pca_T_1_0_0
Fredformer,336,PEMS03,0.0005,0.0005,0.05,0.4,0.6,0.6,TST,100,5,32,64,500,1,0.0,3,5.0,MAE,1,basis,pca,T,1,0,1,0.3934563398361206,0.4378582239151001,/mnt/tidalfs-bdsz01/dataset/llm_dataset/plc_data/TransDF/results/meta_tune/Fredformer_PEMS03_336_0.4_0.6_0.0005_0.0005_0.05_TST_100_5_32_64_0.6_5.0_3_0.0_1_MAE_1_500_basis_pca_T_1_0_1
Fredformer,336,PEMS03,0.0005,0.0005,0.05,0.4,0.6,0.6,TST,100,5,32,64,700,1,0.0,3,5.0,MAE,1,basis,pca,T,1,0,0,0.3821682333946228,0.4320147931575775,/mnt/tidalfs-bdsz01/dataset/llm_dataset/plc_data/TransDF/results/meta_tune/Fredformer_PEMS03_336_0.4_0.6_0.0005_0.0005_0.05_TST_100_5_32_64_0.6_5.0_3_0.0_1_MAE_1_700_basis_pca_T_1_0_0
Fredformer,336,PEMS03,0.0005,0.0005,0.05,0.4,0.6,0.6,TST,100,5,32,64,700,1,0.0,3,5.0,MAE,1,basis,pca,T,1,0,1,0.3943622410297394,0.43856626749038696,/mnt/tidalfs-bdsz01/dataset/llm_dataset/plc_data/TransDF/results/meta_tune/Fredformer_PEMS03_336_0.4_0.6_0.0005_0.0005_0.05_TST_100_5_32_64_0.6_5.0_3_0.0_1_MAE_1_700_basis_pca_T_1_0_1
Fredformer,336,PEMS03,0.01,0.01,0.05,0.4,0.6,0.2,TST,100,5,32,64,300,1,0.0,3,5.0,MAE,1,basis,pca,T,1,0,0,1.5095802545547485,0.9964462518692017,/mnt/tidalfs-bdsz01/dataset/llm_dataset/plc_data/TransDF/results/meta_tune/Fredformer_PEMS03_336_0.4_0.6_0.01_0.01_0.05_TST_100_5_32_64_0.2_5.0_3_0.0_1_MAE_1_300_basis_pca_T_1_0_0
Fredformer,336,PEMS03,0.01,0.01,0.05,0.4,0.6,0.2,TST,100,5,32,64,300,1,0.0,3,5.0,MAE,1,basis,pca,T,1,0,1,0.33544406294822693,0.4018859267234802,/mnt/tidalfs-bdsz01/dataset/llm_dataset/plc_data/TransDF/results/meta_tune/Fredformer_PEMS03_336_0.4_0.6_0.01_0.01_0.05_TST_100_5_32_64_0.2_5.0_3_0.0_1_MAE_1_300_basis_pca_T_1_0_1
Fredformer,336,PEMS03,0.01,0.01,0.05,0.4,0.6,0.2,TST,100,5,32,64,500,1,0.0,3,5.0,MAE,1,basis,pca,T,1,0,0,1.5098069906234741,0.9966060519218445,/mnt/tidalfs-bdsz01/dataset/llm_dataset/plc_data/TransDF/results/meta_tune/Fredformer_PEMS03_336_0.4_0.6_0.01_0.01_0.05_TST_100_5_32_64_0.2_5.0_3_0.0_1_MAE_1_500_basis_pca_T_1_0_0
Fredformer,336,PEMS03,0.01,0.01,0.05,0.4,0.6,0.2,TST,100,5,32,64,500,1,0.0,3,5.0,MAE,1,basis,pca,T,1,0,1,0.33557623624801636,0.40108245611190796,/mnt/tidalfs-bdsz01/dataset/llm_dataset/plc_data/TransDF/results/meta_tune/Fredformer_PEMS03_336_0.4_0.6_0.01_0.01_0.05_TST_100_5_32_64_0.2_5.0_3_0.0_1_MAE_1_500_basis_pca_T_1_0_1
Fredformer,336,PEMS03,0.01,0.01,0.05,0.4,0.6,0.2,TST,100,5,32,64,700,1,0.0,3,5.0,MAE,1,basis,pca,T,1,0,0,1.5095021724700928,0.9964450597763062,/mnt/tidalfs-bdsz01/dataset/llm_dataset/plc_data/TransDF/results/meta_tune/Fredformer_PEMS03_336_0.4_0.6_0.01_0.01_0.05_TST_100_5_32_64_0.2_5.0_3_0.0_1_MAE_1_700_basis_pca_T_1_0_0
Fredformer,336,PEMS03,0.01,0.01,0.05,0.4,0.6,0.2,TST,100,5,32,64,700,1,0.0,3,5.0,MAE,1,basis,pca,T,1,0,1,0.3319965600967407,0.40093299746513367,/mnt/tidalfs-bdsz01/dataset/llm_dataset/plc_data/TransDF/results/meta_tune/Fredformer_PEMS03_336_0.4_0.6_0.01_0.01_0.05_TST_100_5_32_64_0.2_5.0_3_0.0_1_MAE_1_700_basis_pca_T_1_0_1
Fredformer,336,PEMS03,0.01,0.01,0.05,0.4,0.6,0.6,TST,100,5,32,64,300,1,0.0,3,5.0,MAE,1,basis,pca,T,1,0,0,1.3937770128250122,0.9522058367729187,/mnt/tidalfs-bdsz01/dataset/llm_dataset/plc_data/TransDF/results/meta_tune/Fredformer_PEMS03_336_0.4_0.6_0.01_0.01_0.05_TST_100_5_32_64_0.6_5.0_3_0.0_1_MAE_1_300_basis_pca_T_1_0_0
Fredformer,336,PEMS03,0.01,0.01,0.05,0.4,0.6,0.6,TST,100,5,32,64,300,1,0.0,3,5.0,MAE,1,basis,pca,T,1,0,1,0.34589990973472595,0.40781089663505554,/mnt/tidalfs-bdsz01/dataset/llm_dataset/plc_data/TransDF/results/meta_tune/Fredformer_PEMS03_336_0.4_0.6_0.01_0.01_0.05_TST_100_5_32_64_0.6_5.0_3_0.0_1_MAE_1_300_basis_pca_T_1_0_1
Fredformer,336,PEMS03,0.01,0.01,0.05,0.4,0.6,0.6,TST,100,5,32,64,500,1,0.0,3,5.0,MAE,1,basis,pca,T,1,0,0,1.5032823085784912,0.9912318587303162,/mnt/tidalfs-bdsz01/dataset/llm_dataset/plc_data/TransDF/results/meta_tune/Fredformer_PEMS03_336_0.4_0.6_0.01_0.01_0.05_TST_100_5_32_64_0.6_5.0_3_0.0_1_MAE_1_500_basis_pca_T_1_0_0
Fredformer,336,PEMS03,0.01,0.01,0.05,0.4,0.6,0.6,TST,100,5,32,64,500,1,0.0,3,5.0,MAE,1,basis,pca,T,1,0,1,0.3433227241039276,0.40823522210121155,/mnt/tidalfs-bdsz01/dataset/llm_dataset/plc_data/TransDF/results/meta_tune/Fredformer_PEMS03_336_0.4_0.6_0.01_0.01_0.05_TST_100_5_32_64_0.6_5.0_3_0.0_1_MAE_1_500_basis_pca_T_1_0_1
Fredformer,336,PEMS03,0.01,0.01,0.05,0.4,0.6,0.6,TST,100,5,32,64,700,1,0.0,3,5.0,MAE,1,basis,pca,T,1,0,0,1.5037211179733276,0.9915368556976318,/mnt/tidalfs-bdsz01/dataset/llm_dataset/plc_data/TransDF/results/meta_tune/Fredformer_PEMS03_336_0.4_0.6_0.01_0.01_0.05_TST_100_5_32_64_0.6_5.0_3_0.0_1_MAE_1_700_basis_pca_T_1_0_0
Fredformer,336,PEMS03,0.01,0.01,0.05,0.4,0.6,0.6,TST,100,5,32,64,700,1,0.0,3,5.0,MAE,1,basis,pca,T,1,0,1,0.3361339569091797,0.4017164707183838,/mnt/tidalfs-bdsz01/dataset/llm_dataset/plc_data/TransDF/results/meta_tune/Fredformer_PEMS03_336_0.4_0.6_0.01_0.01_0.05_TST_100_5_32_64_0.6_5.0_3_0.0_1_MAE_1_700_basis_pca_T_1_0_1
Fredformer,720,PEMS03,0.0005,0.0005,0.05,0.0,1.0,0.2,TST,100,5,32,64,300,1,0.0,3,5.0,MAE,1,basis,pca,T,1,0,0,0.45771241188049316,0.48475199937820435,/mnt/tidalfs-bdsz01/dataset/llm_dataset/plc_data/TransDF/results/meta_tune/Fredformer_PEMS03_720_0.0_1.0_0.0005_0.0005_0.05_TST_100_5_32_64_0.2_5.0_3_0.0_1_MAE_1_300_basis_pca_T_1_0_0
Fredformer,720,PEMS03,0.0005,0.0005,0.05,0.0,1.0,0.2,TST,100,5,32,64,300,1,0.0,3,5.0,MAE,1,basis,pca,T,1,0,1,0.4428350627422333,0.471596896648407,/mnt/tidalfs-bdsz01/dataset/llm_dataset/plc_data/TransDF/results/meta_tune/Fredformer_PEMS03_720_0.0_1.0_0.0005_0.0005_0.05_TST_100_5_32_64_0.2_5.0_3_0.0_1_MAE_1_300_basis_pca_T_1_0_1
Fredformer,720,PEMS03,0.0005,0.0005,0.05,0.0,1.0,0.2,TST,100,5,32,64,500,1,0.0,3,5.0,MAE,1,basis,pca,T,1,0,0,0.4722672998905182,0.4965367913246155,/mnt/tidalfs-bdsz01/dataset/llm_dataset/plc_data/TransDF/results/meta_tune/Fredformer_PEMS03_720_0.0_1.0_0.0005_0.0005_0.05_TST_100_5_32_64_0.2_5.0_3_0.0_1_MAE_1_500_basis_pca_T_1_0_0
Fredformer,720,PEMS03,0.0005,0.0005,0.05,0.0,1.0,0.2,TST,100,5,32,64,500,1,0.0,3,5.0,MAE,1,basis,pca,T,1,0,1,0.46033862233161926,0.4824681282043457,/mnt/tidalfs-bdsz01/dataset/llm_dataset/plc_data/TransDF/results/meta_tune/Fredformer_PEMS03_720_0.0_1.0_0.0005_0.0005_0.05_TST_100_5_32_64_0.2_5.0_3_0.0_1_MAE_1_500_basis_pca_T_1_0_1
Fredformer,720,PEMS03,0.0005,0.0005,0.05,0.0,1.0,0.2,TST,100,5,32,64,700,1,0.0,3,5.0,MAE,1,basis,pca,T,1,0,0,0.4672431945800781,0.4927770793437958,/mnt/tidalfs-bdsz01/dataset/llm_dataset/plc_data/TransDF/results/meta_tune/Fredformer_PEMS03_720_0.0_1.0_0.0005_0.0005_0.05_TST_100_5_32_64_0.2_5.0_3_0.0_1_MAE_1_700_basis_pca_T_1_0_0
Fredformer,720,PEMS03,0.0005,0.0005,0.05,0.0,1.0,0.2,TST,100,5,32,64,700,1,0.0,3,5.0,MAE,1,basis,pca,T,1,0,1,0.44443461298942566,0.47127917408943176,/mnt/tidalfs-bdsz01/dataset/llm_dataset/plc_data/TransDF/results/meta_tune/Fredformer_PEMS03_720_0.0_1.0_0.0005_0.0005_0.05_TST_100_5_32_64_0.2_5.0_3_0.0_1_MAE_1_700_basis_pca_T_1_0_1
Fredformer,720,PEMS03,0.0005,0.0005,0.05,0.0,1.0,0.6,TST,100,5,32,64,300,1,0.0,3,5.0,MAE,1,basis,pca,T,1,0,0,0.42337173223495483,0.4573056399822235,/mnt/tidalfs-bdsz01/dataset/llm_dataset/plc_data/TransDF/results/meta_tune/Fredformer_PEMS03_720_0.0_1.0_0.0005_0.0005_0.05_TST_100_5_32_64_0.6_5.0_3_0.0_1_MAE_1_300_basis_pca_T_1_0_0
Fredformer,720,PEMS03,0.0005,0.0005,0.05,0.0,1.0,0.6,TST,100,5,32,64,300,1,0.0,3,5.0,MAE,1,basis,pca,T,1,0,1,0.44344013929367065,0.47237059473991394,/mnt/tidalfs-bdsz01/dataset/llm_dataset/plc_data/TransDF/results/meta_tune/Fredformer_PEMS03_720_0.0_1.0_0.0005_0.0005_0.05_TST_100_5_32_64_0.6_5.0_3_0.0_1_MAE_1_300_basis_pca_T_1_0_1
Fredformer,720,PEMS03,0.0005,0.0005,0.05,0.0,1.0,0.6,TST,100,5,32,64,500,1,0.0,3,5.0,MAE,1,basis,pca,T,1,0,0,0.43233227729797363,0.4683654308319092,/mnt/tidalfs-bdsz01/dataset/llm_dataset/plc_data/TransDF/results/meta_tune/Fredformer_PEMS03_720_0.0_1.0_0.0005_0.0005_0.05_TST_100_5_32_64_0.6_5.0_3_0.0_1_MAE_1_500_basis_pca_T_1_0_0
Fredformer,720,PEMS03,0.0005,0.0005,0.05,0.0,1.0,0.6,TST,100,5,32,64,500,1,0.0,3,5.0,MAE,1,basis,pca,T,1,0,1,0.44501572847366333,0.47245553135871887,/mnt/tidalfs-bdsz01/dataset/llm_dataset/plc_data/TransDF/results/meta_tune/Fredformer_PEMS03_720_0.0_1.0_0.0005_0.0005_0.05_TST_100_5_32_64_0.6_5.0_3_0.0_1_MAE_1_500_basis_pca_T_1_0_1
Fredformer,720,PEMS03,0.0005,0.0005,0.05,0.0,1.0,0.6,TST,100,5,32,64,700,1,0.0,3,5.0,MAE,1,basis,pca,T,1,0,0,0.4432823061943054,0.47625237703323364,/mnt/tidalfs-bdsz01/dataset/llm_dataset/plc_data/TransDF/results/meta_tune/Fredformer_PEMS03_720_0.0_1.0_0.0005_0.0005_0.05_TST_100_5_32_64_0.6_5.0_3_0.0_1_MAE_1_700_basis_pca_T_1_0_0
Fredformer,720,PEMS03,0.0005,0.0005,0.05,0.0,1.0,0.6,TST,100,5,32,64,700,1,0.0,3,5.0,MAE,1,basis,pca,T,1,0,1,0.4492453932762146,0.4769292175769806,/mnt/tidalfs-bdsz01/dataset/llm_dataset/plc_data/TransDF/results/meta_tune/Fredformer_PEMS03_720_0.0_1.0_0.0005_0.0005_0.05_TST_100_5_32_64_0.6_5.0_3_0.0_1_MAE_1_700_basis_pca_T_1_0_1
Fredformer,720,PEMS03,0.01,0.01,0.05,0.0,1.0,0.2,TST,100,5,32,64,300,1,0.0,3,5.0,MAE,1,basis,pca,T,1,0,0,1.6578142642974854,1.0525938272476196,/mnt/tidalfs-bdsz01/dataset/llm_dataset/plc_data/TransDF/results/meta_tune/Fredformer_PEMS03_720_0.0_1.0_0.01_0.01_0.05_TST_100_5_32_64_0.2_5.0_3_0.0_1_MAE_1_300_basis_pca_T_1_0_0
Fredformer,720,PEMS03,0.01,0.01,0.05,0.0,1.0,0.2,TST,100,5,32,64,300,1,0.0,3,5.0,MAE,1,basis,pca,T,1,0,1,0.40580716729164124,0.44715267419815063,/mnt/tidalfs-bdsz01/dataset/llm_dataset/plc_data/TransDF/results/meta_tune/Fredformer_PEMS03_720_0.0_1.0_0.01_0.01_0.05_TST_100_5_32_64_0.2_5.0_3_0.0_1_MAE_1_300_basis_pca_T_1_0_1
Fredformer,720,PEMS03,0.01,0.01,0.05,0.0,1.0,0.2,TST,100,5,32,64,500,1,0.0,3,5.0,MAE,1,basis,pca,T,1,0,0,1.6577831506729126,1.0525810718536377,/mnt/tidalfs-bdsz01/dataset/llm_dataset/plc_data/TransDF/results/meta_tune/Fredformer_PEMS03_720_0.0_1.0_0.01_0.01_0.05_TST_100_5_32_64_0.2_5.0_3_0.0_1_MAE_1_500_basis_pca_T_1_0_0
Fredformer,720,PEMS03,0.01,0.01,0.05,0.0,1.0,0.2,TST,100,5,32,64,500,1,0.0,3,5.0,MAE,1,basis,pca,T,1,0,1,0.4267651438713074,0.462160587310791,/mnt/tidalfs-bdsz01/dataset/llm_dataset/plc_data/TransDF/results/meta_tune/Fredformer_PEMS03_720_0.0_1.0_0.01_0.01_0.05_TST_100_5_32_64_0.2_5.0_3_0.0_1_MAE_1_500_basis_pca_T_1_0_1
Fredformer,720,PEMS03,0.01,0.01,0.05,0.0,1.0,0.2,TST,100,5,32,64,700,1,0.0,3,5.0,MAE,1,basis,pca,T,1,0,0,1.65781569480896,1.0525944232940674,/mnt/tidalfs-bdsz01/dataset/llm_dataset/plc_data/TransDF/results/meta_tune/Fredformer_PEMS03_720_0.0_1.0_0.01_0.01_0.05_TST_100_5_32_64_0.2_5.0_3_0.0_1_MAE_1_700_basis_pca_T_1_0_0
Fredformer,720,PEMS03,0.01,0.01,0.05,0.0,1.0,0.2,TST,100,5,32,64,700,1,0.0,3,5.0,MAE,1,basis,pca,T,1,0,1,0.4522440731525421,0.4821977913379669,/mnt/tidalfs-bdsz01/dataset/llm_dataset/plc_data/TransDF/results/meta_tune/Fredformer_PEMS03_720_0.0_1.0_0.01_0.01_0.05_TST_100_5_32_64_0.2_5.0_3_0.0_1_MAE_1_700_basis_pca_T_1_0_1
Fredformer,720,PEMS03,0.01,0.01,0.05,0.0,1.0,0.6,TST,100,5,32,64,300,1,0.0,3,5.0,MAE,1,basis,pca,T,1,0,0,0.87745201587677,0.7785775661468506,/mnt/tidalfs-bdsz01/dataset/llm_dataset/plc_data/TransDF/results/meta_tune/Fredformer_PEMS03_720_0.0_1.0_0.01_0.01_0.05_TST_100_5_32_64_0.6_5.0_3_0.0_1_MAE_1_300_basis_pca_T_1_0_0
Fredformer,720,PEMS03,0.01,0.01,0.05,0.0,1.0,0.6,TST,100,5,32,64,300,1,0.0,3,5.0,MAE,1,basis,pca,T,1,0,1,0.42128559947013855,0.4619112014770508,/mnt/tidalfs-bdsz01/dataset/llm_dataset/plc_data/TransDF/results/meta_tune/Fredformer_PEMS03_720_0.0_1.0_0.01_0.01_0.05_TST_100_5_32_64_0.6_5.0_3_0.0_1_MAE_1_300_basis_pca_T_1_0_1
Fredformer,720,PEMS03,0.01,0.01,0.05,0.0,1.0,0.6,TST,100,5,32,64,500,1,0.0,3,5.0,MAE,1,basis,pca,T,1,0,0,1.126631498336792,0.8938764333724976,/mnt/tidalfs-bdsz01/dataset/llm_dataset/plc_data/TransDF/results/meta_tune/Fredformer_PEMS03_720_0.0_1.0_0.01_0.01_0.05_TST_100_5_32_64_0.6_5.0_3_0.0_1_MAE_1_500_basis_pca_T_1_0_0
Fredformer,720,PEMS03,0.01,0.01,0.05,0.0,1.0,0.6,TST,100,5,32,64,500,1,0.0,3,5.0,MAE,1,basis,pca,T,1,0,1,0.41543859243392944,0.4565325081348419,/mnt/tidalfs-bdsz01/dataset/llm_dataset/plc_data/TransDF/results/meta_tune/Fredformer_PEMS03_720_0.0_1.0_0.01_0.01_0.05_TST_100_5_32_64_0.6_5.0_3_0.0_1_MAE_1_500_basis_pca_T_1_0_1
Fredformer,720,PEMS03,0.01,0.01,0.05,0.0,1.0,0.6,TST,100,5,32,64,700,1,0.0,3,5.0,MAE,1,basis,pca,T,1,0,0,1.657837152481079,1.0526213645935059,/mnt/tidalfs-bdsz01/dataset/llm_dataset/plc_data/TransDF/results/meta_tune/Fredformer_PEMS03_720_0.0_1.0_0.01_0.01_0.05_TST_100_5_32_64_0.6_5.0_3_0.0_1_MAE_1_700_basis_pca_T_1_0_0
Fredformer,720,PEMS03,0.01,0.01,0.05,0.0,1.0,0.6,TST,100,5,32,64,700,1,0.0,3,5.0,MAE,1,basis,pca,T,1,0,1,0.41342389583587646,0.4562549889087677,/mnt/tidalfs-bdsz01/dataset/llm_dataset/plc_data/TransDF/results/meta_tune/Fredformer_PEMS03_720_0.0_1.0_0.01_0.01_0.05_TST_100_5_32_64_0.6_5.0_3_0.0_1_MAE_1_700_basis_pca_T_1_0_1
Fredformer,720,PEMS03,0.0005,0.0005,0.05,0.4,0.6,0.2,TST,100,5,32,64,300,1,0.0,3,5.0,MAE,1,basis,pca,T,1,0,0,0.44296154379844666,0.4717436730861664,/mnt/tidalfs-bdsz01/dataset/llm_dataset/plc_data/TransDF/results/meta_tune/Fredformer_PEMS03_720_0.4_0.6_0.0005_0.0005_0.05_TST_100_5_32_64_0.2_5.0_3_0.0_1_MAE_1_300_basis_pca_T_1_0_0
Fredformer,720,PEMS03,0.0005,0.0005,0.05,0.4,0.6,0.2,TST,100,5,32,64,300,1,0.0,3,5.0,MAE,1,basis,pca,T,1,0,1,0.43855756521224976,0.4698144793510437,/mnt/tidalfs-bdsz01/dataset/llm_dataset/plc_data/TransDF/results/meta_tune/Fredformer_PEMS03_720_0.4_0.6_0.0005_0.0005_0.05_TST_100_5_32_64_0.2_5.0_3_0.0_1_MAE_1_300_basis_pca_T_1_0_1
Fredformer,720,PEMS03,0.0005,0.0005,0.05,0.4,0.6,0.2,TST,100,5,32,64,500,1,0.0,3,5.0,MAE,1,basis,pca,T,1,0,0,0.4445396661758423,0.4767840802669525,/mnt/tidalfs-bdsz01/dataset/llm_dataset/plc_data/TransDF/results/meta_tune/Fredformer_PEMS03_720_0.4_0.6_0.0005_0.0005_0.05_TST_100_5_32_64_0.2_5.0_3_0.0_1_MAE_1_500_basis_pca_T_1_0_0
Fredformer,720,PEMS03,0.0005,0.0005,0.05,0.4,0.6,0.2,TST,100,5,32,64,500,1,0.0,3,5.0,MAE,1,basis,pca,T,1,0,1,0.43789705634117126,0.46992653608322144,/mnt/tidalfs-bdsz01/dataset/llm_dataset/plc_data/TransDF/results/meta_tune/Fredformer_PEMS03_720_0.4_0.6_0.0005_0.0005_0.05_TST_100_5_32_64_0.2_5.0_3_0.0_1_MAE_1_500_basis_pca_T_1_0_1
Fredformer,720,PEMS03,0.0005,0.0005,0.05,0.4,0.6,0.2,TST,100,5,32,64,700,1,0.0,3,5.0,MAE,1,basis,pca,T,1,0,0,0.43675124645233154,0.46937885880470276,/mnt/tidalfs-bdsz01/dataset/llm_dataset/plc_data/TransDF/results/meta_tune/Fredformer_PEMS03_720_0.4_0.6_0.0005_0.0005_0.05_TST_100_5_32_64_0.2_5.0_3_0.0_1_MAE_1_700_basis_pca_T_1_0_0
Fredformer,720,PEMS03,0.0005,0.0005,0.05,0.4,0.6,0.2,TST,100,5,32,64,700,1,0.0,3,5.0,MAE,1,basis,pca,T,1,0,1,0.4356045722961426,0.4682081639766693,/mnt/tidalfs-bdsz01/dataset/llm_dataset/plc_data/TransDF/results/meta_tune/Fredformer_PEMS03_720_0.4_0.6_0.0005_0.0005_0.05_TST_100_5_32_64_0.2_5.0_3_0.0_1_MAE_1_700_basis_pca_T_1_0_1
Fredformer,720,PEMS03,0.0005,0.0005,0.05,0.4,0.6,0.6,TST,100,5,32,64,300,1,0.0,3,5.0,MAE,1,basis,pca,T,1,0,0,0.42386046051979065,0.4605405330657959,/mnt/tidalfs-bdsz01/dataset/llm_dataset/plc_data/TransDF/results/meta_tune/Fredformer_PEMS03_720_0.4_0.6_0.0005_0.0005_0.05_TST_100_5_32_64_0.6_5.0_3_0.0_1_MAE_1_300_basis_pca_T_1_0_0
Fredformer,720,PEMS03,0.0005,0.0005,0.05,0.4,0.6,0.6,TST,100,5,32,64,300,1,0.0,3,5.0,MAE,1,basis,pca,T,1,0,1,0.4417603015899658,0.4720817506313324,/mnt/tidalfs-bdsz01/dataset/llm_dataset/plc_data/TransDF/results/meta_tune/Fredformer_PEMS03_720_0.4_0.6_0.0005_0.0005_0.05_TST_100_5_32_64_0.6_5.0_3_0.0_1_MAE_1_300_basis_pca_T_1_0_1
Fredformer,720,PEMS03,0.0005,0.0005,0.05,0.4,0.6,0.6,TST,100,5,32,64,500,1,0.0,3,5.0,MAE,1,basis,pca,T,1,0,0,0.45300814509391785,0.4810076355934143,/mnt/tidalfs-bdsz01/dataset/llm_dataset/plc_data/TransDF/results/meta_tune/Fredformer_PEMS03_720_0.4_0.6_0.0005_0.0005_0.05_TST_100_5_32_64_0.6_5.0_3_0.0_1_MAE_1_500_basis_pca_T_1_0_0
Fredformer,720,PEMS03,0.0005,0.0005,0.05,0.4,0.6,0.6,TST,100,5,32,64,500,1,0.0,3,5.0,MAE,1,basis,pca,T,1,0,1,0.45173758268356323,0.4792343080043793,/mnt/tidalfs-bdsz01/dataset/llm_dataset/plc_data/TransDF/results/meta_tune/Fredformer_PEMS03_720_0.4_0.6_0.0005_0.0005_0.05_TST_100_5_32_64_0.6_5.0_3_0.0_1_MAE_1_500_basis_pca_T_1_0_1
Fredformer,720,PEMS03,0.0005,0.0005,0.05,0.4,0.6,0.6,TST,100,5,32,64,700,1,0.0,3,5.0,MAE,1,basis,pca,T,1,0,0,0.4539788067340851,0.48249244689941406,/mnt/tidalfs-bdsz01/dataset/llm_dataset/plc_data/TransDF/results/meta_tune/Fredformer_PEMS03_720_0.4_0.6_0.0005_0.0005_0.05_TST_100_5_32_64_0.6_5.0_3_0.0_1_MAE_1_700_basis_pca_T_1_0_0
Fredformer,720,PEMS03,0.0005,0.0005,0.05,0.4,0.6,0.6,TST,100,5,32,64,700,1,0.0,3,5.0,MAE,1,basis,pca,T,1,0,1,0.4433702826499939,0.4724981486797333,/mnt/tidalfs-bdsz01/dataset/llm_dataset/plc_data/TransDF/results/meta_tune/Fredformer_PEMS03_720_0.4_0.6_0.0005_0.0005_0.05_TST_100_5_32_64_0.6_5.0_3_0.0_1_MAE_1_700_basis_pca_T_1_0_1
Fredformer,720,PEMS03,0.01,0.01,0.05,0.4,0.6,0.2,TST,100,5,32,64,300,1,0.0,3,5.0,MAE,1,basis,pca,T,1,0,0,1.6573618650436401,1.0521987676620483,/mnt/tidalfs-bdsz01/dataset/llm_dataset/plc_data/TransDF/results/meta_tune/Fredformer_PEMS03_720_0.4_0.6_0.01_0.01_0.05_TST_100_5_32_64_0.2_5.0_3_0.0_1_MAE_1_300_basis_pca_T_1_0_0
Fredformer,720,PEMS03,0.01,0.01,0.05,0.4,0.6,0.2,TST,100,5,32,64,300,1,0.0,3,5.0,MAE,1,basis,pca,T,1,0,1,0.4063551127910614,0.45280614495277405,/mnt/tidalfs-bdsz01/dataset/llm_dataset/plc_data/TransDF/results/meta_tune/Fredformer_PEMS03_720_0.4_0.6_0.01_0.01_0.05_TST_100_5_32_64_0.2_5.0_3_0.0_1_MAE_1_300_basis_pca_T_1_0_1
Fredformer,720,PEMS03,0.01,0.01,0.05,0.4,0.6,0.2,TST,100,5,32,64,500,1,0.0,3,5.0,MAE,1,basis,pca,T,1,0,0,1.657394528388977,1.0522099733352661,/mnt/tidalfs-bdsz01/dataset/llm_dataset/plc_data/TransDF/results/meta_tune/Fredformer_PEMS03_720_0.4_0.6_0.01_0.01_0.05_TST_100_5_32_64_0.2_5.0_3_0.0_1_MAE_1_500_basis_pca_T_1_0_0
Fredformer,720,PEMS03,0.01,0.01,0.05,0.4,0.6,0.2,TST,100,5,32,64,500,1,0.0,3,5.0,MAE,1,basis,pca,T,1,0,1,0.41294628381729126,0.45501306653022766,/mnt/tidalfs-bdsz01/dataset/llm_dataset/plc_data/TransDF/results/meta_tune/Fredformer_PEMS03_720_0.4_0.6_0.01_0.01_0.05_TST_100_5_32_64_0.2_5.0_3_0.0_1_MAE_1_500_basis_pca_T_1_0_1
Fredformer,720,PEMS03,0.01,0.01,0.05,0.4,0.6,0.2,TST,100,5,32,64,700,1,0.0,3,5.0,MAE,1,basis,pca,T,1,0,0,1.6573634147644043,1.0521777868270874,/mnt/tidalfs-bdsz01/dataset/llm_dataset/plc_data/TransDF/results/meta_tune/Fredformer_PEMS03_720_0.4_0.6_0.01_0.01_0.05_TST_100_5_32_64_0.2_5.0_3_0.0_1_MAE_1_700_basis_pca_T_1_0_0
Fredformer,720,PEMS03,0.01,0.01,0.05,0.4,0.6,0.2,TST,100,5,32,64,700,1,0.0,3,5.0,MAE,1,basis,pca,T,1,0,1,0.4178470969200134,0.4596830904483795,/mnt/tidalfs-bdsz01/dataset/llm_dataset/plc_data/TransDF/results/meta_tune/Fredformer_PEMS03_720_0.4_0.6_0.01_0.01_0.05_TST_100_5_32_64_0.2_5.0_3_0.0_1_MAE_1_700_basis_pca_T_1_0_1
Fredformer,720,PEMS03,0.01,0.01,0.05,0.4,0.6,0.6,TST,100,5,32,64,300,1,0.0,3,5.0,MAE,1,basis,pca,T,1,0,0,1.3778609037399292,0.9511213302612305,/mnt/tidalfs-bdsz01/dataset/llm_dataset/plc_data/TransDF/results/meta_tune/Fredformer_PEMS03_720_0.4_0.6_0.01_0.01_0.05_TST_100_5_32_64_0.6_5.0_3_0.0_1_MAE_1_300_basis_pca_T_1_0_0
Fredformer,720,PEMS03,0.01,0.01,0.05,0.4,0.6,0.6,TST,100,5,32,64,300,1,0.0,3,5.0,MAE,1,basis,pca,T,1,0,1,0.42414116859436035,0.46138709783554077,/mnt/tidalfs-bdsz01/dataset/llm_dataset/plc_data/TransDF/results/meta_tune/Fredformer_PEMS03_720_0.4_0.6_0.01_0.01_0.05_TST_100_5_32_64_0.6_5.0_3_0.0_1_MAE_1_300_basis_pca_T_1_0_1
Fredformer,720,PEMS03,0.01,0.01,0.05,0.4,0.6,0.6,TST,100,5,32,64,500,1,0.0,3,5.0,MAE,1,basis,pca,T,1,0,0,1.5322802066802979,1.0065330266952515,/mnt/tidalfs-bdsz01/dataset/llm_dataset/plc_data/TransDF/results/meta_tune/Fredformer_PEMS03_720_0.4_0.6_0.01_0.01_0.05_TST_100_5_32_64_0.6_5.0_3_0.0_1_MAE_1_500_basis_pca_T_1_0_0
Fredformer,720,PEMS03,0.01,0.01,0.05,0.4,0.6,0.6,TST,100,5,32,64,500,1,0.0,3,5.0,MAE,1,basis,pca,T,1,0,1,0.4232439398765564,0.46271878480911255,/mnt/tidalfs-bdsz01/dataset/llm_dataset/plc_data/TransDF/results/meta_tune/Fredformer_PEMS03_720_0.4_0.6_0.01_0.01_0.05_TST_100_5_32_64_0.6_5.0_3_0.0_1_MAE_1_500_basis_pca_T_1_0_1
Fredformer,720,PEMS03,0.01,0.01,0.05,0.4,0.6,0.6,TST,100,5,32,64,700,1,0.0,3,5.0,MAE,1,basis,pca,T,1,0,0,1.6566312313079834,1.0516709089279175,/mnt/tidalfs-bdsz01/dataset/llm_dataset/plc_data/TransDF/results/meta_tune/Fredformer_PEMS03_720_0.4_0.6_0.01_0.01_0.05_TST_100_5_32_64_0.6_5.0_3_0.0_1_MAE_1_700_basis_pca_T_1_0_0
Fredformer,720,PEMS03,0.01,0.01,0.05,0.4,0.6,0.6,TST,100,5,32,64,700,1,0.0,3,5.0,MAE,1,basis,pca,T,1,0,1,0.43365755677223206,0.46814534068107605,/mnt/tidalfs-bdsz01/dataset/llm_dataset/plc_data/TransDF/results/meta_tune/Fredformer_PEMS03_720_0.4_0.6_0.01_0.01_0.05_TST_100_5_32_64_0.6_5.0_3_0.0_1_MAE_1_700_basis_pca_T_1_0_1
Fredformer,96,Traffic,0.001,0.001,0.05,0.2,0.8,1.0,TST,100,5,32,64,300,1,0.0,3,5.0,MAE,1,basis,pca,T,1,0,0,0.3910089135169983,0.26387694478034973,/mnt/tidalfs-bdsz01/dataset/llm_dataset/plc_data/TransDF/results/meta_tune/Fredformer_Traffic_96_0.2_0.8_0.001_0.001_0.05_TST_100_5_32_64_1.0_5.0_3_0.0_1_MAE_1_300_basis_pca_T_1_0_0
Fredformer,96,Traffic,0.001,0.001,0.05,0.2,0.8,1.0,TST,100,5,32,64,700,1,0.0,3,5.0,MAE,1,basis,pca,T,1,0,1,0.3961727023124695,0.2682188153266907,/mnt/tidalfs-bdsz01/dataset/llm_dataset/plc_data/TransDF/results/meta_tune/Fredformer_Traffic_96_0.2_0.8_0.001_0.001_0.05_TST_100_5_32_64_1.0_5.0_3_0.0_1_MAE_1_700_basis_pca_T_1_0_1
Fredformer,96,Traffic,0.001,0.001,0.05,0.4,0.6,1.0,TST,100,5,32,64,300,1,0.0,3,5.0,MAE,1,basis,pca,T,1,0,0,0.3991411030292511,0.2735104262828827,/mnt/tidalfs-bdsz01/dataset/llm_dataset/plc_data/TransDF/results/meta_tune/Fredformer_Traffic_96_0.4_0.6_0.001_0.001_0.05_TST_100_5_32_64_1.0_5.0_3_0.0_1_MAE_1_300_basis_pca_T_1_0_0
Fredformer,96,Traffic,0.01,0.01,0.05,0.4,0.6,1.0,TST,100,5,32,64,500,1,0.0,3,5.0,MAE,1,basis,pca,T,1,0,0,1.1107420921325684,0.6596686840057373,/mnt/tidalfs-bdsz01/dataset/llm_dataset/plc_data/TransDF/results/meta_tune/Fredformer_Traffic_96_0.4_0.6_0.01_0.01_0.05_TST_100_5_32_64_1.0_5.0_3_0.0_1_MAE_1_500_basis_pca_T_1_0_0
Fredformer,192,Traffic,0.001,0.001,0.05,0.2,0.8,1.0,TST,100,5,32,64,300,1,0.0,3,5.0,MAE,1,basis,pca,T,1,0,0,0.41096386313438416,0.26831263303756714,/mnt/tidalfs-bdsz01/dataset/llm_dataset/plc_data/TransDF/results/meta_tune/Fredformer_Traffic_192_0.2_0.8_0.001_0.001_0.05_TST_100_5_32_64_1.0_5.0_3_0.0_1_MAE_1_300_basis_pca_T_1_0_0
Fredformer,192,Traffic,0.01,0.01,0.05,0.2,0.8,1.0,TST,100,5,32,64,500,1,0.0,3,5.0,MAE,1,basis,pca,T,1,0,0,0.480151891708374,0.3307308554649353,/mnt/tidalfs-bdsz01/dataset/llm_dataset/plc_data/TransDF/results/meta_tune/Fredformer_Traffic_192_0.2_0.8_0.01_0.01_0.05_TST_100_5_32_64_1.0_5.0_3_0.0_1_MAE_1_500_basis_pca_T_1_0_0
Fredformer,192,Traffic,0.001,0.001,0.05,0.4,0.6,1.0,TST,100,5,32,64,300,1,0.0,3,5.0,MAE,1,basis,pca,T,1,0,0,0.41362372040748596,0.27134501934051514,/mnt/tidalfs-bdsz01/dataset/llm_dataset/plc_data/TransDF/results/meta_tune/Fredformer_Traffic_192_0.4_0.6_0.001_0.001_0.05_TST_100_5_32_64_1.0_5.0_3_0.0_1_MAE_1_300_basis_pca_T_1_0_0
Fredformer,192,Traffic,0.01,0.01,0.05,0.4,0.6,0.6,TST,100,5,32,64,700,1,0.0,3,5.0,MAE,1,basis,pca,T,1,0,0,1.056784987449646,0.6393066048622131,/mnt/tidalfs-bdsz01/dataset/llm_dataset/plc_data/TransDF/results/meta_tune/Fredformer_Traffic_192_0.4_0.6_0.01_0.01_0.05_TST_100_5_32_64_0.6_5.0_3_0.0_1_MAE_1_700_basis_pca_T_1_0_0
Fredformer,336,Traffic,0.001,0.001,0.05,0.2,0.8,0.6,TST,100,5,32,64,300,1,0.0,3,5.0,MAE,1,basis,pca,T,1,0,0,0.425013929605484,0.2819964289665222,/mnt/tidalfs-bdsz01/dataset/llm_dataset/plc_data/TransDF/results/meta_tune/Fredformer_Traffic_336_0.2_0.8_0.001_0.001_0.05_TST_100_5_32_64_0.6_5.0_3_0.0_1_MAE_1_300_basis_pca_T_1_0_0
Fredformer,336,Traffic,0.001,0.001,0.05,0.4,0.6,1.0,TST,100,5,32,64,300,1,0.0,3,5.0,MAE,1,basis,pca,T,1,0,0,0.4224271774291992,0.27503710985183716,/mnt/tidalfs-bdsz01/dataset/llm_dataset/plc_data/TransDF/results/meta_tune/Fredformer_Traffic_336_0.4_0.6_0.001_0.001_0.05_TST_100_5_32_64_1.0_5.0_3_0.0_1_MAE_1_300_basis_pca_T_1_0_0
Fredformer,720,Traffic,0.01,0.01,0.05,0.2,0.8,0.6,TST,100,5,32,64,700,1,0.0,3,5.0,MAE,1,basis,pca,T,1,0,1,0.5133399367332458,0.3442191183567047,/mnt/tidalfs-bdsz01/dataset/llm_dataset/plc_data/TransDF/results/meta_tune/Fredformer_Traffic_720_0.2_0.8_0.01_0.01_0.05_TST_100_5_32_64_0.6_5.0_3_0.0_1_MAE_1_700_basis_pca_T_1_0_1
Fredformer,720,Traffic,0.01,0.01,0.05,0.4,0.6,1.0,TST,100,5,32,64,700,1,0.0,3,5.0,MAE,1,basis,pca,T,1,0,1,0.5211125612258911,0.3534465730190277,/mnt/tidalfs-bdsz01/dataset/llm_dataset/plc_data/TransDF/results/meta_tune/Fredformer_Traffic_720_0.4_0.6_0.01_0.01_0.05_TST_100_5_32_64_1.0_5.0_3_0.0_1_MAE_1_700_basis_pca_T_1_0_1
Fredformer,96,Weather,0.001,0.001,0.1,0.1,0.9,0.1,type3,100,5,128,64,500,1,0.0,3,5.0,MAE,1,basis,pca,T,1,0,0,0.17989474534988403,0.22041533887386322,/mnt/tidalfs-bdsz01/dataset/llm_dataset/plc_data/TransDF/results/meta_tune/Fredformer_Weather_96_0.1_0.9_0.001_0.001_0.1_type3_100_5_128_64_0.1_5.0_3_0.0_1_MAE_1_500_basis_pca_T_1_0_0
Fredformer,96,Weather,0.001,0.001,0.1,0.1,0.9,0.1,type3,100,5,128,64,500,1,0.0,3,5.0,MAE,1,basis,pca,T,1,0,1,0.1749655306339264,0.2145249843597412,/mnt/tidalfs-bdsz01/dataset/llm_dataset/plc_data/TransDF/results/meta_tune/Fredformer_Weather_96_0.1_0.9_0.001_0.001_0.1_type3_100_5_128_64_0.1_5.0_3_0.0_1_MAE_1_500_basis_pca_T_1_0_1
Fredformer,96,Weather,0.001,0.001,0.1,0.1,0.9,0.1,type3,100,5,128,64,700,1,0.0,3,5.0,MAE,1,basis,pca,T,1,0,0,0.18379200994968414,0.2257552444934845,/mnt/tidalfs-bdsz01/dataset/llm_dataset/plc_data/TransDF/results/meta_tune/Fredformer_Weather_96_0.1_0.9_0.001_0.001_0.1_type3_100_5_128_64_0.1_5.0_3_0.0_1_MAE_1_700_basis_pca_T_1_0_0
Fredformer,96,Weather,0.001,0.001,0.1,0.1,0.9,0.1,type3,100,5,128,64,700,1,0.0,3,5.0,MAE,1,basis,pca,T,1,0,1,0.17458266019821167,0.2147793024778366,/mnt/tidalfs-bdsz01/dataset/llm_dataset/plc_data/TransDF/results/meta_tune/Fredformer_Weather_96_0.1_0.9_0.001_0.001_0.1_type3_100_5_128_64_0.1_5.0_3_0.0_1_MAE_1_700_basis_pca_T_1_0_1
Fredformer,96,Weather,0.001,0.001,0.1,0.1,0.9,0.3,type3,100,5,128,64,300,1,0.0,3,5.0,MAE,1,basis,pca,T,1,0,1,0.17307569086551666,0.21196086704730988,/mnt/tidalfs-bdsz01/dataset/llm_dataset/plc_data/TransDF/results/meta_tune/Fredformer_Weather_96_0.1_0.9_0.001_0.001_0.1_type3_100_5_128_64_0.3_5.0_3_0.0_1_MAE_1_300_basis_pca_T_1_0_1
Fredformer,96,Weather,0.001,0.001,0.1,0.1,0.9,0.3,type3,100,5,128,64,500,1,0.0,3,5.0,MAE,1,basis,pca,T,1,0,0,0.17920787632465363,0.2201082706451416,/mnt/tidalfs-bdsz01/dataset/llm_dataset/plc_data/TransDF/results/meta_tune/Fredformer_Weather_96_0.1_0.9_0.001_0.001_0.1_type3_100_5_128_64_0.3_5.0_3_0.0_1_MAE_1_500_basis_pca_T_1_0_0
Fredformer,96,Weather,0.001,0.001,0.1,0.1,0.9,0.3,type3,100,5,128,64,500,1,0.0,3,5.0,MAE,1,basis,pca,T,1,0,1,0.17426441609859467,0.2135629951953888,/mnt/tidalfs-bdsz01/dataset/llm_dataset/plc_data/TransDF/results/meta_tune/Fredformer_Weather_96_0.1_0.9_0.001_0.001_0.1_type3_100_5_128_64_0.3_5.0_3_0.0_1_MAE_1_500_basis_pca_T_1_0_1
Fredformer,96,Weather,0.001,0.001,0.1,0.1,0.9,0.3,type3,100,5,128,64,700,1,0.0,3,5.0,MAE,1,basis,pca,T,1,0,0,0.18108320236206055,0.2229500710964203,/mnt/tidalfs-bdsz01/dataset/llm_dataset/plc_data/TransDF/results/meta_tune/Fredformer_Weather_96_0.1_0.9_0.001_0.001_0.1_type3_100_5_128_64_0.3_5.0_3_0.0_1_MAE_1_700_basis_pca_T_1_0_0
Fredformer,96,Weather,0.001,0.001,0.1,0.1,0.9,0.3,type3,100,5,128,64,700,1,0.0,3,5.0,MAE,1,basis,pca,T,1,0,1,0.17370079457759857,0.21380597352981567,/mnt/tidalfs-bdsz01/dataset/llm_dataset/plc_data/TransDF/results/meta_tune/Fredformer_Weather_96_0.1_0.9_0.001_0.001_0.1_type3_100_5_128_64_0.3_5.0_3_0.0_1_MAE_1_700_basis_pca_T_1_0_1
Fredformer,96,Weather,0.001,0.001,0.1,0.2,0.8,0.1,type3,100,5,128,64,300,1,0.0,3,5.0,MAE,1,basis,pca,T,1,0,1,0.1771598756313324,0.21661333739757538,/mnt/tidalfs-bdsz01/dataset/llm_dataset/plc_data/TransDF/results/meta_tune/Fredformer_Weather_96_0.2_0.8_0.001_0.001_0.1_type3_100_5_128_64_0.1_5.0_3_0.0_1_MAE_1_300_basis_pca_T_1_0_1
Fredformer,96,Weather,0.001,0.001,0.1,0.2,0.8,0.1,type3,100,5,128,64,500,1,0.0,3,5.0,MAE,1,basis,pca,T,1,0,0,0.1843656599521637,0.2260066419839859,/mnt/tidalfs-bdsz01/dataset/llm_dataset/plc_data/TransDF/results/meta_tune/Fredformer_Weather_96_0.2_0.8_0.001_0.001_0.1_type3_100_5_128_64_0.1_5.0_3_0.0_1_MAE_1_500_basis_pca_T_1_0_0
Fredformer,96,Weather,0.001,0.001,0.1,0.2,0.8,0.1,type3,100,5,128,64,500,1,0.0,3,5.0,MAE,1,basis,pca,T,1,0,1,0.17426025867462158,0.21467901766300201,/mnt/tidalfs-bdsz01/dataset/llm_dataset/plc_data/TransDF/results/meta_tune/Fredformer_Weather_96_0.2_0.8_0.001_0.001_0.1_type3_100_5_128_64_0.1_5.0_3_0.0_1_MAE_1_500_basis_pca_T_1_0_1
Fredformer,96,Weather,0.001,0.001,0.1,0.2,0.8,0.1,type3,100,5,128,64,700,1,0.0,3,5.0,MAE,1,basis,pca,T,1,0,0,0.18356876075267792,0.22536303102970123,/mnt/tidalfs-bdsz01/dataset/llm_dataset/plc_data/TransDF/results/meta_tune/Fredformer_Weather_96_0.2_0.8_0.001_0.001_0.1_type3_100_5_128_64_0.1_5.0_3_0.0_1_MAE_1_700_basis_pca_T_1_0_0
Fredformer,96,Weather,0.001,0.001,0.1,0.2,0.8,0.1,type3,100,5,128,64,700,1,0.0,3,5.0,MAE,1,basis,pca,T,1,0,1,0.17473414540290833,0.21510791778564453,/mnt/tidalfs-bdsz01/dataset/llm_dataset/plc_data/TransDF/results/meta_tune/Fredformer_Weather_96_0.2_0.8_0.001_0.001_0.1_type3_100_5_128_64_0.1_5.0_3_0.0_1_MAE_1_700_basis_pca_T_1_0_1
Fredformer,96,Weather,0.001,0.001,0.1,0.2,0.8,0.3,type3,100,5,128,64,300,1,0.0,3,5.0,MAE,1,basis,pca,T,1,0,1,0.17296305298805237,0.21245570480823517,/mnt/tidalfs-bdsz01/dataset/llm_dataset/plc_data/TransDF/results/meta_tune/Fredformer_Weather_96_0.2_0.8_0.001_0.001_0.1_type3_100_5_128_64_0.3_5.0_3_0.0_1_MAE_1_300_basis_pca_T_1_0_1
Fredformer,96,Weather,0.001,0.001,0.1,0.2,0.8,0.3,type3,100,5,128,64,500,1,0.0,3,5.0,MAE,1,basis,pca,T,1,0,0,0.18293151259422302,0.22522135078907013,/mnt/tidalfs-bdsz01/dataset/llm_dataset/plc_data/TransDF/results/meta_tune/Fredformer_Weather_96_0.2_0.8_0.001_0.001_0.1_type3_100_5_128_64_0.3_5.0_3_0.0_1_MAE_1_500_basis_pca_T_1_0_0
Fredformer,96,Weather,0.001,0.001,0.1,0.2,0.8,0.3,type3,100,5,128,64,500,1,0.0,3,5.0,MAE,1,basis,pca,T,1,0,1,0.17269493639469147,0.21220140159130096,/mnt/tidalfs-bdsz01/dataset/llm_dataset/plc_data/TransDF/results/meta_tune/Fredformer_Weather_96_0.2_0.8_0.001_0.001_0.1_type3_100_5_128_64_0.3_5.0_3_0.0_1_MAE_1_500_basis_pca_T_1_0_1
Fredformer,96,Weather,0.001,0.001,0.1,0.2,0.8,0.3,type3,100,5,128,64,700,1,0.0,3,5.0,MAE,1,basis,pca,T,1,0,0,0.18491685390472412,0.22656378149986267,/mnt/tidalfs-bdsz01/dataset/llm_dataset/plc_data/TransDF/results/meta_tune/Fredformer_Weather_96_0.2_0.8_0.001_0.001_0.1_type3_100_5_128_64_0.3_5.0_3_0.0_1_MAE_1_700_basis_pca_T_1_0_0
Fredformer,96,Weather,0.001,0.001,0.1,0.2,0.8,0.3,type3,100,5,128,64,700,1,0.0,3,5.0,MAE,1,basis,pca,T,1,0,1,0.1764456331729889,0.21635311841964722,/mnt/tidalfs-bdsz01/dataset/llm_dataset/plc_data/TransDF/results/meta_tune/Fredformer_Weather_96_0.2_0.8_0.001_0.001_0.1_type3_100_5_128_64_0.3_5.0_3_0.0_1_MAE_1_700_basis_pca_T_1_0_1
Fredformer,96,Weather,0.001,0.001,0.1,0.5,0.5,0.1,type3,100,5,128,64,300,1,0.0,3,5.0,MAE,1,basis,pca,T,1,0,1,0.17945319414138794,0.21884943544864655,/mnt/tidalfs-bdsz01/dataset/llm_dataset/plc_data/TransDF/results/meta_tune/Fredformer_Weather_96_0.5_0.5_0.001_0.001_0.1_type3_100_5_128_64_0.1_5.0_3_0.0_1_MAE_1_300_basis_pca_T_1_0_1
Fredformer,96,Weather,0.001,0.001,0.1,0.5,0.5,0.1,type3,100,5,128,64,500,1,0.0,3,5.0,MAE,1,basis,pca,T,1,0,0,0.18504641950130463,0.225263312458992,/mnt/tidalfs-bdsz01/dataset/llm_dataset/plc_data/TransDF/results/meta_tune/Fredformer_Weather_96_0.5_0.5_0.001_0.001_0.1_type3_100_5_128_64_0.1_5.0_3_0.0_1_MAE_1_500_basis_pca_T_1_0_0
Fredformer,96,Weather,0.001,0.001,0.1,0.5,0.5,0.1,type3,100,5,128,64,500,1,0.0,3,5.0,MAE,1,basis,pca,T,1,0,1,0.18178023397922516,0.22114668786525726,/mnt/tidalfs-bdsz01/dataset/llm_dataset/plc_data/TransDF/results/meta_tune/Fredformer_Weather_96_0.5_0.5_0.001_0.001_0.1_type3_100_5_128_64_0.1_5.0_3_0.0_1_MAE_1_500_basis_pca_T_1_0_1
Fredformer,96,Weather,0.001,0.001,0.1,0.5,0.5,0.1,type3,100,5,128,64,700,1,0.0,3,5.0,MAE,1,basis,pca,T,1,0,0,0.1823960393667221,0.2226974070072174,/mnt/tidalfs-bdsz01/dataset/llm_dataset/plc_data/TransDF/results/meta_tune/Fredformer_Weather_96_0.5_0.5_0.001_0.001_0.1_type3_100_5_128_64_0.1_5.0_3_0.0_1_MAE_1_700_basis_pca_T_1_0_0
Fredformer,96,Weather,0.001,0.001,0.1,0.5,0.5,0.1,type3,100,5,128,64,700,1,0.0,3,5.0,MAE,1,basis,pca,T,1,0,1,0.17348267138004303,0.21313908696174622,/mnt/tidalfs-bdsz01/dataset/llm_dataset/plc_data/TransDF/results/meta_tune/Fredformer_Weather_96_0.5_0.5_0.001_0.001_0.1_type3_100_5_128_64_0.1_5.0_3_0.0_1_MAE_1_700_basis_pca_T_1_0_1
Fredformer,96,Weather,0.001,0.001,0.1,0.5,0.5,0.3,type3,100,5,128,64,300,1,0.0,3,5.0,MAE,1,basis,pca,T,1,0,1,0.17403052747249603,0.21382202208042145,/mnt/tidalfs-bdsz01/dataset/llm_dataset/plc_data/TransDF/results/meta_tune/Fredformer_Weather_96_0.5_0.5_0.001_0.001_0.1_type3_100_5_128_64_0.3_5.0_3_0.0_1_MAE_1_300_basis_pca_T_1_0_1
Fredformer,96,Weather,0.001,0.001,0.1,0.5,0.5,0.3,type3,100,5,128,64,500,1,0.0,3,5.0,MAE,1,basis,pca,T,1,0,0,0.18677064776420593,0.22692492604255676,/mnt/tidalfs-bdsz01/dataset/llm_dataset/plc_data/TransDF/results/meta_tune/Fredformer_Weather_96_0.5_0.5_0.001_0.001_0.1_type3_100_5_128_64_0.3_5.0_3_0.0_1_MAE_1_500_basis_pca_T_1_0_0
Fredformer,96,Weather,0.001,0.001,0.1,0.5,0.5,0.3,type3,100,5,128,64,500,1,0.0,3,5.0,MAE,1,basis,pca,T,1,0,1,0.17636671662330627,0.2159174084663391,/mnt/tidalfs-bdsz01/dataset/llm_dataset/plc_data/TransDF/results/meta_tune/Fredformer_Weather_96_0.5_0.5_0.001_0.001_0.1_type3_100_5_128_64_0.3_5.0_3_0.0_1_MAE_1_500_basis_pca_T_1_0_1
Fredformer,96,Weather,0.001,0.001,0.1,0.5,0.5,0.3,type3,100,5,128,64,700,1,0.0,3,5.0,MAE,1,basis,pca,T,1,0,0,0.18442818522453308,0.2255116105079651,/mnt/tidalfs-bdsz01/dataset/llm_dataset/plc_data/TransDF/results/meta_tune/Fredformer_Weather_96_0.5_0.5_0.001_0.001_0.1_type3_100_5_128_64_0.3_5.0_3_0.0_1_MAE_1_700_basis_pca_T_1_0_0
Fredformer,96,Weather,0.001,0.001,0.1,0.5,0.5,0.3,type3,100,5,128,64,700,1,0.0,3,5.0,MAE,1,basis,pca,T,1,0,1,0.17690406739711761,0.21564224362373352,/mnt/tidalfs-bdsz01/dataset/llm_dataset/plc_data/TransDF/results/meta_tune/Fredformer_Weather_96_0.5_0.5_0.001_0.001_0.1_type3_100_5_128_64_0.3_5.0_3_0.0_1_MAE_1_700_basis_pca_T_1_0_1
Fredformer,192,Weather,0.001,0.001,0.1,0.1,0.9,0.1,type3,100,5,128,64,300,1,0.0,3,5.0,MAE,1,basis,pca,T,1,0,1,0.2214924395084381,0.256060928106308,/mnt/tidalfs-bdsz01/dataset/llm_dataset/plc_data/TransDF/results/meta_tune/Fredformer_Weather_192_0.1_0.9_0.001_0.001_0.1_type3_100_5_128_64_0.1_5.0_3_0.0_1_MAE_1_300_basis_pca_T_1_0_1
Fredformer,192,Weather,0.001,0.001,0.1,0.1,0.9,0.1,type3,100,5,128,64,500,1,0.0,3,5.0,MAE,1,basis,pca,T,1,0,0,0.22946947813034058,0.26244792342185974,/mnt/tidalfs-bdsz01/dataset/llm_dataset/plc_data/TransDF/results/meta_tune/Fredformer_Weather_192_0.1_0.9_0.001_0.001_0.1_type3_100_5_128_64_0.1_5.0_3_0.0_1_MAE_1_500_basis_pca_T_1_0_0
Fredformer,192,Weather,0.001,0.001,0.1,0.1,0.9,0.1,type3,100,5,128,64,500,1,0.0,3,5.0,MAE,1,basis,pca,T,1,0,1,0.22114083170890808,0.25573086738586426,/mnt/tidalfs-bdsz01/dataset/llm_dataset/plc_data/TransDF/results/meta_tune/Fredformer_Weather_192_0.1_0.9_0.001_0.001_0.1_type3_100_5_128_64_0.1_5.0_3_0.0_1_MAE_1_500_basis_pca_T_1_0_1
Fredformer,192,Weather,0.001,0.001,0.1,0.1,0.9,0.1,type3,100,5,128,64,700,1,0.0,3,5.0,MAE,1,basis,pca,T,1,0,0,0.2315339595079422,0.2656520903110504,/mnt/tidalfs-bdsz01/dataset/llm_dataset/plc_data/TransDF/results/meta_tune/Fredformer_Weather_192_0.1_0.9_0.001_0.001_0.1_type3_100_5_128_64_0.1_5.0_3_0.0_1_MAE_1_700_basis_pca_T_1_0_0
Fredformer,192,Weather,0.001,0.001,0.1,0.1,0.9,0.1,type3,100,5,128,64,700,1,0.0,3,5.0,MAE,1,basis,pca,T,1,0,1,0.22282370924949646,0.2574862837791443,/mnt/tidalfs-bdsz01/dataset/llm_dataset/plc_data/TransDF/results/meta_tune/Fredformer_Weather_192_0.1_0.9_0.001_0.001_0.1_type3_100_5_128_64_0.1_5.0_3_0.0_1_MAE_1_700_basis_pca_T_1_0_1
Fredformer,192,Weather,0.001,0.001,0.1,0.1,0.9,0.3,type3,100,5,128,64,300,1,0.0,3,5.0,MAE,1,basis,pca,T,1,0,1,0.22054710984230042,0.2550273537635803,/mnt/tidalfs-bdsz01/dataset/llm_dataset/plc_data/TransDF/results/meta_tune/Fredformer_Weather_192_0.1_0.9_0.001_0.001_0.1_type3_100_5_128_64_0.3_5.0_3_0.0_1_MAE_1_300_basis_pca_T_1_0_1
Fredformer,192,Weather,0.001,0.001,0.1,0.1,0.9,0.3,type3,100,5,128,64,500,1,0.0,3,5.0,MAE,1,basis,pca,T,1,0,0,0.22637633979320526,0.26168158650398254,/mnt/tidalfs-bdsz01/dataset/llm_dataset/plc_data/TransDF/results/meta_tune/Fredformer_Weather_192_0.1_0.9_0.001_0.001_0.1_type3_100_5_128_64_0.3_5.0_3_0.0_1_MAE_1_500_basis_pca_T_1_0_0
Fredformer,192,Weather,0.001,0.001,0.1,0.1,0.9,0.3,type3,100,5,128,64,500,1,0.0,3,5.0,MAE,1,basis,pca,T,1,0,1,0.22010761499404907,0.25390270352363586,/mnt/tidalfs-bdsz01/dataset/llm_dataset/plc_data/TransDF/results/meta_tune/Fredformer_Weather_192_0.1_0.9_0.001_0.001_0.1_type3_100_5_128_64_0.3_5.0_3_0.0_1_MAE_1_500_basis_pca_T_1_0_1
Fredformer,192,Weather,0.001,0.001,0.1,0.1,0.9,0.3,type3,100,5,128,64,700,1,0.0,3,5.0,MAE,1,basis,pca,T,1,0,0,0.22940996289253235,0.26555123925209045,/mnt/tidalfs-bdsz01/dataset/llm_dataset/plc_data/TransDF/results/meta_tune/Fredformer_Weather_192_0.1_0.9_0.001_0.001_0.1_type3_100_5_128_64_0.3_5.0_3_0.0_1_MAE_1_700_basis_pca_T_1_0_0
Fredformer,192,Weather,0.001,0.001,0.1,0.1,0.9,0.3,type3,100,5,128,64,700,1,0.0,3,5.0,MAE,1,basis,pca,T,1,0,1,0.21978314220905304,0.2545410990715027,/mnt/tidalfs-bdsz01/dataset/llm_dataset/plc_data/TransDF/results/meta_tune/Fredformer_Weather_192_0.1_0.9_0.001_0.001_0.1_type3_100_5_128_64_0.3_5.0_3_0.0_1_MAE_1_700_basis_pca_T_1_0_1
Fredformer,192,Weather,0.001,0.001,0.1,0.2,0.8,0.1,type3,100,5,128,64,300,1,0.0,3,5.0,MAE,1,basis,pca,T,1,0,1,0.22138085961341858,0.25634685158729553,/mnt/tidalfs-bdsz01/dataset/llm_dataset/plc_data/TransDF/results/meta_tune/Fredformer_Weather_192_0.2_0.8_0.001_0.001_0.1_type3_100_5_128_64_0.1_5.0_3_0.0_1_MAE_1_300_basis_pca_T_1_0_1
Fredformer,192,Weather,0.001,0.001,0.1,0.2,0.8,0.1,type3,100,5,128,64,500,1,0.0,3,5.0,MAE,1,basis,pca,T,1,0,0,0.23282770812511444,0.26708924770355225,/mnt/tidalfs-bdsz01/dataset/llm_dataset/plc_data/TransDF/results/meta_tune/Fredformer_Weather_192_0.2_0.8_0.001_0.001_0.1_type3_100_5_128_64_0.1_5.0_3_0.0_1_MAE_1_500_basis_pca_T_1_0_0
Fredformer,192,Weather,0.001,0.001,0.1,0.2,0.8,0.1,type3,100,5,128,64,500,1,0.0,3,5.0,MAE,1,basis,pca,T,1,0,1,0.2204742729663849,0.2553229331970215,/mnt/tidalfs-bdsz01/dataset/llm_dataset/plc_data/TransDF/results/meta_tune/Fredformer_Weather_192_0.2_0.8_0.001_0.001_0.1_type3_100_5_128_64_0.1_5.0_3_0.0_1_MAE_1_500_basis_pca_T_1_0_1
Fredformer,192,Weather,0.001,0.001,0.1,0.2,0.8,0.1,type3,100,5,128,64,700,1,0.0,3,5.0,MAE,1,basis,pca,T,1,0,0,0.23731090128421783,0.2732870578765869,/mnt/tidalfs-bdsz01/dataset/llm_dataset/plc_data/TransDF/results/meta_tune/Fredformer_Weather_192_0.2_0.8_0.001_0.001_0.1_type3_100_5_128_64_0.1_5.0_3_0.0_1_MAE_1_700_basis_pca_T_1_0_0
Fredformer,192,Weather,0.001,0.001,0.1,0.2,0.8,0.1,type3,100,5,128,64,700,1,0.0,3,5.0,MAE,1,basis,pca,T,1,0,1,0.22098451852798462,0.2556299567222595,/mnt/tidalfs-bdsz01/dataset/llm_dataset/plc_data/TransDF/results/meta_tune/Fredformer_Weather_192_0.2_0.8_0.001_0.001_0.1_type3_100_5_128_64_0.1_5.0_3_0.0_1_MAE_1_700_basis_pca_T_1_0_1
Fredformer,192,Weather,0.001,0.001,0.1,0.2,0.8,0.3,type3,100,5,128,64,300,1,0.0,3,5.0,MAE,1,basis,pca,T,1,0,1,0.22036275267601013,0.2555575966835022,/mnt/tidalfs-bdsz01/dataset/llm_dataset/plc_data/TransDF/results/meta_tune/Fredformer_Weather_192_0.2_0.8_0.001_0.001_0.1_type3_100_5_128_64_0.3_5.0_3_0.0_1_MAE_1_300_basis_pca_T_1_0_1
Fredformer,192,Weather,0.001,0.001,0.1,0.2,0.8,0.3,type3,100,5,128,64,500,1,0.0,3,5.0,MAE,1,basis,pca,T,1,0,0,0.23713788390159607,0.27498456835746765,/mnt/tidalfs-bdsz01/dataset/llm_dataset/plc_data/TransDF/results/meta_tune/Fredformer_Weather_192_0.2_0.8_0.001_0.001_0.1_type3_100_5_128_64_0.3_5.0_3_0.0_1_MAE_1_500_basis_pca_T_1_0_0
Fredformer,192,Weather,0.001,0.001,0.1,0.2,0.8,0.3,type3,100,5,128,64,500,1,0.0,3,5.0,MAE,1,basis,pca,T,1,0,1,0.22071310877799988,0.25493916869163513,/mnt/tidalfs-bdsz01/dataset/llm_dataset/plc_data/TransDF/results/meta_tune/Fredformer_Weather_192_0.2_0.8_0.001_0.001_0.1_type3_100_5_128_64_0.3_5.0_3_0.0_1_MAE_1_500_basis_pca_T_1_0_1
Fredformer,192,Weather,0.001,0.001,0.1,0.2,0.8,0.3,type3,100,5,128,64,700,1,0.0,3,5.0,MAE,1,basis,pca,T,1,0,0,0.26301348209381104,0.30443376302719116,/mnt/tidalfs-bdsz01/dataset/llm_dataset/plc_data/TransDF/results/meta_tune/Fredformer_Weather_192_0.2_0.8_0.001_0.001_0.1_type3_100_5_128_64_0.3_5.0_3_0.0_1_MAE_1_700_basis_pca_T_1_0_0
Fredformer,192,Weather,0.001,0.001,0.1,0.2,0.8,0.3,type3,100,5,128,64,700,1,0.0,3,5.0,MAE,1,basis,pca,T,1,0,1,0.2213199883699417,0.2562643587589264,/mnt/tidalfs-bdsz01/dataset/llm_dataset/plc_data/TransDF/results/meta_tune/Fredformer_Weather_192_0.2_0.8_0.001_0.001_0.1_type3_100_5_128_64_0.3_5.0_3_0.0_1_MAE_1_700_basis_pca_T_1_0_1
Fredformer,192,Weather,0.001,0.001,0.1,0.5,0.5,0.1,type3,100,5,128,64,300,1,0.0,3,5.0,MAE,1,basis,pca,T,1,0,1,0.22154319286346436,0.2566995918750763,/mnt/tidalfs-bdsz01/dataset/llm_dataset/plc_data/TransDF/results/meta_tune/Fredformer_Weather_192_0.5_0.5_0.001_0.001_0.1_type3_100_5_128_64_0.1_5.0_3_0.0_1_MAE_1_300_basis_pca_T_1_0_1
Fredformer,192,Weather,0.001,0.001,0.1,0.5,0.5,0.1,type3,100,5,128,64,500,1,0.0,3,5.0,MAE,1,basis,pca,T,1,0,0,0.2617330253124237,0.3032700717449188,/mnt/tidalfs-bdsz01/dataset/llm_dataset/plc_data/TransDF/results/meta_tune/Fredformer_Weather_192_0.5_0.5_0.001_0.001_0.1_type3_100_5_128_64_0.1_5.0_3_0.0_1_MAE_1_500_basis_pca_T_1_0_0
Fredformer,192,Weather,0.001,0.001,0.1,0.5,0.5,0.1,type3,100,5,128,64,500,1,0.0,3,5.0,MAE,1,basis,pca,T,1,0,1,0.2209380865097046,0.2556888461112976,/mnt/tidalfs-bdsz01/dataset/llm_dataset/plc_data/TransDF/results/meta_tune/Fredformer_Weather_192_0.5_0.5_0.001_0.001_0.1_type3_100_5_128_64_0.1_5.0_3_0.0_1_MAE_1_500_basis_pca_T_1_0_1
Fredformer,192,Weather,0.001,0.001,0.1,0.5,0.5,0.1,type3,100,5,128,64,700,1,0.0,3,5.0,MAE,1,basis,pca,T,1,0,0,0.26248565316200256,0.30394136905670166,/mnt/tidalfs-bdsz01/dataset/llm_dataset/plc_data/TransDF/results/meta_tune/Fredformer_Weather_192_0.5_0.5_0.001_0.001_0.1_type3_100_5_128_64_0.1_5.0_3_0.0_1_MAE_1_700_basis_pca_T_1_0_0
Fredformer,192,Weather,0.001,0.001,0.1,0.5,0.5,0.1,type3,100,5,128,64,700,1,0.0,3,5.0,MAE,1,basis,pca,T,1,0,1,0.22128543257713318,0.25617003440856934,/mnt/tidalfs-bdsz01/dataset/llm_dataset/plc_data/TransDF/results/meta_tune/Fredformer_Weather_192_0.5_0.5_0.001_0.001_0.1_type3_100_5_128_64_0.1_5.0_3_0.0_1_MAE_1_700_basis_pca_T_1_0_1
Fredformer,192,Weather,0.001,0.001,0.1,0.5,0.5,0.3,type3,100,5,128,64,300,1,0.0,3,5.0,MAE,1,basis,pca,T,1,0,1,0.22095808386802673,0.25619086623191833,/mnt/tidalfs-bdsz01/dataset/llm_dataset/plc_data/TransDF/results/meta_tune/Fredformer_Weather_192_0.5_0.5_0.001_0.001_0.1_type3_100_5_128_64_0.3_5.0_3_0.0_1_MAE_1_300_basis_pca_T_1_0_1
Fredformer,192,Weather,0.001,0.001,0.1,0.5,0.5,0.3,type3,100,5,128,64,500,1,0.0,3,5.0,MAE,1,basis,pca,T,1,0,0,0.2622480094432831,0.30355897545814514,/mnt/tidalfs-bdsz01/dataset/llm_dataset/plc_data/TransDF/results/meta_tune/Fredformer_Weather_192_0.5_0.5_0.001_0.001_0.1_type3_100_5_128_64_0.3_5.0_3_0.0_1_MAE_1_500_basis_pca_T_1_0_0
Fredformer,192,Weather,0.001,0.001,0.1,0.5,0.5,0.3,type3,100,5,128,64,500,1,0.0,3,5.0,MAE,1,basis,pca,T,1,0,1,0.22076620161533356,0.25572019815444946,/mnt/tidalfs-bdsz01/dataset/llm_dataset/plc_data/TransDF/results/meta_tune/Fredformer_Weather_192_0.5_0.5_0.001_0.001_0.1_type3_100_5_128_64_0.3_5.0_3_0.0_1_MAE_1_500_basis_pca_T_1_0_1
Fredformer,192,Weather,0.001,0.001,0.1,0.5,0.5,0.3,type3,100,5,128,64,700,1,0.0,3,5.0,MAE,1,basis,pca,T,1,0,0,0.26262006163597107,0.30397605895996094,/mnt/tidalfs-bdsz01/dataset/llm_dataset/plc_data/TransDF/results/meta_tune/Fredformer_Weather_192_0.5_0.5_0.001_0.001_0.1_type3_100_5_128_64_0.3_5.0_3_0.0_1_MAE_1_700_basis_pca_T_1_0_0
Fredformer,192,Weather,0.001,0.001,0.1,0.5,0.5,0.3,type3,100,5,128,64,700,1,0.0,3,5.0,MAE,1,basis,pca,T,1,0,1,0.22243991494178772,0.25652459263801575,/mnt/tidalfs-bdsz01/dataset/llm_dataset/plc_data/TransDF/results/meta_tune/Fredformer_Weather_192_0.5_0.5_0.001_0.001_0.1_type3_100_5_128_64_0.3_5.0_3_0.0_1_MAE_1_700_basis_pca_T_1_0_1
Fredformer,336,Weather,0.001,0.001,0.1,0.1,0.9,0.1,type3,100,5,128,64,300,1,0.0,3,5.0,MAE,1,basis,pca,T,1,0,0,0.28674161434173584,0.3031552731990814,/mnt/tidalfs-bdsz01/dataset/llm_dataset/plc_data/TransDF/results/meta_tune/Fredformer_Weather_336_0.1_0.9_0.001_0.001_0.1_type3_100_5_128_64_0.1_5.0_3_0.0_1_MAE_1_300_basis_pca_T_1_0_0
Fredformer,336,Weather,0.001,0.001,0.1,0.1,0.9,0.1,type3,100,5,128,64,300,1,0.0,3,5.0,MAE,1,basis,pca,T,1,0,1,0.27987077832221985,0.2990495264530182,/mnt/tidalfs-bdsz01/dataset/llm_dataset/plc_data/TransDF/results/meta_tune/Fredformer_Weather_336_0.1_0.9_0.001_0.001_0.1_type3_100_5_128_64_0.1_5.0_3_0.0_1_MAE_1_300_basis_pca_T_1_0_1
Fredformer,336,Weather,0.001,0.001,0.1,0.1,0.9,0.1,type3,100,5,128,64,500,1,0.0,3,5.0,MAE,1,basis,pca,T,1,0,0,0.28824105858802795,0.3055403232574463,/mnt/tidalfs-bdsz01/dataset/llm_dataset/plc_data/TransDF/results/meta_tune/Fredformer_Weather_336_0.1_0.9_0.001_0.001_0.1_type3_100_5_128_64_0.1_5.0_3_0.0_1_MAE_1_500_basis_pca_T_1_0_0
Fredformer,336,Weather,0.001,0.001,0.1,0.1,0.9,0.1,type3,100,5,128,64,500,1,0.0,3,5.0,MAE,1,basis,pca,T,1,0,1,0.27826160192489624,0.29715701937675476,/mnt/tidalfs-bdsz01/dataset/llm_dataset/plc_data/TransDF/results/meta_tune/Fredformer_Weather_336_0.1_0.9_0.001_0.001_0.1_type3_100_5_128_64_0.1_5.0_3_0.0_1_MAE_1_500_basis_pca_T_1_0_1
Fredformer,336,Weather,0.001,0.001,0.1,0.1,0.9,0.1,type3,100,5,128,64,700,1,0.0,3,5.0,MAE,1,basis,pca,T,1,0,0,0.2904452979564667,0.3096899390220642,/mnt/tidalfs-bdsz01/dataset/llm_dataset/plc_data/TransDF/results/meta_tune/Fredformer_Weather_336_0.1_0.9_0.001_0.001_0.1_type3_100_5_128_64_0.1_5.0_3_0.0_1_MAE_1_700_basis_pca_T_1_0_0
Fredformer,336,Weather,0.001,0.001,0.1,0.1,0.9,0.1,type3,100,5,128,64,700,1,0.0,3,5.0,MAE,1,basis,pca,T,1,0,1,0.2809498906135559,0.29917505383491516,/mnt/tidalfs-bdsz01/dataset/llm_dataset/plc_data/TransDF/results/meta_tune/Fredformer_Weather_336_0.1_0.9_0.001_0.001_0.1_type3_100_5_128_64_0.1_5.0_3_0.0_1_MAE_1_700_basis_pca_T_1_0_1
Fredformer,336,Weather,0.001,0.001,0.1,0.1,0.9,0.3,type3,100,5,128,64,300,1,0.0,3,5.0,MAE,1,basis,pca,T,1,0,0,0.282620906829834,0.3002574145793915,/mnt/tidalfs-bdsz01/dataset/llm_dataset/plc_data/TransDF/results/meta_tune/Fredformer_Weather_336_0.1_0.9_0.001_0.001_0.1_type3_100_5_128_64_0.3_5.0_3_0.0_1_MAE_1_300_basis_pca_T_1_0_0
Fredformer,336,Weather,0.001,0.001,0.1,0.1,0.9,0.3,type3,100,5,128,64,300,1,0.0,3,5.0,MAE,1,basis,pca,T,1,0,1,0.278674453496933,0.2972206771373749,/mnt/tidalfs-bdsz01/dataset/llm_dataset/plc_data/TransDF/results/meta_tune/Fredformer_Weather_336_0.1_0.9_0.001_0.001_0.1_type3_100_5_128_64_0.3_5.0_3_0.0_1_MAE_1_300_basis_pca_T_1_0_1
Fredformer,336,Weather,0.001,0.001,0.1,0.1,0.9,0.3,type3,100,5,128,64,500,1,0.0,3,5.0,MAE,1,basis,pca,T,1,0,0,0.28760263323783875,0.3066532015800476,/mnt/tidalfs-bdsz01/dataset/llm_dataset/plc_data/TransDF/results/meta_tune/Fredformer_Weather_336_0.1_0.9_0.001_0.001_0.1_type3_100_5_128_64_0.3_5.0_3_0.0_1_MAE_1_500_basis_pca_T_1_0_0
Fredformer,336,Weather,0.001,0.001,0.1,0.1,0.9,0.3,type3,100,5,128,64,500,1,0.0,3,5.0,MAE,1,basis,pca,T,1,0,1,0.2777974307537079,0.2970791459083557,/mnt/tidalfs-bdsz01/dataset/llm_dataset/plc_data/TransDF/results/meta_tune/Fredformer_Weather_336_0.1_0.9_0.001_0.001_0.1_type3_100_5_128_64_0.3_5.0_3_0.0_1_MAE_1_500_basis_pca_T_1_0_1
Fredformer,336,Weather,0.001,0.001,0.1,0.1,0.9,0.3,type3,100,5,128,64,700,1,0.0,3,5.0,MAE,1,basis,pca,T,1,0,0,0.2908945381641388,0.30974292755126953,/mnt/tidalfs-bdsz01/dataset/llm_dataset/plc_data/TransDF/results/meta_tune/Fredformer_Weather_336_0.1_0.9_0.001_0.001_0.1_type3_100_5_128_64_0.3_5.0_3_0.0_1_MAE_1_700_basis_pca_T_1_0_0
Fredformer,336,Weather,0.001,0.001,0.1,0.1,0.9,0.3,type3,100,5,128,64,700,1,0.0,3,5.0,MAE,1,basis,pca,T,1,0,1,0.277886301279068,0.2964937090873718,/mnt/tidalfs-bdsz01/dataset/llm_dataset/plc_data/TransDF/results/meta_tune/Fredformer_Weather_336_0.1_0.9_0.001_0.001_0.1_type3_100_5_128_64_0.3_5.0_3_0.0_1_MAE_1_700_basis_pca_T_1_0_1
Fredformer,336,Weather,0.001,0.001,0.1,0.2,0.8,0.1,type3,100,5,128,64,300,1,0.0,3,5.0,MAE,1,basis,pca,T,1,0,0,0.2865690290927887,0.3042147159576416,/mnt/tidalfs-bdsz01/dataset/llm_dataset/plc_data/TransDF/results/meta_tune/Fredformer_Weather_336_0.2_0.8_0.001_0.001_0.1_type3_100_5_128_64_0.1_5.0_3_0.0_1_MAE_1_300_basis_pca_T_1_0_0
Fredformer,336,Weather,0.001,0.001,0.1,0.2,0.8,0.1,type3,100,5,128,64,300,1,0.0,3,5.0,MAE,1,basis,pca,T,1,0,1,0.2786203920841217,0.29785415530204773,/mnt/tidalfs-bdsz01/dataset/llm_dataset/plc_data/TransDF/results/meta_tune/Fredformer_Weather_336_0.2_0.8_0.001_0.001_0.1_type3_100_5_128_64_0.1_5.0_3_0.0_1_MAE_1_300_basis_pca_T_1_0_1
Fredformer,336,Weather,0.001,0.001,0.1,0.2,0.8,0.1,type3,100,5,128,64,500,1,0.0,3,5.0,MAE,1,basis,pca,T,1,0,0,0.31241363286972046,0.33551928400993347,/mnt/tidalfs-bdsz01/dataset/llm_dataset/plc_data/TransDF/results/meta_tune/Fredformer_Weather_336_0.2_0.8_0.001_0.001_0.1_type3_100_5_128_64_0.1_5.0_3_0.0_1_MAE_1_500_basis_pca_T_1_0_0
Fredformer,336,Weather,0.001,0.001,0.1,0.2,0.8,0.1,type3,100,5,128,64,500,1,0.0,3,5.0,MAE,1,basis,pca,T,1,0,1,0.2788887619972229,0.2973387837409973,/mnt/tidalfs-bdsz01/dataset/llm_dataset/plc_data/TransDF/results/meta_tune/Fredformer_Weather_336_0.2_0.8_0.001_0.001_0.1_type3_100_5_128_64_0.1_5.0_3_0.0_1_MAE_1_500_basis_pca_T_1_0_1
Fredformer,336,Weather,0.001,0.001,0.1,0.2,0.8,0.1,type3,100,5,128,64,700,1,0.0,3,5.0,MAE,1,basis,pca,T,1,0,0,0.3128618597984314,0.33595389127731323,/mnt/tidalfs-bdsz01/dataset/llm_dataset/plc_data/TransDF/results/meta_tune/Fredformer_Weather_336_0.2_0.8_0.001_0.001_0.1_type3_100_5_128_64_0.1_5.0_3_0.0_1_MAE_1_700_basis_pca_T_1_0_0
Fredformer,336,Weather,0.001,0.001,0.1,0.2,0.8,0.1,type3,100,5,128,64,700,1,0.0,3,5.0,MAE,1,basis,pca,T,1,0,1,0.28205379843711853,0.29978543519973755,/mnt/tidalfs-bdsz01/dataset/llm_dataset/plc_data/TransDF/results/meta_tune/Fredformer_Weather_336_0.2_0.8_0.001_0.001_0.1_type3_100_5_128_64_0.1_5.0_3_0.0_1_MAE_1_700_basis_pca_T_1_0_1
Fredformer,336,Weather,0.001,0.001,0.1,0.2,0.8,0.3,type3,100,5,128,64,300,1,0.0,3,5.0,MAE,1,basis,pca,T,1,0,0,0.2896728813648224,0.30800673365592957,/mnt/tidalfs-bdsz01/dataset/llm_dataset/plc_data/TransDF/results/meta_tune/Fredformer_Weather_336_0.2_0.8_0.001_0.001_0.1_type3_100_5_128_64_0.3_5.0_3_0.0_1_MAE_1_300_basis_pca_T_1_0_0
Fredformer,336,Weather,0.001,0.001,0.1,0.2,0.8,0.3,type3,100,5,128,64,300,1,0.0,3,5.0,MAE,1,basis,pca,T,1,0,1,0.28106239438056946,0.2990032136440277,/mnt/tidalfs-bdsz01/dataset/llm_dataset/plc_data/TransDF/results/meta_tune/Fredformer_Weather_336_0.2_0.8_0.001_0.001_0.1_type3_100_5_128_64_0.3_5.0_3_0.0_1_MAE_1_300_basis_pca_T_1_0_1
Fredformer,336,Weather,0.001,0.001,0.1,0.2,0.8,0.3,type3,100,5,128,64,500,1,0.0,3,5.0,MAE,1,basis,pca,T,1,0,0,0.3117050528526306,0.33478882908821106,/mnt/tidalfs-bdsz01/dataset/llm_dataset/plc_data/TransDF/results/meta_tune/Fredformer_Weather_336_0.2_0.8_0.001_0.001_0.1_type3_100_5_128_64_0.3_5.0_3_0.0_1_MAE_1_500_basis_pca_T_1_0_0
Fredformer,336,Weather,0.001,0.001,0.1,0.2,0.8,0.3,type3,100,5,128,64,500,1,0.0,3,5.0,MAE,1,basis,pca,T,1,0,1,0.2793034017086029,0.2976979613304138,/mnt/tidalfs-bdsz01/dataset/llm_dataset/plc_data/TransDF/results/meta_tune/Fredformer_Weather_336_0.2_0.8_0.001_0.001_0.1_type3_100_5_128_64_0.3_5.0_3_0.0_1_MAE_1_500_basis_pca_T_1_0_1
Fredformer,336,Weather,0.001,0.001,0.1,0.2,0.8,0.3,type3,100,5,128,64,700,1,0.0,3,5.0,MAE,1,basis,pca,T,1,0,0,0.31242799758911133,0.3354943096637726,/mnt/tidalfs-bdsz01/dataset/llm_dataset/plc_data/TransDF/results/meta_tune/Fredformer_Weather_336_0.2_0.8_0.001_0.001_0.1_type3_100_5_128_64_0.3_5.0_3_0.0_1_MAE_1_700_basis_pca_T_1_0_0
Fredformer,336,Weather,0.001,0.001,0.1,0.2,0.8,0.3,type3,100,5,128,64,700,1,0.0,3,5.0,MAE,1,basis,pca,T,1,0,1,0.27906161546707153,0.29727745056152344,/mnt/tidalfs-bdsz01/dataset/llm_dataset/plc_data/TransDF/results/meta_tune/Fredformer_Weather_336_0.2_0.8_0.001_0.001_0.1_type3_100_5_128_64_0.3_5.0_3_0.0_1_MAE_1_700_basis_pca_T_1_0_1
Fredformer,336,Weather,0.001,0.001,0.1,0.5,0.5,0.1,type3,100,5,128,64,300,1,0.0,3,5.0,MAE,1,basis,pca,T,1,0,0,0.3123314380645752,0.3354364335536957,/mnt/tidalfs-bdsz01/dataset/llm_dataset/plc_data/TransDF/results/meta_tune/Fredformer_Weather_336_0.5_0.5_0.001_0.001_0.1_type3_100_5_128_64_0.1_5.0_3_0.0_1_MAE_1_300_basis_pca_T_1_0_0
Fredformer,336,Weather,0.001,0.001,0.1,0.5,0.5,0.1,type3,100,5,128,64,300,1,0.0,3,5.0,MAE,1,basis,pca,T,1,0,1,0.27939969301223755,0.29768913984298706,/mnt/tidalfs-bdsz01/dataset/llm_dataset/plc_data/TransDF/results/meta_tune/Fredformer_Weather_336_0.5_0.5_0.001_0.001_0.1_type3_100_5_128_64_0.1_5.0_3_0.0_1_MAE_1_300_basis_pca_T_1_0_1
Fredformer,336,Weather,0.001,0.001,0.1,0.5,0.5,0.1,type3,100,5,128,64,500,1,0.0,3,5.0,MAE,1,basis,pca,T,1,0,0,0.31297773122787476,0.3360133767127991,/mnt/tidalfs-bdsz01/dataset/llm_dataset/plc_data/TransDF/results/meta_tune/Fredformer_Weather_336_0.5_0.5_0.001_0.001_0.1_type3_100_5_128_64_0.1_5.0_3_0.0_1_MAE_1_500_basis_pca_T_1_0_0
Fredformer,336,Weather,0.001,0.001,0.1,0.5,0.5,0.1,type3,100,5,128,64,500,1,0.0,3,5.0,MAE,1,basis,pca,T,1,0,1,0.2808752655982971,0.29856404662132263,/mnt/tidalfs-bdsz01/dataset/llm_dataset/plc_data/TransDF/results/meta_tune/Fredformer_Weather_336_0.5_0.5_0.001_0.001_0.1_type3_100_5_128_64_0.1_5.0_3_0.0_1_MAE_1_500_basis_pca_T_1_0_1
Fredformer,336,Weather,0.001,0.001,0.1,0.5,0.5,0.1,type3,100,5,128,64,700,1,0.0,3,5.0,MAE,1,basis,pca,T,1,0,0,0.31299617886543274,0.3360472023487091,/mnt/tidalfs-bdsz01/dataset/llm_dataset/plc_data/TransDF/results/meta_tune/Fredformer_Weather_336_0.5_0.5_0.001_0.001_0.1_type3_100_5_128_64_0.1_5.0_3_0.0_1_MAE_1_700_basis_pca_T_1_0_0
Fredformer,336,Weather,0.001,0.001,0.1,0.5,0.5,0.1,type3,100,5,128,64,700,1,0.0,3,5.0,MAE,1,basis,pca,T,1,0,1,0.2809991240501404,0.29918792843818665,/mnt/tidalfs-bdsz01/dataset/llm_dataset/plc_data/TransDF/results/meta_tune/Fredformer_Weather_336_0.5_0.5_0.001_0.001_0.1_type3_100_5_128_64_0.1_5.0_3_0.0_1_MAE_1_700_basis_pca_T_1_0_1
Fredformer,336,Weather,0.001,0.001,0.1,0.5,0.5,0.3,type3,100,5,128,64,300,1,0.0,3,5.0,MAE,1,basis,pca,T,1,0,0,0.3117256760597229,0.3348151445388794,/mnt/tidalfs-bdsz01/dataset/llm_dataset/plc_data/TransDF/results/meta_tune/Fredformer_Weather_336_0.5_0.5_0.001_0.001_0.1_type3_100_5_128_64_0.3_5.0_3_0.0_1_MAE_1_300_basis_pca_T_1_0_0
Fredformer,336,Weather,0.001,0.001,0.1,0.5,0.5,0.3,type3,100,5,128,64,300,1,0.0,3,5.0,MAE,1,basis,pca,T,1,0,1,0.2800831198692322,0.2986770570278168,/mnt/tidalfs-bdsz01/dataset/llm_dataset/plc_data/TransDF/results/meta_tune/Fredformer_Weather_336_0.5_0.5_0.001_0.001_0.1_type3_100_5_128_64_0.3_5.0_3_0.0_1_MAE_1_300_basis_pca_T_1_0_1
Fredformer,336,Weather,0.001,0.001,0.1,0.5,0.5,0.3,type3,100,5,128,64,500,1,0.0,3,5.0,MAE,1,basis,pca,T,1,0,0,0.3123956620693207,0.33544018864631653,/mnt/tidalfs-bdsz01/dataset/llm_dataset/plc_data/TransDF/results/meta_tune/Fredformer_Weather_336_0.5_0.5_0.001_0.001_0.1_type3_100_5_128_64_0.3_5.0_3_0.0_1_MAE_1_500_basis_pca_T_1_0_0
Fredformer,336,Weather,0.001,0.001,0.1,0.5,0.5,0.3,type3,100,5,128,64,500,1,0.0,3,5.0,MAE,1,basis,pca,T,1,0,1,0.2827763855457306,0.29994291067123413,/mnt/tidalfs-bdsz01/dataset/llm_dataset/plc_data/TransDF/results/meta_tune/Fredformer_Weather_336_0.5_0.5_0.001_0.001_0.1_type3_100_5_128_64_0.3_5.0_3_0.0_1_MAE_1_500_basis_pca_T_1_0_1
Fredformer,336,Weather,0.001,0.001,0.1,0.5,0.5,0.3,type3,100,5,128,64,700,1,0.0,3,5.0,MAE,1,basis,pca,T,1,0,0,0.3124198913574219,0.3354538381099701,/mnt/tidalfs-bdsz01/dataset/llm_dataset/plc_data/TransDF/results/meta_tune/Fredformer_Weather_336_0.5_0.5_0.001_0.001_0.1_type3_100_5_128_64_0.3_5.0_3_0.0_1_MAE_1_700_basis_pca_T_1_0_0
Fredformer,336,Weather,0.001,0.001,0.1,0.5,0.5,0.3,type3,100,5,128,64,700,1,0.0,3,5.0,MAE,1,basis,pca,T,1,0,1,0.28052765130996704,0.29845288395881653,/mnt/tidalfs-bdsz01/dataset/llm_dataset/plc_data/TransDF/results/meta_tune/Fredformer_Weather_336_0.5_0.5_0.001_0.001_0.1_type3_100_5_128_64_0.3_5.0_3_0.0_1_MAE_1_700_basis_pca_T_1_0_1
Fredformer,720,Weather,0.001,0.001,0.1,0.1,0.9,0.1,type3,100,5,128,64,300,1,0.0,3,5.0,MAE,1,basis,pca,T,1,0,0,0.36055782437324524,0.3520008623600006,/mnt/tidalfs-bdsz01/dataset/llm_dataset/plc_data/TransDF/results/meta_tune/Fredformer_Weather_720_0.1_0.9_0.001_0.001_0.1_type3_100_5_128_64_0.1_5.0_3_0.0_1_MAE_1_300_basis_pca_T_1_0_0
Fredformer,720,Weather,0.001,0.001,0.1,0.1,0.9,0.1,type3,100,5,128,64,300,1,0.0,3,5.0,MAE,1,basis,pca,T,1,0,1,0.35607558488845825,0.3483709692955017,/mnt/tidalfs-bdsz01/dataset/llm_dataset/plc_data/TransDF/results/meta_tune/Fredformer_Weather_720_0.1_0.9_0.001_0.001_0.1_type3_100_5_128_64_0.1_5.0_3_0.0_1_MAE_1_300_basis_pca_T_1_0_1
Fredformer,720,Weather,0.001,0.001,0.1,0.1,0.9,0.1,type3,100,5,128,64,500,1,0.0,3,5.0,MAE,1,basis,pca,T,1,0,0,0.36506712436676025,0.3546646535396576,/mnt/tidalfs-bdsz01/dataset/llm_dataset/plc_data/TransDF/results/meta_tune/Fredformer_Weather_720_0.1_0.9_0.001_0.001_0.1_type3_100_5_128_64_0.1_5.0_3_0.0_1_MAE_1_500_basis_pca_T_1_0_0
Fredformer,720,Weather,0.001,0.001,0.1,0.1,0.9,0.1,type3,100,5,128,64,500,1,0.0,3,5.0,MAE,1,basis,pca,T,1,0,1,0.35635608434677124,0.3488195538520813,/mnt/tidalfs-bdsz01/dataset/llm_dataset/plc_data/TransDF/results/meta_tune/Fredformer_Weather_720_0.1_0.9_0.001_0.001_0.1_type3_100_5_128_64_0.1_5.0_3_0.0_1_MAE_1_500_basis_pca_T_1_0_1
Fredformer,720,Weather,0.001,0.001,0.1,0.1,0.9,0.1,type3,100,5,128,64,700,1,0.0,3,5.0,MAE,1,basis,pca,T,1,0,0,0.38018670678138733,0.3759058713912964,/mnt/tidalfs-bdsz01/dataset/llm_dataset/plc_data/TransDF/results/meta_tune/Fredformer_Weather_720_0.1_0.9_0.001_0.001_0.1_type3_100_5_128_64_0.1_5.0_3_0.0_1_MAE_1_700_basis_pca_T_1_0_0
Fredformer,720,Weather,0.001,0.001,0.1,0.1,0.9,0.1,type3,100,5,128,64,700,1,0.0,3,5.0,MAE,1,basis,pca,T,1,0,1,0.356498122215271,0.348757803440094,/mnt/tidalfs-bdsz01/dataset/llm_dataset/plc_data/TransDF/results/meta_tune/Fredformer_Weather_720_0.1_0.9_0.001_0.001_0.1_type3_100_5_128_64_0.1_5.0_3_0.0_1_MAE_1_700_basis_pca_T_1_0_1
Fredformer,720,Weather,0.001,0.001,0.1,0.1,0.9,0.3,type3,100,5,128,64,300,1,0.0,3,5.0,MAE,1,basis,pca,T,1,0,0,0.36027994751930237,0.35184887051582336,/mnt/tidalfs-bdsz01/dataset/llm_dataset/plc_data/TransDF/results/meta_tune/Fredformer_Weather_720_0.1_0.9_0.001_0.001_0.1_type3_100_5_128_64_0.3_5.0_3_0.0_1_MAE_1_300_basis_pca_T_1_0_0
Fredformer,720,Weather,0.001,0.001,0.1,0.1,0.9,0.3,type3,100,5,128,64,300,1,0.0,3,5.0,MAE,1,basis,pca,T,1,0,1,0.3550678491592407,0.3473113179206848,/mnt/tidalfs-bdsz01/dataset/llm_dataset/plc_data/TransDF/results/meta_tune/Fredformer_Weather_720_0.1_0.9_0.001_0.001_0.1_type3_100_5_128_64_0.3_5.0_3_0.0_1_MAE_1_300_basis_pca_T_1_0_1
Fredformer,720,Weather,0.001,0.001,0.1,0.1,0.9,0.3,type3,100,5,128,64,500,1,0.0,3,5.0,MAE,1,basis,pca,T,1,0,0,0.35801786184310913,0.3497314453125,/mnt/tidalfs-bdsz01/dataset/llm_dataset/plc_data/TransDF/results/meta_tune/Fredformer_Weather_720_0.1_0.9_0.001_0.001_0.1_type3_100_5_128_64_0.3_5.0_3_0.0_1_MAE_1_500_basis_pca_T_1_0_0
Fredformer,720,Weather,0.001,0.001,0.1,0.1,0.9,0.3,type3,100,5,128,64,500,1,0.0,3,5.0,MAE,1,basis,pca,T,1,0,1,0.3561643958091736,0.3475465178489685,/mnt/tidalfs-bdsz01/dataset/llm_dataset/plc_data/TransDF/results/meta_tune/Fredformer_Weather_720_0.1_0.9_0.001_0.001_0.1_type3_100_5_128_64_0.3_5.0_3_0.0_1_MAE_1_500_basis_pca_T_1_0_1
Fredformer,720,Weather,0.001,0.001,0.1,0.1,0.9,0.3,type3,100,5,128,64,700,1,0.0,3,5.0,MAE,1,basis,pca,T,1,0,0,0.3703227937221527,0.36602768301963806,/mnt/tidalfs-bdsz01/dataset/llm_dataset/plc_data/TransDF/results/meta_tune/Fredformer_Weather_720_0.1_0.9_0.001_0.001_0.1_type3_100_5_128_64_0.3_5.0_3_0.0_1_MAE_1_700_basis_pca_T_1_0_0
Fredformer,720,Weather,0.001,0.001,0.1,0.1,0.9,0.3,type3,100,5,128,64,700,1,0.0,3,5.0,MAE,1,basis,pca,T,1,0,1,0.3565913438796997,0.34808608889579773,/mnt/tidalfs-bdsz01/dataset/llm_dataset/plc_data/TransDF/results/meta_tune/Fredformer_Weather_720_0.1_0.9_0.001_0.001_0.1_type3_100_5_128_64_0.3_5.0_3_0.0_1_MAE_1_700_basis_pca_T_1_0_1
Fredformer,720,Weather,0.001,0.001,0.1,0.2,0.8,0.1,type3,100,5,128,64,300,1,0.0,3,5.0,MAE,1,basis,pca,T,1,0,0,0.36557406187057495,0.3555128574371338,/mnt/tidalfs-bdsz01/dataset/llm_dataset/plc_data/TransDF/results/meta_tune/Fredformer_Weather_720_0.2_0.8_0.001_0.001_0.1_type3_100_5_128_64_0.1_5.0_3_0.0_1_MAE_1_300_basis_pca_T_1_0_0
Fredformer,720,Weather,0.001,0.001,0.1,0.2,0.8,0.1,type3,100,5,128,64,300,1,0.0,3,5.0,MAE,1,basis,pca,T,1,0,1,0.3539845943450928,0.3470090925693512,/mnt/tidalfs-bdsz01/dataset/llm_dataset/plc_data/TransDF/results/meta_tune/Fredformer_Weather_720_0.2_0.8_0.001_0.001_0.1_type3_100_5_128_64_0.1_5.0_3_0.0_1_MAE_1_300_basis_pca_T_1_0_1
Fredformer,720,Weather,0.001,0.001,0.1,0.2,0.8,0.1,type3,100,5,128,64,500,1,0.0,3,5.0,MAE,1,basis,pca,T,1,0,0,0.38056519627571106,0.3762096166610718,/mnt/tidalfs-bdsz01/dataset/llm_dataset/plc_data/TransDF/results/meta_tune/Fredformer_Weather_720_0.2_0.8_0.001_0.001_0.1_type3_100_5_128_64_0.1_5.0_3_0.0_1_MAE_1_500_basis_pca_T_1_0_0
Fredformer,720,Weather,0.001,0.001,0.1,0.2,0.8,0.1,type3,100,5,128,64,500,1,0.0,3,5.0,MAE,1,basis,pca,T,1,0,1,0.35716909170150757,0.3492336571216583,/mnt/tidalfs-bdsz01/dataset/llm_dataset/plc_data/TransDF/results/meta_tune/Fredformer_Weather_720_0.2_0.8_0.001_0.001_0.1_type3_100_5_128_64_0.1_5.0_3_0.0_1_MAE_1_500_basis_pca_T_1_0_1
Fredformer,720,Weather,0.001,0.001,0.1,0.2,0.8,0.1,type3,100,5,128,64,700,1,0.0,3,5.0,MAE,1,basis,pca,T,1,0,0,0.38068142533302307,0.37630537152290344,/mnt/tidalfs-bdsz01/dataset/llm_dataset/plc_data/TransDF/results/meta_tune/Fredformer_Weather_720_0.2_0.8_0.001_0.001_0.1_type3_100_5_128_64_0.1_5.0_3_0.0_1_MAE_1_700_basis_pca_T_1_0_0
Fredformer,720,Weather,0.001,0.001,0.1,0.2,0.8,0.1,type3,100,5,128,64,700,1,0.0,3,5.0,MAE,1,basis,pca,T,1,0,1,0.3553622364997864,0.34809789061546326,/mnt/tidalfs-bdsz01/dataset/llm_dataset/plc_data/TransDF/results/meta_tune/Fredformer_Weather_720_0.2_0.8_0.001_0.001_0.1_type3_100_5_128_64_0.1_5.0_3_0.0_1_MAE_1_700_basis_pca_T_1_0_1
Fredformer,720,Weather,0.001,0.001,0.1,0.2,0.8,0.3,type3,100,5,128,64,300,1,0.0,3,5.0,MAE,1,basis,pca,T,1,0,0,0.3586452603340149,0.34914830327033997,/mnt/tidalfs-bdsz01/dataset/llm_dataset/plc_data/TransDF/results/meta_tune/Fredformer_Weather_720_0.2_0.8_0.001_0.001_0.1_type3_100_5_128_64_0.3_5.0_3_0.0_1_MAE_1_300_basis_pca_T_1_0_0
Fredformer,720,Weather,0.001,0.001,0.1,0.2,0.8,0.3,type3,100,5,128,64,300,1,0.0,3,5.0,MAE,1,basis,pca,T,1,0,1,0.3559219241142273,0.348245233297348,/mnt/tidalfs-bdsz01/dataset/llm_dataset/plc_data/TransDF/results/meta_tune/Fredformer_Weather_720_0.2_0.8_0.001_0.001_0.1_type3_100_5_128_64_0.3_5.0_3_0.0_1_MAE_1_300_basis_pca_T_1_0_1
Fredformer,720,Weather,0.001,0.001,0.1,0.2,0.8,0.3,type3,100,5,128,64,500,1,0.0,3,5.0,MAE,1,basis,pca,T,1,0,0,0.38059061765670776,0.37627682089805603,/mnt/tidalfs-bdsz01/dataset/llm_dataset/plc_data/TransDF/results/meta_tune/Fredformer_Weather_720_0.2_0.8_0.001_0.001_0.1_type3_100_5_128_64_0.3_5.0_3_0.0_1_MAE_1_500_basis_pca_T_1_0_0
Fredformer,720,Weather,0.001,0.001,0.1,0.2,0.8,0.3,type3,100,5,128,64,500,1,0.0,3,5.0,MAE,1,basis,pca,T,1,0,1,0.35496827960014343,0.3474040925502777,/mnt/tidalfs-bdsz01/dataset/llm_dataset/plc_data/TransDF/results/meta_tune/Fredformer_Weather_720_0.2_0.8_0.001_0.001_0.1_type3_100_5_128_64_0.3_5.0_3_0.0_1_MAE_1_500_basis_pca_T_1_0_1
Fredformer,720,Weather,0.001,0.001,0.1,0.2,0.8,0.3,type3,100,5,128,64,700,1,0.0,3,5.0,MAE,1,basis,pca,T,1,0,0,0.38083919882774353,0.3764665722846985,/mnt/tidalfs-bdsz01/dataset/llm_dataset/plc_data/TransDF/results/meta_tune/Fredformer_Weather_720_0.2_0.8_0.001_0.001_0.1_type3_100_5_128_64_0.3_5.0_3_0.0_1_MAE_1_700_basis_pca_T_1_0_0
Fredformer,720,Weather,0.001,0.001,0.1,0.2,0.8,0.3,type3,100,5,128,64,700,1,0.0,3,5.0,MAE,1,basis,pca,T,1,0,1,0.3558492064476013,0.3484630584716797,/mnt/tidalfs-bdsz01/dataset/llm_dataset/plc_data/TransDF/results/meta_tune/Fredformer_Weather_720_0.2_0.8_0.001_0.001_0.1_type3_100_5_128_64_0.3_5.0_3_0.0_1_MAE_1_700_basis_pca_T_1_0_1
Fredformer,720,Weather,0.001,0.001,0.1,0.5,0.5,0.1,type3,100,5,128,64,300,1,0.0,3,5.0,MAE,1,basis,pca,T,1,0,0,0.3800649642944336,0.37574532628059387,/mnt/tidalfs-bdsz01/dataset/llm_dataset/plc_data/TransDF/results/meta_tune/Fredformer_Weather_720_0.5_0.5_0.001_0.001_0.1_type3_100_5_128_64_0.1_5.0_3_0.0_1_MAE_1_300_basis_pca_T_1_0_0
Fredformer,720,Weather,0.001,0.001,0.1,0.5,0.5,0.1,type3,100,5,128,64,300,1,0.0,3,5.0,MAE,1,basis,pca,T,1,0,1,0.3556816875934601,0.3477458357810974,/mnt/tidalfs-bdsz01/dataset/llm_dataset/plc_data/TransDF/results/meta_tune/Fredformer_Weather_720_0.5_0.5_0.001_0.001_0.1_type3_100_5_128_64_0.1_5.0_3_0.0_1_MAE_1_300_basis_pca_T_1_0_1
Fredformer,720,Weather,0.001,0.001,0.1,0.5,0.5,0.1,type3,100,5,128,64,500,1,0.0,3,5.0,MAE,1,basis,pca,T,1,0,0,0.38046491146087646,0.3760901391506195,/mnt/tidalfs-bdsz01/dataset/llm_dataset/plc_data/TransDF/results/meta_tune/Fredformer_Weather_720_0.5_0.5_0.001_0.001_0.1_type3_100_5_128_64_0.1_5.0_3_0.0_1_MAE_1_500_basis_pca_T_1_0_0
Fredformer,720,Weather,0.001,0.001,0.1,0.5,0.5,0.1,type3,100,5,128,64,500,1,0.0,3,5.0,MAE,1,basis,pca,T,1,0,1,0.35641708970069885,0.3489711880683899,/mnt/tidalfs-bdsz01/dataset/llm_dataset/plc_data/TransDF/results/meta_tune/Fredformer_Weather_720_0.5_0.5_0.001_0.001_0.1_type3_100_5_128_64_0.1_5.0_3_0.0_1_MAE_1_500_basis_pca_T_1_0_1
Fredformer,720,Weather,0.001,0.001,0.1,0.5,0.5,0.1,type3,100,5,128,64,700,1,0.0,3,5.0,MAE,1,basis,pca,T,1,0,0,0.3805729150772095,0.37617573142051697,/mnt/tidalfs-bdsz01/dataset/llm_dataset/plc_data/TransDF/results/meta_tune/Fredformer_Weather_720_0.5_0.5_0.001_0.001_0.1_type3_100_5_128_64_0.1_5.0_3_0.0_1_MAE_1_700_basis_pca_T_1_0_0
Fredformer,720,Weather,0.001,0.001,0.1,0.5,0.5,0.1,type3,100,5,128,64,700,1,0.0,3,5.0,MAE,1,basis,pca,T,1,0,1,0.35756590962409973,0.3493552803993225,/mnt/tidalfs-bdsz01/dataset/llm_dataset/plc_data/TransDF/results/meta_tune/Fredformer_Weather_720_0.5_0.5_0.001_0.001_0.1_type3_100_5_128_64_0.1_5.0_3_0.0_1_MAE_1_700_basis_pca_T_1_0_1
Fredformer,720,Weather,0.001,0.001,0.1,0.5,0.5,0.3,type3,100,5,128,64,300,1,0.0,3,5.0,MAE,1,basis,pca,T,1,0,0,0.3802320659160614,0.37592455744743347,/mnt/tidalfs-bdsz01/dataset/llm_dataset/plc_data/TransDF/results/meta_tune/Fredformer_Weather_720_0.5_0.5_0.001_0.001_0.1_type3_100_5_128_64_0.3_5.0_3_0.0_1_MAE_1_300_basis_pca_T_1_0_0
Fredformer,720,Weather,0.001,0.001,0.1,0.5,0.5,0.3,type3,100,5,128,64,300,1,0.0,3,5.0,MAE,1,basis,pca,T,1,0,1,0.35751885175704956,0.3494073152542114,/mnt/tidalfs-bdsz01/dataset/llm_dataset/plc_data/TransDF/results/meta_tune/Fredformer_Weather_720_0.5_0.5_0.001_0.001_0.1_type3_100_5_128_64_0.3_5.0_3_0.0_1_MAE_1_300_basis_pca_T_1_0_1
Fredformer,720,Weather,0.001,0.001,0.1,0.5,0.5,0.3,type3,100,5,128,64,500,1,0.0,3,5.0,MAE,1,basis,pca,T,1,0,0,0.38058793544769287,0.37624382972717285,/mnt/tidalfs-bdsz01/dataset/llm_dataset/plc_data/TransDF/results/meta_tune/Fredformer_Weather_720_0.5_0.5_0.001_0.001_0.1_type3_100_5_128_64_0.3_5.0_3_0.0_1_MAE_1_500_basis_pca_T_1_0_0
Fredformer,720,Weather,0.001,0.001,0.1,0.5,0.5,0.3,type3,100,5,128,64,500,1,0.0,3,5.0,MAE,1,basis,pca,T,1,0,1,0.35740742087364197,0.3489654064178467,/mnt/tidalfs-bdsz01/dataset/llm_dataset/plc_data/TransDF/results/meta_tune/Fredformer_Weather_720_0.5_0.5_0.001_0.001_0.1_type3_100_5_128_64_0.3_5.0_3_0.0_1_MAE_1_500_basis_pca_T_1_0_1
Fredformer,720,Weather,0.001,0.001,0.1,0.5,0.5,0.3,type3,100,5,128,64,700,1,0.0,3,5.0,MAE,1,basis,pca,T,1,0,0,0.3806838393211365,0.37633493542671204,/mnt/tidalfs-bdsz01/dataset/llm_dataset/plc_data/TransDF/results/meta_tune/Fredformer_Weather_720_0.5_0.5_0.001_0.001_0.1_type3_100_5_128_64_0.3_5.0_3_0.0_1_MAE_1_700_basis_pca_T_1_0_0
Fredformer,720,Weather,0.001,0.001,0.1,0.5,0.5,0.3,type3,100,5,128,64,700,1,0.0,3,5.0,MAE,1,basis,pca,T,1,0,1,0.3586158752441406,0.3498696982860565,/mnt/tidalfs-bdsz01/dataset/llm_dataset/plc_data/TransDF/results/meta_tune/Fredformer_Weather_720_0.5_0.5_0.001_0.001_0.1_type3_100_5_128_64_0.3_5.0_3_0.0_1_MAE_1_700_basis_pca_T_1_0_1
